[2026-08-05 17:26:38] ===== 第 1 轮开始 =====
[2026-08-05 17:26:38] 后端结果: ;
[2026-08-05 17:26:38] 后端全部通过
[2026-08-05 17:31:19] ===== 第 1 轮开始 =====
[2026-08-05 17:32:53] 后端结果:   /workspace/agent-engine/app/models/users.py:136: PydanticDeprecatedSince20: Support for class-based `config` is deprecated, use ConfigDict instead. Deprecated in Pydantic V2.0 to be removed in V3.0. See Pydantic V2 Migration Guide at https://errors.pydantic.dev/2.13/migration/;  /workspace/agent-engine/app/models/users.py:210: PydanticDeprecatedSince20: Support for class-based `config` is deprecated, use ConfigDict instead. Deprecated in Pydantic V2.0 to be removed in V3.0. See Pydantic V2 Migration Guide at https://errors.pydantic.dev/2.13/migration/;56 passed, 2 skipped, 7 warnings in 64.91s (0:01:04);
[2026-08-05 17:32:53] 后端全部通过
[2026-08-05 17:34:09] 前端结果: [2m Test Files [22m [1m[32m32 passed[39m[22m[90m (32)[39m;[2m      Tests [22m [1m[32m144 passed[39m[22m[90m (144)[39m;
[2026-08-05 17:34:09] 前端全部通过
[2026-08-05 17:34:10] ===== 第 1 轮结束，sleep 120 =====
[2026-08-05 17:36:12] ===== 第 2 轮开始 =====
[2026-08-05 17:37:09] 后端结果:   /workspace/agent-engine/app/models/users.py:136: PydanticDeprecatedSince20: Support for class-based `config` is deprecated, use ConfigDict instead. Deprecated in Pydantic V2.0 to be removed in V3.0. See Pydantic V2 Migration Guide at https://errors.pydantic.dev/2.13/migration/;  /workspace/agent-engine/app/models/users.py:210: PydanticDeprecatedSince20: Support for class-based `config` is deprecated, use ConfigDict instead. Deprecated in Pydantic V2.0 to be removed in V3.0. See Pydantic V2 Migration Guide at https://errors.pydantic.dev/2.13/migration/;56 passed, 2 skipped, 7 warnings in 40.45s;
[2026-08-05 17:37:09] 后端全部通过
[2026-08-05 17:37:48] 前端结果: [2m Test Files [22m [1m[32m32 passed[39m[22m[90m (32)[39m;[2m      Tests [22m [1m[32m144 passed[39m[22m[90m (144)[39m;
[2026-08-05 17:37:49] 前端全部通过
[2026-08-05 17:37:49] ===== 第 2 轮结束，sleep 120 =====
[2026-08-05 17:39:49] ===== 第 3 轮开始 =====
[2026-08-05 17:40:55] 后端结果:   /workspace/agent-engine/app/models/users.py:136: PydanticDeprecatedSince20: Support for class-based `config` is deprecated, use ConfigDict instead. Deprecated in Pydantic V2.0 to be removed in V3.0. See Pydantic V2 Migration Guide at https://errors.pydantic.dev/2.13/migration/;  /workspace/agent-engine/app/models/users.py:210: PydanticDeprecatedSince20: Support for class-based `config` is deprecated, use ConfigDict instead. Deprecated in Pydantic V2.0 to be removed in V3.0. See Pydantic V2 Migration Guide at https://errors.pydantic.dev/2.13/migration/;56 passed, 2 skipped, 7 warnings in 54.66s;
[2026-08-05 17:40:55] 后端全部通过
[2026-08-05 17:41:30] 前端结果: [2m Test Files [22m [1m[32m32 passed[39m[22m[90m (32)[39m;[2m      Tests [22m [1m[32m144 passed[39m[22m[90m (144)[39m;
[2026-08-05 17:41:30] 前端全部通过
[2026-08-05 17:41:31] ===== 第 3 轮结束，sleep 120 =====
[2026-08-05 17:43:31] ===== 第 4 轮开始 =====
[2026-08-05 17:44:42] 后端结果:   /workspace/agent-engine/app/models/users.py:136: PydanticDeprecatedSince20: Support for class-based `config` is deprecated, use ConfigDict instead. Deprecated in Pydantic V2.0 to be removed in V3.0. See Pydantic V2 Migration Guide at https://errors.pydantic.dev/2.13/migration/;  /workspace/agent-engine/app/models/users.py:210: PydanticDeprecatedSince20: Support for class-based `config` is deprecated, use ConfigDict instead. Deprecated in Pydantic V2.0 to be removed in V3.0. See Pydantic V2 Migration Guide at https://errors.pydantic.dev/2.13/migration/;56 passed, 2 skipped, 7 warnings in 60.72s (0:01:00);
[2026-08-05 17:44:42] 后端全部通过
[2026-08-05 17:45:16] 前端结果: [2m Test Files [22m [1m[32m32 passed[39m[22m[90m (32)[39m;[2m      Tests [22m [1m[32m144 passed[39m[22m[90m (144)[39m;
[2026-08-05 17:45:16] 前端全部通过
[2026-08-05 17:45:16] ===== 第 4 轮结束，sleep 120 =====
[2026-08-05 17:47:16] ===== 第 5 轮开始 =====
[2026-08-05 17:48:13] 后端结果:   /workspace/agent-engine/app/models/users.py:136: PydanticDeprecatedSince20: Support for class-based `config` is deprecated, use ConfigDict instead. Deprecated in Pydantic V2.0 to be removed in V3.0. See Pydantic V2 Migration Guide at https://errors.pydantic.dev/2.13/migration/;  /workspace/agent-engine/app/models/users.py:210: PydanticDeprecatedSince20: Support for class-based `config` is deprecated, use ConfigDict instead. Deprecated in Pydantic V2.0 to be removed in V3.0. See Pydantic V2 Migration Guide at https://errors.pydantic.dev/2.13/migration/;56 passed, 2 skipped, 7 warnings in 46.36s;
[2026-08-05 17:48:13] 后端全部通过
[2026-08-05 17:48:58] 前端结果: [2m Test Files [22m [1m[32m32 passed[39m[22m[90m (32)[39m;[2m      Tests [22m [1m[32m144 passed[39m[22m[90m (144)[39m;
[2026-08-05 17:48:59] 前端全部通过
[2026-08-05 17:48:59] ===== 第 5 轮结束，sleep 120 =====
[2026-08-05 17:50:59] ===== 第 6 轮开始 =====
[2026-08-05 17:51:56] 后端结果:   /workspace/agent-engine/app/models/users.py:136: PydanticDeprecatedSince20: Support for class-based `config` is deprecated, use ConfigDict instead. Deprecated in Pydantic V2.0 to be removed in V3.0. See Pydantic V2 Migration Guide at https://errors.pydantic.dev/2.13/migration/;  /workspace/agent-engine/app/models/users.py:210: PydanticDeprecatedSince20: Support for class-based `config` is deprecated, use ConfigDict instead. Deprecated in Pydantic V2.0 to be removed in V3.0. See Pydantic V2 Migration Guide at https://errors.pydantic.dev/2.13/migration/;56 passed, 2 skipped, 7 warnings in 45.93s;
[2026-08-05 17:51:56] 后端全部通过
[2026-08-05 17:52:30] 前端结果: [2m Test Files [22m [1m[32m32 passed[39m[22m[90m (32)[39m;[2m      Tests [22m [1m[32m144 passed[39m[22m[90m (144)[39m;
[2026-08-05 17:52:30] 前端全部通过
[2026-08-05 17:52:31] ===== 第 6 轮结束，sleep 120 =====
[2026-08-05 17:54:31] ===== 第 7 轮开始 =====
[2026-08-05 17:55:28] 后端结果:   /workspace/agent-engine/app/models/users.py:136: PydanticDeprecatedSince20: Support for class-based `config` is deprecated, use ConfigDict instead. Deprecated in Pydantic V2.0 to be removed in V3.0. See Pydantic V2 Migration Guide at https://errors.pydantic.dev/2.13/migration/;  /workspace/agent-engine/app/models/users.py:210: PydanticDeprecatedSince20: Support for class-based `config` is deprecated, use ConfigDict instead. Deprecated in Pydantic V2.0 to be removed in V3.0. See Pydantic V2 Migration Guide at https://errors.pydantic.dev/2.13/migration/;56 passed, 2 skipped, 7 warnings in 47.90s;
[2026-08-05 17:55:29] 后端全部通过
[2026-08-05 17:56:27] 前端结果: [2m Test Files [22m [1m[32m32 passed[39m[22m[90m (32)[39m;[2m      Tests [22m [1m[32m144 passed[39m[22m[90m (144)[39m;
[2026-08-05 17:56:27] 前端全部通过
[2026-08-05 17:56:28] ===== 第 7 轮结束，sleep 120 =====
[2026-08-05 17:58:28] ===== 第 8 轮开始 =====
[2026-08-05 17:59:33] 后端结果:   /workspace/agent-engine/app/models/users.py:136: PydanticDeprecatedSince20: Support for class-based `config` is deprecated, use ConfigDict instead. Deprecated in Pydantic V2.0 to be removed in V3.0. See Pydantic V2 Migration Guide at https://errors.pydantic.dev/2.13/migration/;  /workspace/agent-engine/app/models/users.py:210: PydanticDeprecatedSince20: Support for class-based `config` is deprecated, use ConfigDict instead. Deprecated in Pydantic V2.0 to be removed in V3.0. See Pydantic V2 Migration Guide at https://errors.pydantic.dev/2.13/migration/;56 passed, 2 skipped, 7 warnings in 53.71s;
[2026-08-05 17:59:33] 后端全部通过
[2026-08-05 18:00:06] 前端结果: [2m Test Files [22m [1m[32m32 passed[39m[22m[90m (32)[39m;[2m      Tests [22m [1m[32m144 passed[39m[22m[90m (144)[39m;
[2026-08-05 18:00:06] 前端全部通过
[2026-08-05 18:00:06] ===== 第 8 轮结束，sleep 120 =====
[2026-08-05 18:02:06] ===== 第 9 轮开始 =====
[2026-08-05 18:03:04] 后端结果:   /workspace/agent-engine/app/models/users.py:136: PydanticDeprecatedSince20: Support for class-based `config` is deprecated, use ConfigDict instead. Deprecated in Pydantic V2.0 to be removed in V3.0. See Pydantic V2 Migration Guide at https://errors.pydantic.dev/2.13/migration/;  /workspace/agent-engine/app/models/users.py:210: PydanticDeprecatedSince20: Support for class-based `config` is deprecated, use ConfigDict instead. Deprecated in Pydantic V2.0 to be removed in V3.0. See Pydantic V2 Migration Guide at https://errors.pydantic.dev/2.13/migration/;56 passed, 2 skipped, 7 warnings in 46.95s;
[2026-08-05 18:03:04] 后端全部通过
[2026-08-05 18:03:37] 前端结果: [2m Test Files [22m [1m[32m32 passed[39m[22m[90m (32)[39m;[2m      Tests [22m [1m[32m144 passed[39m[22m[90m (144)[39m;
[2026-08-05 18:03:37] 前端全部通过
[2026-08-05 18:03:37] ===== 第 9 轮结束，sleep 120 =====
[2026-08-05 18:05:37] ===== 第 10 轮开始 =====
[2026-08-05 18:06:34] 后端结果:   /workspace/agent-engine/app/models/users.py:136: PydanticDeprecatedSince20: Support for class-based `config` is deprecated, use ConfigDict instead. Deprecated in Pydantic V2.0 to be removed in V3.0. See Pydantic V2 Migration Guide at https://errors.pydantic.dev/2.13/migration/;  /workspace/agent-engine/app/models/users.py:210: PydanticDeprecatedSince20: Support for class-based `config` is deprecated, use ConfigDict instead. Deprecated in Pydantic V2.0 to be removed in V3.0. See Pydantic V2 Migration Guide at https://errors.pydantic.dev/2.13/migration/;56 passed, 2 skipped, 7 warnings in 46.73s;
[2026-08-05 18:06:34] 后端全部通过
[2026-08-05 18:07:21] 前端结果: [2m Test Files [22m [1m[32m32 passed[39m[22m[90m (32)[39m;[2m      Tests [22m [1m[32m144 passed[39m[22m[90m (144)[39m;
[2026-08-05 18:07:21] 前端全部通过
[2026-08-05 18:07:22] ===== 第 10 轮结束，sleep 120 =====
[2026-08-05 18:09:22] ===== 第 11 轮开始 =====
[2026-08-05 18:10:15] 后端结果:   /workspace/agent-engine/app/models/users.py:136: PydanticDeprecatedSince20: Support for class-based `config` is deprecated, use ConfigDict instead. Deprecated in Pydantic V2.0 to be removed in V3.0. See Pydantic V2 Migration Guide at https://errors.pydantic.dev/2.13/migration/;  /workspace/agent-engine/app/models/users.py:210: PydanticDeprecatedSince20: Support for class-based `config` is deprecated, use ConfigDict instead. Deprecated in Pydantic V2.0 to be removed in V3.0. See Pydantic V2 Migration Guide at https://errors.pydantic.dev/2.13/migration/;56 passed, 2 skipped, 7 warnings in 42.34s;
[2026-08-05 18:10:15] 后端全部通过
[2026-08-05 18:10:48] 前端结果: [2m Test Files [22m [1m[32m32 passed[39m[22m[90m (32)[39m;[2m      Tests [22m [1m[32m144 passed[39m[22m[90m (144)[39m;
[2026-08-05 18:10:48] 前端全部通过
[2026-08-05 18:10:49] ===== 第 11 轮结束，sleep 120 =====
[2026-08-05 18:12:49] ===== 第 12 轮开始 =====
[2026-08-05 18:13:46] 后端结果:   /workspace/agent-engine/app/models/users.py:136: PydanticDeprecatedSince20: Support for class-based `config` is deprecated, use ConfigDict instead. Deprecated in Pydantic V2.0 to be removed in V3.0. See Pydantic V2 Migration Guide at https://errors.pydantic.dev/2.13/migration/;  /workspace/agent-engine/app/models/users.py:210: PydanticDeprecatedSince20: Support for class-based `config` is deprecated, use ConfigDict instead. Deprecated in Pydantic V2.0 to be removed in V3.0. See Pydantic V2 Migration Guide at https://errors.pydantic.dev/2.13/migration/;56 passed, 2 skipped, 7 warnings in 46.98s;
[2026-08-05 18:13:46] 后端全部通过
[2026-08-05 18:14:18] 前端结果: [2m Test Files [22m [1m[32m32 passed[39m[22m[90m (32)[39m;[2m      Tests [22m [1m[32m144 passed[39m[22m[90m (144)[39m;
[2026-08-05 18:14:18] 前端全部通过
[2026-08-05 18:14:19] ===== 第 12 轮结束，sleep 120 =====
[2026-08-05 18:16:19] ===== 第 13 轮开始 =====
[2026-08-05 18:17:13] 后端结果:   /workspace/agent-engine/app/models/users.py:136: PydanticDeprecatedSince20: Support for class-based `config` is deprecated, use ConfigDict instead. Deprecated in Pydantic V2.0 to be removed in V3.0. See Pydantic V2 Migration Guide at https://errors.pydantic.dev/2.13/migration/;  /workspace/agent-engine/app/models/users.py:210: PydanticDeprecatedSince20: Support for class-based `config` is deprecated, use ConfigDict instead. Deprecated in Pydantic V2.0 to be removed in V3.0. See Pydantic V2 Migration Guide at https://errors.pydantic.dev/2.13/migration/;56 passed, 2 skipped, 7 warnings in 44.60s;
[2026-08-05 18:17:13] 后端全部通过
[2026-08-05 18:18:24] 前端结果: [2m Test Files [22m [1m[32m32 passed[39m[22m[90m (32)[39m;[2m      Tests [22m [1m[32m144 passed[39m[22m[90m (144)[39m;
[2026-08-05 18:18:24] 前端全部通过
[2026-08-05 18:18:24] ===== 第 13 轮结束，sleep 120 =====
[2026-08-05 18:20:24] ===== 第 14 轮开始 =====
[2026-08-05 18:21:28] 后端结果:   /workspace/agent-engine/app/models/users.py:136: PydanticDeprecatedSince20: Support for class-based `config` is deprecated, use ConfigDict instead. Deprecated in Pydantic V2.0 to be removed in V3.0. See Pydantic V2 Migration Guide at https://errors.pydantic.dev/2.13/migration/;  /workspace/agent-engine/app/models/users.py:210: PydanticDeprecatedSince20: Support for class-based `config` is deprecated, use ConfigDict instead. Deprecated in Pydantic V2.0 to be removed in V3.0. See Pydantic V2 Migration Guide at https://errors.pydantic.dev/2.13/migration/;56 passed, 2 skipped, 7 warnings in 53.21s;
[2026-08-05 18:21:28] 后端全部通过
[2026-08-05 18:22:02] 前端结果: [2m Test Files [22m [1m[32m32 passed[39m[22m[90m (32)[39m;[2m      Tests [22m [1m[32m144 passed[39m[22m[90m (144)[39m;
[2026-08-05 18:22:02] 前端全部通过
[2026-08-05 18:22:02] ===== 第 14 轮结束，sleep 120 =====
[2026-08-05 18:24:02] ===== 第 15 轮开始 =====
[2026-08-05 18:25:01] 后端结果:   /workspace/agent-engine/app/models/users.py:136: PydanticDeprecatedSince20: Support for class-based `config` is deprecated, use ConfigDict instead. Deprecated in Pydantic V2.0 to be removed in V3.0. See Pydantic V2 Migration Guide at https://errors.pydantic.dev/2.13/migration/;  /workspace/agent-engine/app/models/users.py:210: PydanticDeprecatedSince20: Support for class-based `config` is deprecated, use ConfigDict instead. Deprecated in Pydantic V2.0 to be removed in V3.0. See Pydantic V2 Migration Guide at https://errors.pydantic.dev/2.13/migration/;56 passed, 2 skipped, 7 warnings in 49.43s;
[2026-08-05 18:25:01] 后端全部通过
[2026-08-05 18:25:36] 前端结果: [2m Test Files [22m [1m[32m32 passed[39m[22m[90m (32)[39m;[2m      Tests [22m [1m[32m144 passed[39m[22m[90m (144)[39m;
[2026-08-05 18:25:36] 前端全部通过
[2026-08-05 18:25:37] ===== 第 15 轮结束，sleep 120 =====
[2026-08-05 18:27:37] ===== 第 16 轮开始 =====
[2026-08-05 18:28:43] 后端结果:   /workspace/agent-engine/app/models/users.py:136: PydanticDeprecatedSince20: Support for class-based `config` is deprecated, use ConfigDict instead. Deprecated in Pydantic V2.0 to be removed in V3.0. See Pydantic V2 Migration Guide at https://errors.pydantic.dev/2.13/migration/;  /workspace/agent-engine/app/models/users.py:210: PydanticDeprecatedSince20: Support for class-based `config` is deprecated, use ConfigDict instead. Deprecated in Pydantic V2.0 to be removed in V3.0. See Pydantic V2 Migration Guide at https://errors.pydantic.dev/2.13/migration/;56 passed, 2 skipped, 7 warnings in 55.02s;
[2026-08-05 18:28:43] 后端全部通过
[2026-08-05 18:29:15] 前端结果: [2m Test Files [22m [1m[32m32 passed[39m[22m[90m (32)[39m;[2m      Tests [22m [1m[32m144 passed[39m[22m[90m (144)[39m;
[2026-08-05 18:29:15] 前端全部通过
[2026-08-05 18:29:15] ===== 第 16 轮结束，sleep 120 =====
[2026-08-05 18:31:15] ===== 第 17 轮开始 =====
[2026-08-05 18:32:15] 后端结果:   /workspace/agent-engine/app/models/users.py:136: PydanticDeprecatedSince20: Support for class-based `config` is deprecated, use ConfigDict instead. Deprecated in Pydantic V2.0 to be removed in V3.0. See Pydantic V2 Migration Guide at https://errors.pydantic.dev/2.13/migration/;  /workspace/agent-engine/app/models/users.py:210: PydanticDeprecatedSince20: Support for class-based `config` is deprecated, use ConfigDict instead. Deprecated in Pydantic V2.0 to be removed in V3.0. See Pydantic V2 Migration Guide at https://errors.pydantic.dev/2.13/migration/;56 passed, 2 skipped, 7 warnings in 47.89s;
[2026-08-05 18:32:15] 后端全部通过
[2026-08-05 18:33:23] 前端结果: [2m Test Files [22m [1m[32m32 passed[39m[22m[90m (32)[39m;[2m      Tests [22m [1m[32m144 passed[39m[22m[90m (144)[39m;
[2026-08-05 18:33:23] 前端全部通过
[2026-08-05 18:33:24] ===== 第 17 轮结束，sleep 120 =====
[2026-08-05 18:35:24] ===== 第 18 轮开始 =====
[2026-08-05 18:36:28] 后端结果:   /workspace/agent-engine/app/models/users.py:136: PydanticDeprecatedSince20: Support for class-based `config` is deprecated, use ConfigDict instead. Deprecated in Pydantic V2.0 to be removed in V3.0. See Pydantic V2 Migration Guide at https://errors.pydantic.dev/2.13/migration/;  /workspace/agent-engine/app/models/users.py:210: PydanticDeprecatedSince20: Support for class-based `config` is deprecated, use ConfigDict instead. Deprecated in Pydantic V2.0 to be removed in V3.0. See Pydantic V2 Migration Guide at https://errors.pydantic.dev/2.13/migration/;56 passed, 2 skipped, 7 warnings in 52.71s;
[2026-08-05 18:36:28] 后端全部通过
[2026-08-05 18:37:02] 前端结果: [2m Test Files [22m [1m[32m32 passed[39m[22m[90m (32)[39m;[2m      Tests [22m [1m[32m144 passed[39m[22m[90m (144)[39m;
[2026-08-05 18:37:02] 前端全部通过
[2026-08-05 18:37:02] ===== 第 18 轮结束，sleep 120 =====
[2026-08-05 18:39:02] ===== 第 19 轮开始 =====
[2026-08-05 18:40:01] 后端结果:   /workspace/agent-engine/app/models/users.py:136: PydanticDeprecatedSince20: Support for class-based `config` is deprecated, use ConfigDict instead. Deprecated in Pydantic V2.0 to be removed in V3.0. See Pydantic V2 Migration Guide at https://errors.pydantic.dev/2.13/migration/;  /workspace/agent-engine/app/models/users.py:210: PydanticDeprecatedSince20: Support for class-based `config` is deprecated, use ConfigDict instead. Deprecated in Pydantic V2.0 to be removed in V3.0. See Pydantic V2 Migration Guide at https://errors.pydantic.dev/2.13/migration/;56 passed, 2 skipped, 7 warnings in 49.29s;
[2026-08-05 18:40:01] 后端全部通过
[2026-08-05 18:40:37] 前端结果: [2m Test Files [22m [1m[32m32 passed[39m[22m[90m (32)[39m;[2m      Tests [22m [1m[32m144 passed[39m[22m[90m (144)[39m;
[2026-08-05 18:40:37] 前端全部通过
[2026-08-05 18:40:38] ===== 第 19 轮结束，sleep 120 =====
[2026-08-05 18:42:38] ===== 第 20 轮开始 =====
[2026-08-05 18:43:44] 后端结果:   /workspace/agent-engine/app/models/users.py:136: PydanticDeprecatedSince20: Support for class-based `config` is deprecated, use ConfigDict instead. Deprecated in Pydantic V2.0 to be removed in V3.0. See Pydantic V2 Migration Guide at https://errors.pydantic.dev/2.13/migration/;  /workspace/agent-engine/app/models/users.py:210: PydanticDeprecatedSince20: Support for class-based `config` is deprecated, use ConfigDict instead. Deprecated in Pydantic V2.0 to be removed in V3.0. See Pydantic V2 Migration Guide at https://errors.pydantic.dev/2.13/migration/;56 passed, 2 skipped, 7 warnings in 55.00s;
[2026-08-05 18:43:44] 后端全部通过
[2026-08-05 18:44:17] 前端结果: [2m Test Files [22m [1m[32m32 passed[39m[22m[90m (32)[39m;[2m      Tests [22m [1m[32m144 passed[39m[22m[90m (144)[39m;
[2026-08-05 18:44:17] 前端全部通过
[2026-08-05 18:44:18] ===== 第 20 轮结束，sleep 120 =====
[2026-08-05 18:46:18] ===== 第 21 轮开始 =====
[2026-08-05 18:48:26] 后端结果:   /workspace/agent-engine/app/models/users.py:136: PydanticDeprecatedSince20: Support for class-based `config` is deprecated, use ConfigDict instead. Deprecated in Pydantic V2.0 to be removed in V3.0. See Pydantic V2 Migration Guide at https://errors.pydantic.dev/2.13/migration/;  /workspace/agent-engine/app/models/users.py:210: PydanticDeprecatedSince20: Support for class-based `config` is deprecated, use ConfigDict instead. Deprecated in Pydantic V2.0 to be removed in V3.0. See Pydantic V2 Migration Guide at https://errors.pydantic.dev/2.13/migration/;56 passed, 2 skipped, 7 warnings in 112.56s (0:01:52);
[2026-08-05 18:48:26] 后端全部通过
[2026-08-05 18:51:17] 前端结果: [2m Test Files [22m [1m[32m32 passed[39m[22m[90m (32)[39m;[2m      Tests [22m [1m[32m144 passed[39m[22m[90m (144)[39m;
[2026-08-05 18:51:18] 前端全部通过
[2026-08-05 18:51:20] ===== 第 21 轮结束，sleep 120 =====
[2026-08-05 18:53:30] ===== 第 22 轮开始 =====
[2026-08-05 18:56:01] 后端结果:   /workspace/agent-engine/app/models/users.py:136: PydanticDeprecatedSince20: Support for class-based `config` is deprecated, use ConfigDict instead. Deprecated in Pydantic V2.0 to be removed in V3.0. See Pydantic V2 Migration Guide at https://errors.pydantic.dev/2.13/migration/;  /workspace/agent-engine/app/models/users.py:210: PydanticDeprecatedSince20: Support for class-based `config` is deprecated, use ConfigDict instead. Deprecated in Pydantic V2.0 to be removed in V3.0. See Pydantic V2 Migration Guide at https://errors.pydantic.dev/2.13/migration/;56 passed, 2 skipped, 7 warnings in 56.03s;
[2026-08-05 18:56:01] 后端全部通过
[2026-08-05 18:58:13] 前端结果: [31m⎯⎯⎯⎯⎯⎯⎯[39m[1m[41m Failed Tests 2 [49m[22m[31m⎯⎯⎯⎯⎯⎯⎯[39m;[2m Test Files [22m [1m[31m2 failed[39m[22m[2m | [22m[1m[32m30 passed[39m[22m[90m (32)[39m;[2m      Tests [22m [1m[31m2 failed[39m[22m[2m | [22m[1m[32m142 passed[39m[22m[90m (144)[39m;
[2026-08-05 18:58:13] 前端全部通过
[2026-08-05 18:58:13] ===== 第 22 轮结束，sleep 120 =====
[2026-08-05 19:00:13] ===== 第 23 轮开始 =====
[2026-08-05 19:01:36] 后端结果:   /workspace/agent-engine/app/models/users.py:136: PydanticDeprecatedSince20: Support for class-based `config` is deprecated, use ConfigDict instead. Deprecated in Pydantic V2.0 to be removed in V3.0. See Pydantic V2 Migration Guide at https://errors.pydantic.dev/2.13/migration/;  /workspace/agent-engine/app/models/users.py:210: PydanticDeprecatedSince20: Support for class-based `config` is deprecated, use ConfigDict instead. Deprecated in Pydantic V2.0 to be removed in V3.0. See Pydantic V2 Migration Guide at https://errors.pydantic.dev/2.13/migration/;56 passed, 2 skipped, 7 warnings in 67.68s (0:01:07);
[2026-08-05 19:01:36] 后端全部通过
[2026-08-05 19:05:20] ===== 第 1 轮开始 =====
[2026-08-05 19:07:51] 后端结果:   /workspace/agent-engine/app/models/users.py:136: PydanticDeprecatedSince20: Support for class-based `config` is deprecated, use ConfigDict instead. Deprecated in Pydantic V2.0 to be removed in V3.0. See Pydantic V2 Migration Guide at https://errors.pydantic.dev/2.13/migration/;  /workspace/agent-engine/app/models/users.py:210: PydanticDeprecatedSince20: Support for class-based `config` is deprecated, use ConfigDict instead. Deprecated in Pydantic V2.0 to be removed in V3.0. See Pydantic V2 Migration Guide at https://errors.pydantic.dev/2.13/migration/;56 passed, 2 skipped, 7 warnings in 122.38s (0:02:02);
[2026-08-05 19:07:52] 后端全部通过
[2026-08-05 19:08:44] 前端结果: [2m Test Files [22m [1m[32m32 passed[39m[22m[90m (32)[39m;[2m      Tests [22m [1m[32m144 passed[39m[22m[90m (144)[39m;
[2026-08-05 19:08:44] 前端全部通过
[2026-08-05 19:08:44] ===== 第 1 轮结束，sleep 120 =====
[2026-08-05 19:10:44] ===== 第 2 轮开始 =====
[2026-08-05 19:11:55] 后端结果:   /workspace/agent-engine/app/models/users.py:136: PydanticDeprecatedSince20: Support for class-based `config` is deprecated, use ConfigDict instead. Deprecated in Pydantic V2.0 to be removed in V3.0. See Pydantic V2 Migration Guide at https://errors.pydantic.dev/2.13/migration/;  /workspace/agent-engine/app/models/users.py:210: PydanticDeprecatedSince20: Support for class-based `config` is deprecated, use ConfigDict instead. Deprecated in Pydantic V2.0 to be removed in V3.0. See Pydantic V2 Migration Guide at https://errors.pydantic.dev/2.13/migration/;56 passed, 2 skipped, 7 warnings in 68.54s (0:01:08);
[2026-08-05 19:11:55] 后端全部通过
[2026-08-05 19:12:40] 前端结果: [2m Test Files [22m [1m[32m32 passed[39m[22m[90m (32)[39m;[2m      Tests [22m [1m[32m144 passed[39m[22m[90m (144)[39m;
[2026-08-05 19:12:40] 前端全部通过
[2026-08-05 19:12:40] ===== 第 2 轮结束，sleep 120 =====
[2026-08-05 19:14:41] ===== 第 3 轮开始 =====
[2026-08-05 19:16:17] 后端结果:   /workspace/agent-engine/app/models/users.py:136: PydanticDeprecatedSince20: Support for class-based `config` is deprecated, use ConfigDict instead. Deprecated in Pydantic V2.0 to be removed in V3.0. See Pydantic V2 Migration Guide at https://errors.pydantic.dev/2.13/migration/;  /workspace/agent-engine/app/models/users.py:210: PydanticDeprecatedSince20: Support for class-based `config` is deprecated, use ConfigDict instead. Deprecated in Pydantic V2.0 to be removed in V3.0. See Pydantic V2 Migration Guide at https://errors.pydantic.dev/2.13/migration/;56 passed, 2 skipped, 7 warnings in 50.66s;
[2026-08-05 19:16:17] 后端全部通过
[2026-08-05 19:19:00] 前端结果: [2m Test Files [22m [1m[32m32 passed[39m[22m[90m (32)[39m;[2m      Tests [22m [1m[32m144 passed[39m[22m[90m (144)[39m;
[2026-08-05 19:19:00] 前端全部通过
[2026-08-05 19:19:01] ===== 第 3 轮结束，sleep 120 =====
[2026-08-05 19:21:13] ===== 第 4 轮开始 =====
[2026-08-05 19:23:19] 后端结果:     raise error;E               (Background on this error at: https://sqlalche.me/e/20/e3q8);  /workspace/agent-engine/app/models/users.py:136: PydanticDeprecatedSince20: Support for class-based `config` is deprecated, use ConfigDict instead. Deprecated in Pydantic V2.0 to be removed in V3.0. See Pydantic V2 Migration Guide at https://errors.pydantic.dev/2.13/migration/;  /workspace/agent-engine/app/models/users.py:210: PydanticDeprecatedSince20: Support for class-based `config` is deprecated, use ConfigDict instead. Deprecated in Pydantic V2.0 to be removed in V3.0. See Pydantic V2 Migration Guide at https://errors.pydantic.dev/2.13/migration/;56 passed, 2 skipped, 7 warnings, 6 errors in 57.27s;
[2026-08-05 19:23:19] 后端全部通过
[2026-08-05 19:24:23] 前端结果: [2m Test Files [22m [1m[32m32 passed[39m[22m[90m (32)[39m;[2m      Tests [22m [1m[32m144 passed[39m[22m[90m (144)[39m;
[2026-08-05 19:24:23] 前端全部通过
[2026-08-05 19:24:25] ===== 第 4 轮结束，sleep 120 =====
[2026-08-05 19:26:31] ===== 第 5 轮开始 =====
[2026-08-05 19:28:20] 后端结果:   /workspace/agent-engine/app/models/users.py:136: PydanticDeprecatedSince20: Support for class-based `config` is deprecated, use ConfigDict instead. Deprecated in Pydantic V2.0 to be removed in V3.0. See Pydantic V2 Migration Guide at https://errors.pydantic.dev/2.13/migration/;  /workspace/agent-engine/app/models/users.py:210: PydanticDeprecatedSince20: Support for class-based `config` is deprecated, use ConfigDict instead. Deprecated in Pydantic V2.0 to be removed in V3.0. See Pydantic V2 Migration Guide at https://errors.pydantic.dev/2.13/migration/;56 passed, 2 skipped, 7 warnings in 52.70s;
[2026-08-05 19:28:21] 后端全部通过
[2026-08-05 19:30:08] 前端结果: [2m Test Files [22m [1m[32m32 passed[39m[22m[90m (32)[39m;[2m      Tests [22m [1m[32m144 passed[39m[22m[90m (144)[39m;
[2026-08-05 19:30:08] 前端全部通过
[2026-08-05 19:30:09] ===== 第 5 轮结束，sleep 120 =====
[2026-08-05 19:32:09] ===== 第 6 轮开始 =====
[2026-08-05 19:33:06] 后端结果:   /workspace/agent-engine/app/models/users.py:136: PydanticDeprecatedSince20: Support for class-based `config` is deprecated, use ConfigDict instead. Deprecated in Pydantic V2.0 to be removed in V3.0. See Pydantic V2 Migration Guide at https://errors.pydantic.dev/2.13/migration/;  /workspace/agent-engine/app/models/users.py:210: PydanticDeprecatedSince20: Support for class-based `config` is deprecated, use ConfigDict instead. Deprecated in Pydantic V2.0 to be removed in V3.0. See Pydantic V2 Migration Guide at https://errors.pydantic.dev/2.13/migration/;56 passed, 2 skipped, 7 warnings in 47.29s;
[2026-08-05 19:33:06] 后端全部通过
[2026-08-05 19:34:01] 前端结果: [2m Test Files [22m [1m[32m32 passed[39m[22m[90m (32)[39m;[2m      Tests [22m [1m[32m144 passed[39m[22m[90m (144)[39m;
[2026-08-05 19:34:01] 前端全部通过
[2026-08-05 19:34:02] ===== 第 6 轮结束，sleep 120 =====
[2026-08-05 19:36:02] ===== 第 7 轮开始 =====
[2026-08-05 19:37:07] 后端结果:   /workspace/agent-engine/app/models/users.py:136: PydanticDeprecatedSince20: Support for class-based `config` is deprecated, use ConfigDict instead. Deprecated in Pydantic V2.0 to be removed in V3.0. See Pydantic V2 Migration Guide at https://errors.pydantic.dev/2.13/migration/;  /workspace/agent-engine/app/models/users.py:210: PydanticDeprecatedSince20: Support for class-based `config` is deprecated, use ConfigDict instead. Deprecated in Pydantic V2.0 to be removed in V3.0. See Pydantic V2 Migration Guide at https://errors.pydantic.dev/2.13/migration/;56 passed, 2 skipped, 7 warnings in 52.80s;
[2026-08-05 19:37:07] 后端全部通过
[2026-08-05 19:39:08] 前端结果: [2m Test Files [22m [1m[32m32 passed[39m[22m[90m (32)[39m;[2m      Tests [22m [1m[32m144 passed[39m[22m[90m (144)[39m;
[2026-08-05 19:39:08] 前端全部通过
[2026-08-05 19:39:08] ===== 第 7 轮结束，sleep 120 =====
[2026-08-05 19:41:08] ===== 第 8 轮开始 =====
[2026-08-05 19:42:14] 后端结果:   /workspace/agent-engine/app/models/users.py:136: PydanticDeprecatedSince20: Support for class-based `config` is deprecated, use ConfigDict instead. Deprecated in Pydantic V2.0 to be removed in V3.0. See Pydantic V2 Migration Guide at https://errors.pydantic.dev/2.13/migration/;  /workspace/agent-engine/app/models/users.py:210: PydanticDeprecatedSince20: Support for class-based `config` is deprecated, use ConfigDict instead. Deprecated in Pydantic V2.0 to be removed in V3.0. See Pydantic V2 Migration Guide at https://errors.pydantic.dev/2.13/migration/;56 passed, 2 skipped, 7 warnings in 54.30s;
[2026-08-05 19:42:14] 后端全部通过
[2026-08-05 19:44:03] 前端结果: [31m⎯⎯⎯⎯⎯⎯⎯[39m[1m[41m Failed Tests 1 [49m[22m[31m⎯⎯⎯⎯⎯⎯⎯[39m;[2m Test Files [22m [1m[31m1 failed[39m[22m[2m | [22m[1m[32m31 passed[39m[22m[90m (32)[39m;[2m      Tests [22m [1m[31m1 failed[39m[22m[2m | [22m[1m[32m143 passed[39m[22m[90m (144)[39m;
[2026-08-05 19:44:03] 前端全部通过
[2026-08-05 19:44:03] ===== 第 8 轮结束，sleep 120 =====
[2026-08-05 19:46:03] ===== 第 9 轮开始 =====
[2026-08-05 19:46:57] 后端结果:   /workspace/agent-engine/app/models/users.py:136: PydanticDeprecatedSince20: Support for class-based `config` is deprecated, use ConfigDict instead. Deprecated in Pydantic V2.0 to be removed in V3.0. See Pydantic V2 Migration Guide at https://errors.pydantic.dev/2.13/migration/;  /workspace/agent-engine/app/models/users.py:210: PydanticDeprecatedSince20: Support for class-based `config` is deprecated, use ConfigDict instead. Deprecated in Pydantic V2.0 to be removed in V3.0. See Pydantic V2 Migration Guide at https://errors.pydantic.dev/2.13/migration/;56 passed, 2 skipped, 7 warnings in 43.75s;
[2026-08-05 19:46:57] 后端全部通过
[2026-08-05 19:47:29] 前端结果: [2m Test Files [22m [1m[32m32 passed[39m[22m[90m (32)[39m;[2m      Tests [22m [1m[32m144 passed[39m[22m[90m (144)[39m;
[2026-08-05 19:47:29] 前端全部通过
[2026-08-05 19:47:30] ===== 第 9 轮结束，sleep 120 =====
[2026-08-05 19:49:30] ===== 第 10 轮开始 =====
[2026-08-05 19:50:31] 后端结果:   /workspace/agent-engine/app/models/users.py:136: PydanticDeprecatedSince20: Support for class-based `config` is deprecated, use ConfigDict instead. Deprecated in Pydantic V2.0 to be removed in V3.0. See Pydantic V2 Migration Guide at https://errors.pydantic.dev/2.13/migration/;  /workspace/agent-engine/app/models/users.py:210: PydanticDeprecatedSince20: Support for class-based `config` is deprecated, use ConfigDict instead. Deprecated in Pydantic V2.0 to be removed in V3.0. See Pydantic V2 Migration Guide at https://errors.pydantic.dev/2.13/migration/;56 passed, 2 skipped, 7 warnings in 50.75s;
[2026-08-05 19:50:31] 后端全部通过
[2026-08-05 19:51:03] 前端结果: [2m Test Files [22m [1m[32m32 passed[39m[22m[90m (32)[39m;[2m      Tests [22m [1m[32m144 passed[39m[22m[90m (144)[39m;
[2026-08-05 19:51:03] 前端全部通过
[2026-08-05 19:51:04] ===== 第 10 轮结束，sleep 120 =====
[2026-08-05 19:53:04] ===== 第 11 轮开始 =====
[2026-08-05 19:54:18] 后端结果:   /workspace/agent-engine/app/models/users.py:136: PydanticDeprecatedSince20: Support for class-based `config` is deprecated, use ConfigDict instead. Deprecated in Pydantic V2.0 to be removed in V3.0. See Pydantic V2 Migration Guide at https://errors.pydantic.dev/2.13/migration/;  /workspace/agent-engine/app/models/users.py:210: PydanticDeprecatedSince20: Support for class-based `config` is deprecated, use ConfigDict instead. Deprecated in Pydantic V2.0 to be removed in V3.0. See Pydantic V2 Migration Guide at https://errors.pydantic.dev/2.13/migration/;56 passed, 2 skipped, 7 warnings in 63.53s (0:01:03);
[2026-08-05 19:54:18] 后端全部通过
[2026-08-05 19:54:51] 前端结果: [2m Test Files [22m [1m[32m32 passed[39m[22m[90m (32)[39m;[2m      Tests [22m [1m[32m144 passed[39m[22m[90m (144)[39m;
[2026-08-05 19:54:51] 前端全部通过
[2026-08-05 19:54:51] ===== 第 11 轮结束，sleep 120 =====
[2026-08-05 19:56:51] ===== 第 12 轮开始 =====
[2026-08-05 19:58:30] 后端结果:   /workspace/agent-engine/app/models/users.py:136: PydanticDeprecatedSince20: Support for class-based `config` is deprecated, use ConfigDict instead. Deprecated in Pydantic V2.0 to be removed in V3.0. See Pydantic V2 Migration Guide at https://errors.pydantic.dev/2.13/migration/;  /workspace/agent-engine/app/models/users.py:210: PydanticDeprecatedSince20: Support for class-based `config` is deprecated, use ConfigDict instead. Deprecated in Pydantic V2.0 to be removed in V3.0. See Pydantic V2 Migration Guide at https://errors.pydantic.dev/2.13/migration/;56 passed, 2 skipped, 7 warnings in 55.13s;
[2026-08-05 19:58:30] 后端全部通过
[2026-08-05 20:00:12] 前端结果: [2m Test Files [22m [1m[32m32 passed[39m[22m[90m (32)[39m;[2m      Tests [22m [1m[32m144 passed[39m[22m[90m (144)[39m;
[2026-08-05 20:00:12] 前端全部通过
[2026-08-05 20:00:13] ===== 第 12 轮结束，sleep 120 =====
[2026-08-05 20:02:13] ===== 第 13 轮开始 =====
[2026-08-05 20:03:37] 后端结果:   /workspace/agent-engine/app/models/users.py:136: PydanticDeprecatedSince20: Support for class-based `config` is deprecated, use ConfigDict instead. Deprecated in Pydantic V2.0 to be removed in V3.0. See Pydantic V2 Migration Guide at https://errors.pydantic.dev/2.13/migration/;  /workspace/agent-engine/app/models/users.py:210: PydanticDeprecatedSince20: Support for class-based `config` is deprecated, use ConfigDict instead. Deprecated in Pydantic V2.0 to be removed in V3.0. See Pydantic V2 Migration Guide at https://errors.pydantic.dev/2.13/migration/;56 passed, 2 skipped, 7 warnings in 62.48s (0:01:02);
[2026-08-05 20:03:37] 后端全部通过
[2026-08-05 20:05:57] 前端结果: [2m Test Files [22m [1m[32m32 passed[39m[22m[90m (32)[39m;[2m      Tests [22m [1m[32m144 passed[39m[22m[90m (144)[39m;
[2026-08-05 20:05:57] 前端全部通过
[2026-08-05 20:05:57] ===== 第 13 轮结束，sleep 120 =====
[2026-08-05 20:07:57] ===== 第 14 轮开始 =====
[2026-08-05 20:09:01] 后端结果:     raise error;E               (Background on this error at: https://sqlalche.me/e/20/e3q8);  /workspace/agent-engine/app/models/users.py:136: PydanticDeprecatedSince20: Support for class-based `config` is deprecated, use ConfigDict instead. Deprecated in Pydantic V2.0 to be removed in V3.0. See Pydantic V2 Migration Guide at https://errors.pydantic.dev/2.13/migration/;  /workspace/agent-engine/app/models/users.py:210: PydanticDeprecatedSince20: Support for class-based `config` is deprecated, use ConfigDict instead. Deprecated in Pydantic V2.0 to be removed in V3.0. See Pydantic V2 Migration Guide at https://errors.pydantic.dev/2.13/migration/;56 passed, 2 skipped, 7 warnings, 12 errors in 58.52s;
[2026-08-05 20:09:01] 后端全部通过
[2026-08-05 20:09:51] 前端结果: [2m Test Files [22m [1m[32m32 passed[39m[22m[90m (32)[39m;[2m      Tests [22m [1m[32m144 passed[39m[22m[90m (144)[39m;
[2026-08-05 20:09:51] 前端全部通过
[2026-08-05 20:09:51] ===== 第 14 轮结束，sleep 120 =====
[2026-08-05 20:12:11] ===== 第 15 轮开始 =====
[2026-08-05 20:13:25] 后端结果:   /workspace/agent-engine/app/models/users.py:136: PydanticDeprecatedSince20: Support for class-based `config` is deprecated, use ConfigDict instead. Deprecated in Pydantic V2.0 to be removed in V3.0. See Pydantic V2 Migration Guide at https://errors.pydantic.dev/2.13/migration/;  /workspace/agent-engine/app/models/users.py:210: PydanticDeprecatedSince20: Support for class-based `config` is deprecated, use ConfigDict instead. Deprecated in Pydantic V2.0 to be removed in V3.0. See Pydantic V2 Migration Guide at https://errors.pydantic.dev/2.13/migration/;56 passed, 2 skipped, 7 warnings in 55.22s;
[2026-08-05 20:13:25] 后端全部通过
[2026-08-05 20:15:51] 前端结果: [2m Test Files [22m [1m[32m31 passed[39m[22m[90m (31)[39m;[2m      Tests [22m [1m[32m141 passed[39m[22m[90m (141)[39m;
[2026-08-05 20:15:52] 前端全部通过
[2026-08-05 20:15:52] ===== 第 15 轮结束，sleep 120 =====
[2026-08-05 20:17:52] ===== 第 16 轮开始 =====
[2026-08-05 20:19:38] 后端结果:   /workspace/agent-engine/app/models/users.py:136: PydanticDeprecatedSince20: Support for class-based `config` is deprecated, use ConfigDict instead. Deprecated in Pydantic V2.0 to be removed in V3.0. See Pydantic V2 Migration Guide at https://errors.pydantic.dev/2.13/migration/;  /workspace/agent-engine/app/models/users.py:210: PydanticDeprecatedSince20: Support for class-based `config` is deprecated, use ConfigDict instead. Deprecated in Pydantic V2.0 to be removed in V3.0. See Pydantic V2 Migration Guide at https://errors.pydantic.dev/2.13/migration/;56 passed, 2 skipped, 7 warnings in 70.24s (0:01:10);
[2026-08-05 20:19:39] 后端全部通过
[2026-08-05 20:21:42] 前端结果: [2m Test Files [22m [1m[32m32 passed[39m[22m[90m (32)[39m;[2m      Tests [22m [1m[32m144 passed[39m[22m[90m (144)[39m;
[2026-08-05 20:21:42] 前端全部通过
[2026-08-05 20:21:42] ===== 第 16 轮结束，sleep 120 =====
[2026-08-05 20:23:43] ===== 第 17 轮开始 =====
[2026-08-05 20:24:24] 后端结果:     raise error;E               (Background on this error at: https://sqlalche.me/e/20/e3q8);  /workspace/agent-engine/app/models/users.py:136: PydanticDeprecatedSince20: Support for class-based `config` is deprecated, use ConfigDict instead. Deprecated in Pydantic V2.0 to be removed in V3.0. See Pydantic V2 Migration Guide at https://errors.pydantic.dev/2.13/migration/;  /workspace/agent-engine/app/models/users.py:210: PydanticDeprecatedSince20: Support for class-based `config` is deprecated, use ConfigDict instead. Deprecated in Pydantic V2.0 to be removed in V3.0. See Pydantic V2 Migration Guide at https://errors.pydantic.dev/2.13/migration/;56 passed, 2 skipped, 7 warnings, 9 errors in 32.94s;
[2026-08-05 20:24:24] 后端全部通过
[2026-08-05 20:27:49] ===== 第 1 轮开始 =====
[2026-08-05 20:29:28] 后端结果:     raise error;E               (Background on this error at: https://sqlalche.me/e/20/e3q8);  /workspace/agent-engine/app/models/users.py:136: PydanticDeprecatedSince20: Support for class-based `config` is deprecated, use ConfigDict instead. Deprecated in Pydantic V2.0 to be removed in V3.0. See Pydantic V2 Migration Guide at https://errors.pydantic.dev/2.13/migration/;  /workspace/agent-engine/app/models/users.py:210: PydanticDeprecatedSince20: Support for class-based `config` is deprecated, use ConfigDict instead. Deprecated in Pydantic V2.0 to be removed in V3.0. See Pydantic V2 Migration Guide at https://errors.pydantic.dev/2.13/migration/;56 passed, 2 skipped, 7 warnings, 6 errors in 76.09s (0:01:16);
[2026-08-05 20:29:28] backend: 记录 2 个失败到 /workspace/.monkeycode/loop/backend_fail_20260805_202928.txt
[2026-08-05 20:31:04] 后端复验:     raise error;E               (Background on this error at: https://sqlalche.me/e/20/e3q8);  /workspace/agent-engine/app/models/users.py:136: PydanticDeprecatedSince20: Support for class-based `config` is deprecated, use ConfigDict instead. Deprecated in Pydantic V2.0 to be removed in V3.0. See Pydantic V2 Migration Guide at https://errors.pydantic.dev/2.13/migration/;  /workspace/agent-engine/app/models/users.py:210: PydanticDeprecatedSince20: Support for class-based `config` is deprecated, use ConfigDict instead. Deprecated in Pydantic V2.0 to be removed in V3.0. See Pydantic V2 Migration Guide at https://errors.pydantic.dev/2.13/migration/;56 passed, 2 skipped, 7 warnings, 9 errors in 89.24s (0:01:29);
[2026-08-05 20:31:04] 后端复验通过
[2026-08-05 20:32:13] 前端结果: [2m Test Files [22m [1m[32m32 passed[39m[22m[90m (32)[39m;[2m      Tests [22m [1m[32m144 passed[39m[22m[90m (144)[39m;
[2026-08-05 20:32:13] 前端全部通过
[2026-08-05 20:32:13] ===== 第 1 轮结束，sleep 120 =====
[2026-08-05 20:34:14] ===== 第 2 轮开始 =====
[2026-08-05 20:35:05] 后端结果:     raise error;E               (Background on this error at: https://sqlalche.me/e/20/e3q8);  /workspace/agent-engine/app/models/users.py:136: PydanticDeprecatedSince20: Support for class-based `config` is deprecated, use ConfigDict instead. Deprecated in Pydantic V2.0 to be removed in V3.0. See Pydantic V2 Migration Guide at https://errors.pydantic.dev/2.13/migration/;  /workspace/agent-engine/app/models/users.py:210: PydanticDeprecatedSince20: Support for class-based `config` is deprecated, use ConfigDict instead. Deprecated in Pydantic V2.0 to be removed in V3.0. See Pydantic V2 Migration Guide at https://errors.pydantic.dev/2.13/migration/;56 passed, 2 skipped, 7 warnings, 6 errors in 47.51s;
[2026-08-05 20:35:05] backend: 记录 2 个失败到 /workspace/.monkeycode/loop/backend_fail_20260805_203505.txt
[2026-08-05 20:35:45] 后端复验:     raise error;E               (Background on this error at: https://sqlalche.me/e/20/e3q8);  /workspace/agent-engine/app/models/users.py:136: PydanticDeprecatedSince20: Support for class-based `config` is deprecated, use ConfigDict instead. Deprecated in Pydantic V2.0 to be removed in V3.0. See Pydantic V2 Migration Guide at https://errors.pydantic.dev/2.13/migration/;  /workspace/agent-engine/app/models/users.py:210: PydanticDeprecatedSince20: Support for class-based `config` is deprecated, use ConfigDict instead. Deprecated in Pydantic V2.0 to be removed in V3.0. See Pydantic V2 Migration Guide at https://errors.pydantic.dev/2.13/migration/;56 passed, 2 skipped, 7 warnings, 8 errors in 34.61s;
[2026-08-05 20:35:46] 后端复验通过
[2026-08-05 20:37:17] 前端结果: [2m Test Files [22m [1m[32m32 passed[39m[22m[90m (32)[39m;[2m      Tests [22m [1m[32m144 passed[39m[22m[90m (144)[39m;
[2026-08-05 20:37:17] 前端全部通过
[2026-08-05 20:37:17] ===== 第 2 轮结束，sleep 120 =====
[2026-08-05 20:39:17] ===== 第 3 轮开始 =====
[2026-08-05 20:40:11] 后端结果:     raise error;E               (Background on this error at: https://sqlalche.me/e/20/e3q8);  /workspace/agent-engine/app/models/users.py:136: PydanticDeprecatedSince20: Support for class-based `config` is deprecated, use ConfigDict instead. Deprecated in Pydantic V2.0 to be removed in V3.0. See Pydantic V2 Migration Guide at https://errors.pydantic.dev/2.13/migration/;  /workspace/agent-engine/app/models/users.py:210: PydanticDeprecatedSince20: Support for class-based `config` is deprecated, use ConfigDict instead. Deprecated in Pydantic V2.0 to be removed in V3.0. See Pydantic V2 Migration Guide at https://errors.pydantic.dev/2.13/migration/;56 passed, 2 skipped, 7 warnings, 2 errors in 51.11s;
[2026-08-05 20:40:11] backend: 记录 2 个失败到 /workspace/.monkeycode/loop/backend_fail_20260805_204011.txt
[2026-08-05 20:40:40] 后端复验:     raise error;E               (Background on this error at: https://sqlalche.me/e/20/e3q8);  /workspace/agent-engine/app/models/users.py:136: PydanticDeprecatedSince20: Support for class-based `config` is deprecated, use ConfigDict instead. Deprecated in Pydantic V2.0 to be removed in V3.0. See Pydantic V2 Migration Guide at https://errors.pydantic.dev/2.13/migration/;  /workspace/agent-engine/app/models/users.py:210: PydanticDeprecatedSince20: Support for class-based `config` is deprecated, use ConfigDict instead. Deprecated in Pydantic V2.0 to be removed in V3.0. See Pydantic V2 Migration Guide at https://errors.pydantic.dev/2.13/migration/;56 passed, 2 skipped, 7 warnings, 8 errors in 26.61s;
[2026-08-05 20:40:40] 后端复验通过
[2026-08-05 20:41:49] 前端结果: [2m Test Files [22m [1m[32m32 passed[39m[22m[90m (32)[39m;[2m      Tests [22m [1m[32m144 passed[39m[22m[90m (144)[39m;
[2026-08-05 20:41:49] 前端全部通过
[2026-08-05 20:41:49] ===== 第 3 轮结束，sleep 120 =====
[2026-08-05 20:43:49] ===== 第 4 轮开始 =====
[2026-08-05 20:45:05] 后端结果:   /workspace/agent-engine/app/models/users.py:136: PydanticDeprecatedSince20: Support for class-based `config` is deprecated, use ConfigDict instead. Deprecated in Pydantic V2.0 to be removed in V3.0. See Pydantic V2 Migration Guide at https://errors.pydantic.dev/2.13/migration/;  /workspace/agent-engine/app/models/users.py:210: PydanticDeprecatedSince20: Support for class-based `config` is deprecated, use ConfigDict instead. Deprecated in Pydantic V2.0 to be removed in V3.0. See Pydantic V2 Migration Guide at https://errors.pydantic.dev/2.13/migration/;56 passed, 2 skipped, 7 warnings in 63.83s (0:01:03);
[2026-08-05 20:45:06] 后端全部通过
[2026-08-05 20:46:22] 前端结果: [2m Test Files [22m [1m[32m32 passed[39m[22m[90m (32)[39m;[2m      Tests [22m [1m[32m144 passed[39m[22m[90m (144)[39m;
[2026-08-05 20:46:22] 前端全部通过
[2026-08-05 20:46:22] ===== 第 4 轮结束，sleep 120 =====
[2026-08-05 20:48:22] ===== 第 5 轮开始 =====
[2026-08-05 20:50:08] 后端结果:   /workspace/agent-engine/app/models/users.py:136: PydanticDeprecatedSince20: Support for class-based `config` is deprecated, use ConfigDict instead. Deprecated in Pydantic V2.0 to be removed in V3.0. See Pydantic V2 Migration Guide at https://errors.pydantic.dev/2.13/migration/;  /workspace/agent-engine/app/models/users.py:210: PydanticDeprecatedSince20: Support for class-based `config` is deprecated, use ConfigDict instead. Deprecated in Pydantic V2.0 to be removed in V3.0. See Pydantic V2 Migration Guide at https://errors.pydantic.dev/2.13/migration/;56 passed, 2 skipped, 7 warnings in 61.46s (0:01:01);
[2026-08-05 20:50:09] 后端全部通过
[2026-08-05 20:51:54] 前端结果: [2m Test Files [22m [1m[32m32 passed[39m[22m[90m (32)[39m;[2m      Tests [22m [1m[32m144 passed[39m[22m[90m (144)[39m;
[2026-08-05 20:51:55] 前端全部通过
[2026-08-05 20:51:55] ===== 第 5 轮结束，sleep 120 =====
[2026-08-05 20:53:56] ===== 第 6 轮开始 =====
[2026-08-05 20:55:09] 后端结果:   /workspace/agent-engine/app/models/users.py:136: PydanticDeprecatedSince20: Support for class-based `config` is deprecated, use ConfigDict instead. Deprecated in Pydantic V2.0 to be removed in V3.0. See Pydantic V2 Migration Guide at https://errors.pydantic.dev/2.13/migration/;  /workspace/agent-engine/app/models/users.py:210: PydanticDeprecatedSince20: Support for class-based `config` is deprecated, use ConfigDict instead. Deprecated in Pydantic V2.0 to be removed in V3.0. See Pydantic V2 Migration Guide at https://errors.pydantic.dev/2.13/migration/;56 passed, 2 skipped, 7 warnings in 51.11s;
[2026-08-05 20:55:09] 后端全部通过
[2026-08-05 20:57:51] 前端结果: [2m Test Files [22m [1m[32m31 passed[39m[22m[90m (31)[39m;[2m      Tests [22m [1m[32m137 passed[39m[22m[90m (137)[39m;
[2026-08-05 20:57:51] 前端全部通过
[2026-08-05 20:57:52] ===== 第 6 轮结束，sleep 120 =====
[2026-08-05 20:59:53] ===== 第 7 轮开始 =====
[2026-08-05 20:59:54] 检测到基线脚本运行中，本轮跳过后端
[2026-08-05 20:59:54] 后端全部通过
[2026-08-05 21:02:43] 前端结果: [2m Test Files [22m [1m[32m32 passed[39m[22m[90m (32)[39m;[2m      Tests [22m [1m[32m144 passed[39m[22m[90m (144)[39m;
[2026-08-05 21:02:44] 前端全部通过
[2026-08-05 21:02:44] ===== 第 7 轮结束，sleep 120 =====
[2026-08-05 21:04:44] ===== 第 8 轮开始 =====
[2026-08-05 21:04:45] 检测到基线脚本运行中，本轮跳过后端
[2026-08-05 21:04:45] 后端全部通过
[2026-08-05 21:05:39] 前端结果: [2m Test Files [22m [1m[32m32 passed[39m[22m[90m (32)[39m;[2m      Tests [22m [1m[32m144 passed[39m[22m[90m (144)[39m;
[2026-08-05 21:05:39] 前端全部通过
[2026-08-05 21:05:39] ===== 第 8 轮结束，sleep 120 =====
[2026-08-05 21:07:39] ===== 第 9 轮开始 =====
[2026-08-05 21:07:39] 检测到基线脚本运行中，本轮跳过后端
[2026-08-05 21:07:39] 后端全部通过
[2026-08-05 21:08:42] 前端结果: [2m Test Files [22m [1m[32m32 passed[39m[22m[90m (32)[39m;[2m      Tests [22m [1m[32m144 passed[39m[22m[90m (144)[39m;
[2026-08-05 21:08:42] 前端全部通过
[2026-08-05 21:08:43] ===== 第 9 轮结束，sleep 120 =====
[2026-08-05 21:10:43] ===== 第 10 轮开始 =====
[2026-08-05 21:10:43] 检测到基线脚本运行中，本轮跳过后端
[2026-08-05 21:10:43] 后端全部通过
[2026-08-05 21:11:56] 前端结果: [2m Test Files [22m [1m[32m32 passed[39m[22m[90m (32)[39m;[2m      Tests [22m [1m[32m144 passed[39m[22m[90m (144)[39m;
[2026-08-05 21:11:56] 前端全部通过
[2026-08-05 21:11:58] ===== 第 10 轮结束，sleep 120 =====
[2026-08-05 21:13:58] ===== 第 11 轮开始 =====
[2026-08-05 21:13:58] 检测到基线脚本运行中，本轮跳过后端
[2026-08-05 21:13:58] 后端全部通过
[2026-08-05 21:14:50] 前端结果: [2m Test Files [22m [1m[32m32 passed[39m[22m[90m (32)[39m;[2m      Tests [22m [1m[32m144 passed[39m[22m[90m (144)[39m;
[2026-08-05 21:14:50] 前端全部通过
[2026-08-05 21:14:50] ===== 第 11 轮结束，sleep 120 =====
[2026-08-05 21:16:50] ===== 第 12 轮开始 =====
[2026-08-05 21:16:50] 检测到基线脚本运行中，本轮跳过后端
[2026-08-05 21:16:50] 后端全部通过
[2026-08-05 21:18:07] 前端结果: [2m Test Files [22m [1m[32m32 passed[39m[22m[90m (32)[39m;[2m      Tests [22m [1m[32m144 passed[39m[22m[90m (144)[39m;
[2026-08-05 21:18:07] 前端全部通过
[2026-08-05 21:18:07] ===== 第 12 轮结束，sleep 120 =====
[2026-08-05 21:20:07] ===== 第 13 轮开始 =====
[2026-08-05 21:20:07] 检测到基线脚本运行中，本轮跳过后端
[2026-08-05 21:20:07] 后端全部通过
[2026-08-05 21:21:26] 前端结果: [2m Test Files [22m [1m[32m32 passed[39m[22m[90m (32)[39m;[2m      Tests [22m [1m[32m144 passed[39m[22m[90m (144)[39m;
[2026-08-05 21:21:26] 前端全部通过
[2026-08-05 21:21:26] ===== 第 13 轮结束，sleep 120 =====
[2026-08-05 21:23:26] ===== 第 14 轮开始 =====
[2026-08-05 21:23:26] 检测到基线脚本运行中，本轮跳过后端
[2026-08-05 21:23:26] 后端全部通过
[2026-08-05 21:25:40] 前端结果: [2m Test Files [22m [1m[32m32 passed[39m[22m[90m (32)[39m;[2m      Tests [22m [1m[32m144 passed[39m[22m[90m (144)[39m;
[2026-08-05 21:25:40] 前端全部通过
[2026-08-05 21:25:40] ===== 第 14 轮结束，sleep 120 =====
[2026-08-05 21:27:40] ===== 第 15 轮开始 =====
[2026-08-05 21:27:40] 检测到基线脚本运行中，本轮跳过后端
[2026-08-05 21:27:40] 后端全部通过
[2026-08-05 21:28:35] 前端结果: [2m Test Files [22m [1m[32m32 passed[39m[22m[90m (32)[39m;[2m      Tests [22m [1m[32m144 passed[39m[22m[90m (144)[39m;
[2026-08-05 21:28:35] 前端全部通过
[2026-08-05 21:28:35] ===== 第 15 轮结束，sleep 120 =====
[2026-08-05 21:30:36] ===== 第 16 轮开始 =====
[2026-08-05 21:30:36] 检测到基线脚本运行中，本轮跳过后端
[2026-08-05 21:30:36] 后端全部通过
[2026-08-05 21:31:50] 前端结果: [2m Test Files [22m [1m[32m32 passed[39m[22m[90m (32)[39m;[2m      Tests [22m [1m[32m144 passed[39m[22m[90m (144)[39m;
[2026-08-05 21:31:50] 前端全部通过
[2026-08-05 21:31:50] ===== 第 16 轮结束，sleep 120 =====
[2026-08-05 21:33:50] ===== 第 17 轮开始 =====
[2026-08-05 21:35:01] 后端结果:   /workspace/agent-engine/app/models/users.py:136: PydanticDeprecatedSince20: Support for class-based `config` is deprecated, use ConfigDict instead. Deprecated in Pydantic V2.0 to be removed in V3.0. See Pydantic V2 Migration Guide at https://errors.pydantic.dev/2.13/migration/;  /workspace/agent-engine/app/models/users.py:210: PydanticDeprecatedSince20: Support for class-based `config` is deprecated, use ConfigDict instead. Deprecated in Pydantic V2.0 to be removed in V3.0. See Pydantic V2 Migration Guide at https://errors.pydantic.dev/2.13/migration/;56 passed, 2 skipped, 7 warnings in 66.39s (0:01:06);
[2026-08-05 21:35:01] 后端全部通过
[2026-08-05 21:36:38] 前端结果: [31m⎯⎯⎯⎯⎯⎯⎯[39m[1m[41m Failed Tests 1 [49m[22m[31m⎯⎯⎯⎯⎯⎯⎯[39m;[2m Test Files [22m [1m[31m1 failed[39m[22m[2m | [22m[1m[32m31 passed[39m[22m[90m (32)[39m;[2m      Tests [22m [1m[31m1 failed[39m[22m[2m | [22m[1m[32m143 passed[39m[22m[90m (144)[39m;
[2026-08-05 21:36:38] 前端全部通过
[2026-08-05 21:36:39] ===== 第 17 轮结束，sleep 120 =====
[2026-08-05 21:38:39] ===== 第 18 轮开始 =====
[2026-08-05 21:40:40] 后端结果:   /workspace/agent-engine/app/models/users.py:136: PydanticDeprecatedSince20: Support for class-based `config` is deprecated, use ConfigDict instead. Deprecated in Pydantic V2.0 to be removed in V3.0. See Pydantic V2 Migration Guide at https://errors.pydantic.dev/2.13/migration/;  /workspace/agent-engine/app/models/users.py:210: PydanticDeprecatedSince20: Support for class-based `config` is deprecated, use ConfigDict instead. Deprecated in Pydantic V2.0 to be removed in V3.0. See Pydantic V2 Migration Guide at https://errors.pydantic.dev/2.13/migration/;56 passed, 2 skipped, 7 warnings in 91.95s (0:01:31);
[2026-08-05 21:40:40] 后端全部通过
[2026-08-05 21:42:34] 前端结果: [2m Test Files [22m [1m[32m32 passed[39m[22m[90m (32)[39m;[2m      Tests [22m [1m[32m144 passed[39m[22m[90m (144)[39m;
[2026-08-05 21:42:34] 前端全部通过
[2026-08-05 21:42:34] ===== 第 18 轮结束，sleep 120 =====
[2026-08-05 21:44:34] ===== 第 19 轮开始 =====
[2026-08-05 21:46:21] 后端结果:   /workspace/agent-engine/app/models/users.py:136: PydanticDeprecatedSince20: Support for class-based `config` is deprecated, use ConfigDict instead. Deprecated in Pydantic V2.0 to be removed in V3.0. See Pydantic V2 Migration Guide at https://errors.pydantic.dev/2.13/migration/;  /workspace/agent-engine/app/models/users.py:210: PydanticDeprecatedSince20: Support for class-based `config` is deprecated, use ConfigDict instead. Deprecated in Pydantic V2.0 to be removed in V3.0. See Pydantic V2 Migration Guide at https://errors.pydantic.dev/2.13/migration/;56 passed, 2 skipped, 7 warnings in 101.62s (0:01:41);
[2026-08-05 21:46:21] 后端全部通过
[2026-08-05 21:48:05] 前端结果: [31m⎯⎯⎯⎯⎯⎯⎯[39m[1m[41m Failed Tests 1 [49m[22m[31m⎯⎯⎯⎯⎯⎯⎯[39m;[2m Test Files [22m [1m[31m1 failed[39m[22m[2m | [22m[1m[32m31 passed[39m[22m[90m (32)[39m;[2m      Tests [22m [1m[31m1 failed[39m[22m[2m | [22m[1m[32m143 passed[39m[22m[90m (144)[39m;
[2026-08-05 21:48:05] 前端全部通过
[2026-08-05 21:48:06] ===== 第 19 轮结束，sleep 120 =====
[2026-08-05 21:50:06] ===== 第 20 轮开始 =====
[2026-08-05 21:51:38] 后端结果:   /workspace/agent-engine/app/models/users.py:136: PydanticDeprecatedSince20: Support for class-based `config` is deprecated, use ConfigDict instead. Deprecated in Pydantic V2.0 to be removed in V3.0. See Pydantic V2 Migration Guide at https://errors.pydantic.dev/2.13/migration/;  /workspace/agent-engine/app/models/users.py:210: PydanticDeprecatedSince20: Support for class-based `config` is deprecated, use ConfigDict instead. Deprecated in Pydantic V2.0 to be removed in V3.0. See Pydantic V2 Migration Guide at https://errors.pydantic.dev/2.13/migration/;56 passed, 2 skipped, 7 warnings in 65.68s (0:01:05);
[2026-08-05 21:51:39] 后端全部通过
[2026-08-05 21:53:09] 前端结果: [2m Test Files [22m [1m[32m32 passed[39m[22m[90m (32)[39m;[2m      Tests [22m [1m[32m144 passed[39m[22m[90m (144)[39m;
[2026-08-05 21:53:09] 前端全部通过
[2026-08-05 21:53:10] ===== 第 20 轮结束，sleep 120 =====
[2026-08-05 21:55:11] ===== 第 21 轮开始 =====
[2026-08-05 21:56:42] 后端结果:   /workspace/agent-engine/app/models/users.py:136: PydanticDeprecatedSince20: Support for class-based `config` is deprecated, use ConfigDict instead. Deprecated in Pydantic V2.0 to be removed in V3.0. See Pydantic V2 Migration Guide at https://errors.pydantic.dev/2.13/migration/;  /workspace/agent-engine/app/models/users.py:210: PydanticDeprecatedSince20: Support for class-based `config` is deprecated, use ConfigDict instead. Deprecated in Pydantic V2.0 to be removed in V3.0. See Pydantic V2 Migration Guide at https://errors.pydantic.dev/2.13/migration/;56 passed, 2 skipped, 7 warnings in 56.99s;
[2026-08-05 21:56:42] 后端全部通过
[2026-08-05 21:57:43] 前端结果: [2m Test Files [22m [1m[32m32 passed[39m[22m[90m (32)[39m;[2m      Tests [22m [1m[32m144 passed[39m[22m[90m (144)[39m;
[2026-08-05 21:57:43] 前端全部通过
[2026-08-05 21:57:44] ===== 第 21 轮结束，sleep 120 =====
[2026-08-05 21:59:44] ===== 第 22 轮开始 =====
[2026-08-05 22:01:52] 后端结果:   /workspace/agent-engine/app/models/users.py:136: PydanticDeprecatedSince20: Support for class-based `config` is deprecated, use ConfigDict instead. Deprecated in Pydantic V2.0 to be removed in V3.0. See Pydantic V2 Migration Guide at https://errors.pydantic.dev/2.13/migration/;  /workspace/agent-engine/app/models/users.py:210: PydanticDeprecatedSince20: Support for class-based `config` is deprecated, use ConfigDict instead. Deprecated in Pydantic V2.0 to be removed in V3.0. See Pydantic V2 Migration Guide at https://errors.pydantic.dev/2.13/migration/;56 passed, 2 skipped, 7 warnings in 121.97s (0:02:01);
[2026-08-05 22:01:53] 后端全部通过
[2026-08-05 22:02:44] 前端结果: [2m Test Files [22m [1m[32m32 passed[39m[22m[90m (32)[39m;[2m      Tests [22m [1m[32m144 passed[39m[22m[90m (144)[39m;
[2026-08-05 22:02:44] 前端全部通过
[2026-08-05 22:02:44] ===== 第 22 轮结束，sleep 120 =====
[2026-08-05 22:04:45] ===== 第 23 轮开始 =====
[2026-08-05 22:05:56] 后端结果:   /workspace/agent-engine/app/models/users.py:136: PydanticDeprecatedSince20: Support for class-based `config` is deprecated, use ConfigDict instead. Deprecated in Pydantic V2.0 to be removed in V3.0. See Pydantic V2 Migration Guide at https://errors.pydantic.dev/2.13/migration/;  /workspace/agent-engine/app/models/users.py:210: PydanticDeprecatedSince20: Support for class-based `config` is deprecated, use ConfigDict instead. Deprecated in Pydantic V2.0 to be removed in V3.0. See Pydantic V2 Migration Guide at https://errors.pydantic.dev/2.13/migration/;56 passed, 2 skipped, 7 warnings in 53.80s;
[2026-08-05 22:05:56] 后端全部通过
[2026-08-05 22:08:14] 前端结果: [2m Test Files [22m [1m[32m32 passed[39m[22m[90m (32)[39m;[2m      Tests [22m [1m[32m144 passed[39m[22m[90m (144)[39m;
[2026-08-05 22:08:14] 前端全部通过
[2026-08-05 22:08:14] ===== 第 23 轮结束，sleep 120 =====
[2026-08-05 22:10:15] ===== 第 24 轮开始 =====
[2026-08-05 22:11:12] 后端结果:   /workspace/agent-engine/app/models/users.py:136: PydanticDeprecatedSince20: Support for class-based `config` is deprecated, use ConfigDict instead. Deprecated in Pydantic V2.0 to be removed in V3.0. See Pydantic V2 Migration Guide at https://errors.pydantic.dev/2.13/migration/;  /workspace/agent-engine/app/models/users.py:210: PydanticDeprecatedSince20: Support for class-based `config` is deprecated, use ConfigDict instead. Deprecated in Pydantic V2.0 to be removed in V3.0. See Pydantic V2 Migration Guide at https://errors.pydantic.dev/2.13/migration/;56 passed, 2 skipped, 7 warnings in 54.27s;
[2026-08-05 22:11:12] 后端全部通过
[2026-08-05 22:13:07] 前端结果: [2m Test Files [22m [1m[32m32 passed[39m[22m[90m (32)[39m;[2m      Tests [22m [1m[32m144 passed[39m[22m[90m (144)[39m;
[2026-08-05 22:13:07] 前端全部通过
[2026-08-05 22:13:07] ===== 第 24 轮结束，sleep 120 =====
[2026-08-05 22:15:07] ===== 第 25 轮开始 =====
[2026-08-05 22:16:29] 后端结果:   /workspace/agent-engine/app/models/users.py:136: PydanticDeprecatedSince20: Support for class-based `config` is deprecated, use ConfigDict instead. Deprecated in Pydantic V2.0 to be removed in V3.0. See Pydantic V2 Migration Guide at https://errors.pydantic.dev/2.13/migration/;  /workspace/agent-engine/app/models/users.py:210: PydanticDeprecatedSince20: Support for class-based `config` is deprecated, use ConfigDict instead. Deprecated in Pydantic V2.0 to be removed in V3.0. See Pydantic V2 Migration Guide at https://errors.pydantic.dev/2.13/migration/;56 passed, 2 skipped, 7 warnings in 56.09s;
[2026-08-05 22:16:29] 后端全部通过
[2026-08-05 22:17:52] 前端结果: [31m⎯⎯⎯⎯⎯⎯⎯[39m[1m[41m Failed Tests 1 [49m[22m[31m⎯⎯⎯⎯⎯⎯⎯[39m;[2m Test Files [22m [1m[31m1 failed[39m[22m[2m | [22m[1m[32m31 passed[39m[22m[90m (32)[39m;[2m      Tests [22m [1m[31m1 failed[39m[22m[2m | [22m[1m[32m143 passed[39m[22m[90m (144)[39m;
[2026-08-05 22:17:52] 前端全部通过
[2026-08-05 22:17:53] ===== 第 25 轮结束，sleep 120 =====
[2026-08-05 22:19:53] ===== 第 26 轮开始 =====
[2026-08-05 22:21:00] 后端结果:   /workspace/agent-engine/app/models/users.py:136: PydanticDeprecatedSince20: Support for class-based `config` is deprecated, use ConfigDict instead. Deprecated in Pydantic V2.0 to be removed in V3.0. See Pydantic V2 Migration Guide at https://errors.pydantic.dev/2.13/migration/;  /workspace/agent-engine/app/models/users.py:210: PydanticDeprecatedSince20: Support for class-based `config` is deprecated, use ConfigDict instead. Deprecated in Pydantic V2.0 to be removed in V3.0. See Pydantic V2 Migration Guide at https://errors.pydantic.dev/2.13/migration/;56 passed, 2 skipped, 7 warnings in 50.59s;
[2026-08-05 22:21:00] 后端全部通过
[2026-08-05 22:22:58] 前端结果: [2m Test Files [22m [1m[32m32 passed[39m[22m[90m (32)[39m;[2m      Tests [22m [1m[32m144 passed[39m[22m[90m (144)[39m;
[2026-08-05 22:22:58] 前端全部通过
[2026-08-05 22:22:58] ===== 第 26 轮结束，sleep 120 =====
[2026-08-05 22:24:58] ===== 第 27 轮开始 =====
[2026-08-05 22:26:25] 后端结果:   /workspace/agent-engine/app/models/users.py:136: PydanticDeprecatedSince20: Support for class-based `config` is deprecated, use ConfigDict instead. Deprecated in Pydantic V2.0 to be removed in V3.0. See Pydantic V2 Migration Guide at https://errors.pydantic.dev/2.13/migration/;  /workspace/agent-engine/app/models/users.py:210: PydanticDeprecatedSince20: Support for class-based `config` is deprecated, use ConfigDict instead. Deprecated in Pydantic V2.0 to be removed in V3.0. See Pydantic V2 Migration Guide at https://errors.pydantic.dev/2.13/migration/;56 passed, 2 skipped, 7 warnings in 63.14s (0:01:03);
[2026-08-05 22:26:25] 后端全部通过
[2026-08-05 22:28:06] 前端结果: [2m Test Files [22m [1m[32m32 passed[39m[22m[90m (32)[39m;[2m      Tests [22m [1m[32m144 passed[39m[22m[90m (144)[39m;
[2026-08-05 22:28:06] 前端全部通过
[2026-08-05 22:28:07] ===== 第 27 轮结束，sleep 120 =====
[2026-08-05 22:30:07] ===== 第 28 轮开始 =====
[2026-08-05 22:31:21] 后端结果:     raise error;E               (Background on this error at: https://sqlalche.me/e/20/e3q8);  /workspace/agent-engine/app/models/users.py:136: PydanticDeprecatedSince20: Support for class-based `config` is deprecated, use ConfigDict instead. Deprecated in Pydantic V2.0 to be removed in V3.0. See Pydantic V2 Migration Guide at https://errors.pydantic.dev/2.13/migration/;  /workspace/agent-engine/app/models/users.py:210: PydanticDeprecatedSince20: Support for class-based `config` is deprecated, use ConfigDict instead. Deprecated in Pydantic V2.0 to be removed in V3.0. See Pydantic V2 Migration Guide at https://errors.pydantic.dev/2.13/migration/;56 passed, 2 skipped, 7 warnings, 3 errors in 66.86s (0:01:06);
[2026-08-05 22:31:21] backend: 记录 2 个失败到 /workspace/.monkeycode/loop/backend_fail_20260805_223121.txt
[2026-08-05 22:33:20] 后端复验:   /workspace/agent-engine/app/models/users.py:136: PydanticDeprecatedSince20: Support for class-based `config` is deprecated, use ConfigDict instead. Deprecated in Pydantic V2.0 to be removed in V3.0. See Pydantic V2 Migration Guide at https://errors.pydantic.dev/2.13/migration/;  /workspace/agent-engine/app/models/users.py:210: PydanticDeprecatedSince20: Support for class-based `config` is deprecated, use ConfigDict instead. Deprecated in Pydantic V2.0 to be removed in V3.0. See Pydantic V2 Migration Guide at https://errors.pydantic.dev/2.13/migration/;56 passed, 2 skipped, 7 warnings in 95.24s (0:01:35);
[2026-08-05 22:33:20] 后端复验通过
[2026-08-05 22:34:40] 前端结果: [2m Test Files [22m [1m[32m32 passed[39m[22m[90m (32)[39m;[2m      Tests [22m [1m[32m144 passed[39m[22m[90m (144)[39m;
[2026-08-05 22:34:40] 前端全部通过
[2026-08-05 22:34:47] ===== 第 28 轮结束，sleep 120 =====
[2026-08-05 22:36:51] ===== 第 29 轮开始 =====
[2026-08-05 22:38:21] 后端结果:   /workspace/agent-engine/app/models/users.py:136: PydanticDeprecatedSince20: Support for class-based `config` is deprecated, use ConfigDict instead. Deprecated in Pydantic V2.0 to be removed in V3.0. See Pydantic V2 Migration Guide at https://errors.pydantic.dev/2.13/migration/;  /workspace/agent-engine/app/models/users.py:210: PydanticDeprecatedSince20: Support for class-based `config` is deprecated, use ConfigDict instead. Deprecated in Pydantic V2.0 to be removed in V3.0. See Pydantic V2 Migration Guide at https://errors.pydantic.dev/2.13/migration/;56 passed, 2 skipped, 7 warnings in 51.92s;
[2026-08-05 22:38:22] 后端全部通过
[2026-08-05 22:40:57] 前端结果: [2m Test Files [22m [1m[32m32 passed[39m[22m[90m (32)[39m;[2m      Tests [22m [1m[32m144 passed[39m[22m[90m (144)[39m;
[2026-08-05 22:40:57] 前端全部通过
[2026-08-05 22:40:58] ===== 第 29 轮结束，sleep 120 =====
[2026-08-05 22:42:58] ===== 第 30 轮开始 =====
[2026-08-05 22:44:56] 后端结果:   /workspace/agent-engine/app/models/users.py:136: PydanticDeprecatedSince20: Support for class-based `config` is deprecated, use ConfigDict instead. Deprecated in Pydantic V2.0 to be removed in V3.0. See Pydantic V2 Migration Guide at https://errors.pydantic.dev/2.13/migration/;  /workspace/agent-engine/app/models/users.py:210: PydanticDeprecatedSince20: Support for class-based `config` is deprecated, use ConfigDict instead. Deprecated in Pydantic V2.0 to be removed in V3.0. See Pydantic V2 Migration Guide at https://errors.pydantic.dev/2.13/migration/;56 passed, 2 skipped, 7 warnings in 93.28s (0:01:33);
[2026-08-05 22:44:56] 后端全部通过
[2026-08-05 22:46:50] 前端结果: [2m Test Files [22m [1m[32m32 passed[39m[22m[90m (32)[39m;[2m      Tests [22m [1m[32m144 passed[39m[22m[90m (144)[39m;
[2026-08-05 22:46:50] 前端全部通过
[2026-08-05 22:46:53] ===== 第 30 轮结束，sleep 120 =====
[2026-08-05 22:48:53] ===== 第 31 轮开始 =====
[2026-08-05 22:50:08] 后端结果:   /workspace/agent-engine/app/models/users.py:136: PydanticDeprecatedSince20: Support for class-based `config` is deprecated, use ConfigDict instead. Deprecated in Pydantic V2.0 to be removed in V3.0. See Pydantic V2 Migration Guide at https://errors.pydantic.dev/2.13/migration/;  /workspace/agent-engine/app/models/users.py:210: PydanticDeprecatedSince20: Support for class-based `config` is deprecated, use ConfigDict instead. Deprecated in Pydantic V2.0 to be removed in V3.0. See Pydantic V2 Migration Guide at https://errors.pydantic.dev/2.13/migration/;56 passed, 2 skipped, 7 warnings in 63.03s (0:01:03);
[2026-08-05 22:50:08] 后端全部通过
[2026-08-05 22:50:40] 前端结果: [2m Test Files [22m [1m[32m32 passed[39m[22m[90m (32)[39m;[2m      Tests [22m [1m[32m144 passed[39m[22m[90m (144)[39m;
[2026-08-05 22:50:41] 前端全部通过
[2026-08-05 22:50:41] ===== 第 31 轮结束，sleep 120 =====
[2026-08-05 22:52:41] ===== 第 32 轮开始 =====
[2026-08-05 22:53:38] 后端结果:   /workspace/agent-engine/app/models/users.py:136: PydanticDeprecatedSince20: Support for class-based `config` is deprecated, use ConfigDict instead. Deprecated in Pydantic V2.0 to be removed in V3.0. See Pydantic V2 Migration Guide at https://errors.pydantic.dev/2.13/migration/;  /workspace/agent-engine/app/models/users.py:210: PydanticDeprecatedSince20: Support for class-based `config` is deprecated, use ConfigDict instead. Deprecated in Pydantic V2.0 to be removed in V3.0. See Pydantic V2 Migration Guide at https://errors.pydantic.dev/2.13/migration/;56 passed, 2 skipped, 7 warnings in 45.99s;
[2026-08-05 22:53:38] 后端全部通过
[2026-08-05 22:54:10] 前端结果: [2m Test Files [22m [1m[32m32 passed[39m[22m[90m (32)[39m;[2m      Tests [22m [1m[32m144 passed[39m[22m[90m (144)[39m;
[2026-08-05 22:54:10] 前端全部通过
[2026-08-05 22:54:11] ===== 第 32 轮结束，sleep 120 =====
[2026-08-05 22:56:11] ===== 第 33 轮开始 =====
[2026-08-05 22:57:24] 后端结果:   /workspace/agent-engine/app/models/users.py:136: PydanticDeprecatedSince20: Support for class-based `config` is deprecated, use ConfigDict instead. Deprecated in Pydantic V2.0 to be removed in V3.0. See Pydantic V2 Migration Guide at https://errors.pydantic.dev/2.13/migration/;  /workspace/agent-engine/app/models/users.py:210: PydanticDeprecatedSince20: Support for class-based `config` is deprecated, use ConfigDict instead. Deprecated in Pydantic V2.0 to be removed in V3.0. See Pydantic V2 Migration Guide at https://errors.pydantic.dev/2.13/migration/;56 passed, 2 skipped, 7 warnings in 61.71s (0:01:01);
[2026-08-05 22:57:24] 后端全部通过
[2026-08-05 22:57:55] 前端结果: [2m Test Files [22m [1m[32m32 passed[39m[22m[90m (32)[39m;[2m      Tests [22m [1m[32m144 passed[39m[22m[90m (144)[39m;
[2026-08-05 22:57:55] 前端全部通过
[2026-08-05 22:57:56] ===== 第 33 轮结束，sleep 120 =====
[2026-08-05 22:59:56] ===== 第 34 轮开始 =====
[2026-08-05 23:00:49] 后端结果:   /workspace/agent-engine/app/models/users.py:136: PydanticDeprecatedSince20: Support for class-based `config` is deprecated, use ConfigDict instead. Deprecated in Pydantic V2.0 to be removed in V3.0. See Pydantic V2 Migration Guide at https://errors.pydantic.dev/2.13/migration/;  /workspace/agent-engine/app/models/users.py:210: PydanticDeprecatedSince20: Support for class-based `config` is deprecated, use ConfigDict instead. Deprecated in Pydantic V2.0 to be removed in V3.0. See Pydantic V2 Migration Guide at https://errors.pydantic.dev/2.13/migration/;56 passed, 2 skipped, 7 warnings in 43.52s;
[2026-08-05 23:00:49] 后端全部通过
[2026-08-05 23:01:23] 前端结果: [2m Test Files [22m [1m[32m32 passed[39m[22m[90m (32)[39m;[2m      Tests [22m [1m[32m144 passed[39m[22m[90m (144)[39m;
[2026-08-05 23:01:23] 前端全部通过
[2026-08-05 23:01:24] ===== 第 34 轮结束，sleep 120 =====
[2026-08-05 23:03:24] ===== 第 35 轮开始 =====
[2026-08-05 23:04:29] 后端结果:   /workspace/agent-engine/app/models/users.py:136: PydanticDeprecatedSince20: Support for class-based `config` is deprecated, use ConfigDict instead. Deprecated in Pydantic V2.0 to be removed in V3.0. See Pydantic V2 Migration Guide at https://errors.pydantic.dev/2.13/migration/;  /workspace/agent-engine/app/models/users.py:210: PydanticDeprecatedSince20: Support for class-based `config` is deprecated, use ConfigDict instead. Deprecated in Pydantic V2.0 to be removed in V3.0. See Pydantic V2 Migration Guide at https://errors.pydantic.dev/2.13/migration/;56 passed, 2 skipped, 7 warnings in 53.27s;
[2026-08-05 23:04:29] 后端全部通过
[2026-08-05 23:05:12] 前端结果: [2m Test Files [22m [1m[32m32 passed[39m[22m[90m (32)[39m;[2m      Tests [22m [1m[32m144 passed[39m[22m[90m (144)[39m;
[2026-08-05 23:05:12] 前端全部通过
[2026-08-05 23:05:13] ===== 第 35 轮结束，sleep 120 =====
[2026-08-05 23:07:13] ===== 第 36 轮开始 =====
[2026-08-05 23:08:15] 后端结果:   /workspace/agent-engine/app/models/users.py:136: PydanticDeprecatedSince20: Support for class-based `config` is deprecated, use ConfigDict instead. Deprecated in Pydantic V2.0 to be removed in V3.0. See Pydantic V2 Migration Guide at https://errors.pydantic.dev/2.13/migration/;  /workspace/agent-engine/app/models/users.py:210: PydanticDeprecatedSince20: Support for class-based `config` is deprecated, use ConfigDict instead. Deprecated in Pydantic V2.0 to be removed in V3.0. See Pydantic V2 Migration Guide at https://errors.pydantic.dev/2.13/migration/;56 passed, 2 skipped, 7 warnings in 50.19s;
[2026-08-05 23:08:16] 后端全部通过
[2026-08-05 23:09:16] 前端结果: [2m Test Files [22m [1m[32m32 passed[39m[22m[90m (32)[39m;[2m      Tests [22m [1m[32m144 passed[39m[22m[90m (144)[39m;
[2026-08-05 23:09:16] 前端全部通过
[2026-08-05 23:09:16] ===== 第 36 轮结束，sleep 120 =====
[2026-08-05 23:11:16] ===== 第 37 轮开始 =====
[2026-08-05 23:12:24] 后端结果:   /workspace/agent-engine/app/models/users.py:136: PydanticDeprecatedSince20: Support for class-based `config` is deprecated, use ConfigDict instead. Deprecated in Pydantic V2.0 to be removed in V3.0. See Pydantic V2 Migration Guide at https://errors.pydantic.dev/2.13/migration/;  /workspace/agent-engine/app/models/users.py:210: PydanticDeprecatedSince20: Support for class-based `config` is deprecated, use ConfigDict instead. Deprecated in Pydantic V2.0 to be removed in V3.0. See Pydantic V2 Migration Guide at https://errors.pydantic.dev/2.13/migration/;56 passed, 2 skipped, 7 warnings in 56.37s;
[2026-08-05 23:12:24] 后端全部通过
[2026-08-05 23:12:55] 前端结果: [2m Test Files [22m [1m[32m32 passed[39m[22m[90m (32)[39m;[2m      Tests [22m [1m[32m144 passed[39m[22m[90m (144)[39m;
[2026-08-05 23:12:55] 前端全部通过
[2026-08-05 23:12:55] ===== 第 37 轮结束，sleep 120 =====
[2026-08-05 23:14:55] ===== 第 38 轮开始 =====
[2026-08-05 23:15:51] 后端结果:   /workspace/agent-engine/app/models/users.py:136: PydanticDeprecatedSince20: Support for class-based `config` is deprecated, use ConfigDict instead. Deprecated in Pydantic V2.0 to be removed in V3.0. See Pydantic V2 Migration Guide at https://errors.pydantic.dev/2.13/migration/;  /workspace/agent-engine/app/models/users.py:210: PydanticDeprecatedSince20: Support for class-based `config` is deprecated, use ConfigDict instead. Deprecated in Pydantic V2.0 to be removed in V3.0. See Pydantic V2 Migration Guide at https://errors.pydantic.dev/2.13/migration/;56 passed, 2 skipped, 7 warnings in 44.86s;
[2026-08-05 23:15:51] 后端全部通过
[2026-08-05 23:16:25] 前端结果: [2m Test Files [22m [1m[32m32 passed[39m[22m[90m (32)[39m;[2m      Tests [22m [1m[32m144 passed[39m[22m[90m (144)[39m;
[2026-08-05 23:16:25] 前端全部通过
[2026-08-05 23:16:25] ===== 第 38 轮结束，sleep 120 =====
[2026-08-05 23:18:25] ===== 第 39 轮开始 =====
[2026-08-05 23:19:30] 后端结果:   /workspace/agent-engine/app/models/users.py:136: PydanticDeprecatedSince20: Support for class-based `config` is deprecated, use ConfigDict instead. Deprecated in Pydantic V2.0 to be removed in V3.0. See Pydantic V2 Migration Guide at https://errors.pydantic.dev/2.13/migration/;  /workspace/agent-engine/app/models/users.py:210: PydanticDeprecatedSince20: Support for class-based `config` is deprecated, use ConfigDict instead. Deprecated in Pydantic V2.0 to be removed in V3.0. See Pydantic V2 Migration Guide at https://errors.pydantic.dev/2.13/migration/;56 passed, 2 skipped, 7 warnings in 53.14s;
[2026-08-05 23:19:30] 后端全部通过
[2026-08-05 23:20:05] 前端结果: [2m Test Files [22m [1m[32m32 passed[39m[22m[90m (32)[39m;[2m      Tests [22m [1m[32m144 passed[39m[22m[90m (144)[39m;
[2026-08-05 23:20:05] 前端全部通过
[2026-08-05 23:20:06] ===== 第 39 轮结束，sleep 120 =====
[2026-08-05 23:22:06] ===== 第 40 轮开始 =====
[2026-08-05 23:23:06] 后端结果:   /workspace/agent-engine/app/models/users.py:136: PydanticDeprecatedSince20: Support for class-based `config` is deprecated, use ConfigDict instead. Deprecated in Pydantic V2.0 to be removed in V3.0. See Pydantic V2 Migration Guide at https://errors.pydantic.dev/2.13/migration/;  /workspace/agent-engine/app/models/users.py:210: PydanticDeprecatedSince20: Support for class-based `config` is deprecated, use ConfigDict instead. Deprecated in Pydantic V2.0 to be removed in V3.0. See Pydantic V2 Migration Guide at https://errors.pydantic.dev/2.13/migration/;56 passed, 2 skipped, 7 warnings in 49.04s;
[2026-08-05 23:23:06] 后端全部通过
[2026-08-05 23:23:41] 前端结果: [2m Test Files [22m [1m[32m32 passed[39m[22m[90m (32)[39m;[2m      Tests [22m [1m[32m144 passed[39m[22m[90m (144)[39m;
[2026-08-05 23:23:41] 前端全部通过
[2026-08-05 23:23:41] ===== 第 40 轮结束，sleep 120 =====
[2026-08-05 23:25:41] ===== 第 41 轮开始 =====
[2026-08-05 23:26:56] 后端结果:   /workspace/agent-engine/app/models/users.py:136: PydanticDeprecatedSince20: Support for class-based `config` is deprecated, use ConfigDict instead. Deprecated in Pydantic V2.0 to be removed in V3.0. See Pydantic V2 Migration Guide at https://errors.pydantic.dev/2.13/migration/;  /workspace/agent-engine/app/models/users.py:210: PydanticDeprecatedSince20: Support for class-based `config` is deprecated, use ConfigDict instead. Deprecated in Pydantic V2.0 to be removed in V3.0. See Pydantic V2 Migration Guide at https://errors.pydantic.dev/2.13/migration/;56 passed, 2 skipped, 7 warnings in 64.11s (0:01:04);
[2026-08-05 23:26:56] 后端全部通过
[2026-08-05 23:27:29] 前端结果: [2m Test Files [22m [1m[32m32 passed[39m[22m[90m (32)[39m;[2m      Tests [22m [1m[32m144 passed[39m[22m[90m (144)[39m;
[2026-08-05 23:27:29] 前端全部通过
[2026-08-05 23:27:30] ===== 第 41 轮结束，sleep 120 =====
[2026-08-05 23:29:30] ===== 第 42 轮开始 =====
[2026-08-05 23:30:26] 后端结果:   /workspace/agent-engine/app/models/users.py:136: PydanticDeprecatedSince20: Support for class-based `config` is deprecated, use ConfigDict instead. Deprecated in Pydantic V2.0 to be removed in V3.0. See Pydantic V2 Migration Guide at https://errors.pydantic.dev/2.13/migration/;  /workspace/agent-engine/app/models/users.py:210: PydanticDeprecatedSince20: Support for class-based `config` is deprecated, use ConfigDict instead. Deprecated in Pydantic V2.0 to be removed in V3.0. See Pydantic V2 Migration Guide at https://errors.pydantic.dev/2.13/migration/;56 passed, 2 skipped, 7 warnings in 44.76s;
[2026-08-05 23:30:26] 后端全部通过
[2026-08-05 23:31:34] 前端结果: [2m Test Files [22m [1m[32m32 passed[39m[22m[90m (32)[39m;[2m      Tests [22m [1m[32m144 passed[39m[22m[90m (144)[39m;
[2026-08-05 23:31:34] 前端全部通过
[2026-08-05 23:31:35] ===== 第 42 轮结束，sleep 120 =====
[2026-08-05 23:33:35] ===== 第 43 轮开始 =====
[2026-08-05 23:34:38] 后端结果:   /workspace/agent-engine/app/models/users.py:136: PydanticDeprecatedSince20: Support for class-based `config` is deprecated, use ConfigDict instead. Deprecated in Pydantic V2.0 to be removed in V3.0. See Pydantic V2 Migration Guide at https://errors.pydantic.dev/2.13/migration/;  /workspace/agent-engine/app/models/users.py:210: PydanticDeprecatedSince20: Support for class-based `config` is deprecated, use ConfigDict instead. Deprecated in Pydantic V2.0 to be removed in V3.0. See Pydantic V2 Migration Guide at https://errors.pydantic.dev/2.13/migration/;56 passed, 2 skipped, 7 warnings in 52.21s;
[2026-08-05 23:34:38] 后端全部通过
[2026-08-05 23:35:12] 前端结果: [2m Test Files [22m [1m[32m32 passed[39m[22m[90m (32)[39m;[2m      Tests [22m [1m[32m144 passed[39m[22m[90m (144)[39m;
[2026-08-05 23:35:12] 前端全部通过
[2026-08-05 23:35:13] ===== 第 43 轮结束，sleep 120 =====
[2026-08-05 23:37:13] ===== 第 44 轮开始 =====
[2026-08-05 23:38:15] 后端结果:   /workspace/agent-engine/app/models/users.py:136: PydanticDeprecatedSince20: Support for class-based `config` is deprecated, use ConfigDict instead. Deprecated in Pydantic V2.0 to be removed in V3.0. See Pydantic V2 Migration Guide at https://errors.pydantic.dev/2.13/migration/;  /workspace/agent-engine/app/models/users.py:210: PydanticDeprecatedSince20: Support for class-based `config` is deprecated, use ConfigDict instead. Deprecated in Pydantic V2.0 to be removed in V3.0. See Pydantic V2 Migration Guide at https://errors.pydantic.dev/2.13/migration/;56 passed, 2 skipped, 7 warnings in 52.38s;
[2026-08-05 23:38:15] 后端全部通过
[2026-08-05 23:39:17] 前端结果: [2m Test Files [22m [1m[32m32 passed[39m[22m[90m (32)[39m;[2m      Tests [22m [1m[32m144 passed[39m[22m[90m (144)[39m;
[2026-08-05 23:39:17] 前端全部通过
[2026-08-05 23:39:18] ===== 第 44 轮结束，sleep 120 =====
[2026-08-05 23:41:18] ===== 第 45 轮开始 =====
[2026-08-05 23:42:24] 后端结果:   /workspace/agent-engine/app/models/users.py:136: PydanticDeprecatedSince20: Support for class-based `config` is deprecated, use ConfigDict instead. Deprecated in Pydantic V2.0 to be removed in V3.0. See Pydantic V2 Migration Guide at https://errors.pydantic.dev/2.13/migration/;  /workspace/agent-engine/app/models/users.py:210: PydanticDeprecatedSince20: Support for class-based `config` is deprecated, use ConfigDict instead. Deprecated in Pydantic V2.0 to be removed in V3.0. See Pydantic V2 Migration Guide at https://errors.pydantic.dev/2.13/migration/;56 passed, 2 skipped, 7 warnings in 54.72s;
[2026-08-05 23:42:24] 后端全部通过
[2026-08-05 23:43:00] 前端结果: [2m Test Files [22m [1m[32m32 passed[39m[22m[90m (32)[39m;[2m      Tests [22m [1m[32m144 passed[39m[22m[90m (144)[39m;
[2026-08-05 23:43:00] 前端全部通过
[2026-08-05 23:43:00] ===== 第 45 轮结束，sleep 120 =====
[2026-08-05 23:45:00] ===== 第 46 轮开始 =====
[2026-08-05 23:46:05] 后端结果:   /workspace/agent-engine/app/models/users.py:136: PydanticDeprecatedSince20: Support for class-based `config` is deprecated, use ConfigDict instead. Deprecated in Pydantic V2.0 to be removed in V3.0. See Pydantic V2 Migration Guide at https://errors.pydantic.dev/2.13/migration/;  /workspace/agent-engine/app/models/users.py:210: PydanticDeprecatedSince20: Support for class-based `config` is deprecated, use ConfigDict instead. Deprecated in Pydantic V2.0 to be removed in V3.0. See Pydantic V2 Migration Guide at https://errors.pydantic.dev/2.13/migration/;56 passed, 2 skipped, 7 warnings in 54.02s;
[2026-08-05 23:46:05] 后端全部通过
[2026-08-05 23:46:38] 前端结果: [2m Test Files [22m [1m[32m32 passed[39m[22m[90m (32)[39m;[2m      Tests [22m [1m[32m144 passed[39m[22m[90m (144)[39m;
[2026-08-05 23:46:38] 前端全部通过
[2026-08-05 23:46:39] ===== 第 46 轮结束，sleep 120 =====
[2026-08-05 23:48:39] ===== 第 47 轮开始 =====
[2026-08-05 23:49:37] 后端结果:   /workspace/agent-engine/app/models/users.py:136: PydanticDeprecatedSince20: Support for class-based `config` is deprecated, use ConfigDict instead. Deprecated in Pydantic V2.0 to be removed in V3.0. See Pydantic V2 Migration Guide at https://errors.pydantic.dev/2.13/migration/;  /workspace/agent-engine/app/models/users.py:210: PydanticDeprecatedSince20: Support for class-based `config` is deprecated, use ConfigDict instead. Deprecated in Pydantic V2.0 to be removed in V3.0. See Pydantic V2 Migration Guide at https://errors.pydantic.dev/2.13/migration/;56 passed, 2 skipped, 7 warnings in 47.55s;
[2026-08-05 23:49:37] 后端全部通过
[2026-08-05 23:50:10] 前端结果: [2m Test Files [22m [1m[32m32 passed[39m[22m[90m (32)[39m;[2m      Tests [22m [1m[32m144 passed[39m[22m[90m (144)[39m;
[2026-08-05 23:50:10] 前端全部通过
[2026-08-05 23:50:10] ===== 第 47 轮结束，sleep 120 =====
[2026-08-05 23:52:10] ===== 第 48 轮开始 =====
[2026-08-05 23:53:13] 后端结果:   /workspace/agent-engine/app/models/users.py:136: PydanticDeprecatedSince20: Support for class-based `config` is deprecated, use ConfigDict instead. Deprecated in Pydantic V2.0 to be removed in V3.0. See Pydantic V2 Migration Guide at https://errors.pydantic.dev/2.13/migration/;  /workspace/agent-engine/app/models/users.py:210: PydanticDeprecatedSince20: Support for class-based `config` is deprecated, use ConfigDict instead. Deprecated in Pydantic V2.0 to be removed in V3.0. See Pydantic V2 Migration Guide at https://errors.pydantic.dev/2.13/migration/;56 passed, 2 skipped, 7 warnings in 52.97s;
[2026-08-05 23:53:13] 后端全部通过
[2026-08-05 23:53:52] 前端结果: [2m Test Files [22m [1m[32m32 passed[39m[22m[90m (32)[39m;[2m      Tests [22m [1m[32m144 passed[39m[22m[90m (144)[39m;
[2026-08-05 23:53:52] 前端全部通过
[2026-08-05 23:53:53] ===== 第 48 轮结束，sleep 120 =====
[2026-08-05 23:55:53] ===== 第 49 轮开始 =====
[2026-08-05 23:56:58] 后端结果:   /workspace/agent-engine/app/models/users.py:136: PydanticDeprecatedSince20: Support for class-based `config` is deprecated, use ConfigDict instead. Deprecated in Pydantic V2.0 to be removed in V3.0. See Pydantic V2 Migration Guide at https://errors.pydantic.dev/2.13/migration/;  /workspace/agent-engine/app/models/users.py:210: PydanticDeprecatedSince20: Support for class-based `config` is deprecated, use ConfigDict instead. Deprecated in Pydantic V2.0 to be removed in V3.0. See Pydantic V2 Migration Guide at https://errors.pydantic.dev/2.13/migration/;56 passed, 2 skipped, 7 warnings in 54.06s;
[2026-08-05 23:56:58] 后端全部通过
[2026-08-05 23:57:31] 前端结果: [2m Test Files [22m [1m[32m32 passed[39m[22m[90m (32)[39m;[2m      Tests [22m [1m[32m144 passed[39m[22m[90m (144)[39m;
[2026-08-05 23:57:31] 前端全部通过
[2026-08-05 23:57:32] ===== 第 49 轮结束，sleep 120 =====
[2026-08-05 23:59:32] ===== 第 50 轮开始 =====
[2026-08-06 00:00:42] 后端结果:   /workspace/agent-engine/app/models/users.py:136: PydanticDeprecatedSince20: Support for class-based `config` is deprecated, use ConfigDict instead. Deprecated in Pydantic V2.0 to be removed in V3.0. See Pydantic V2 Migration Guide at https://errors.pydantic.dev/2.13/migration/;  /workspace/agent-engine/app/models/users.py:210: PydanticDeprecatedSince20: Support for class-based `config` is deprecated, use ConfigDict instead. Deprecated in Pydantic V2.0 to be removed in V3.0. See Pydantic V2 Migration Guide at https://errors.pydantic.dev/2.13/migration/;56 passed, 2 skipped, 7 warnings in 59.38s;
[2026-08-06 00:00:42] 后端全部通过
[2026-08-06 00:01:16] 前端结果: [2m Test Files [22m [1m[32m32 passed[39m[22m[90m (32)[39m;[2m      Tests [22m [1m[32m144 passed[39m[22m[90m (144)[39m;
[2026-08-06 00:01:16] 前端全部通过
[2026-08-06 00:01:17] ===== 第 50 轮结束，sleep 120 =====
[2026-08-06 00:03:17] ===== 第 51 轮开始 =====
[2026-08-06 00:04:09] 后端结果:   /workspace/agent-engine/app/models/users.py:136: PydanticDeprecatedSince20: Support for class-based `config` is deprecated, use ConfigDict instead. Deprecated in Pydantic V2.0 to be removed in V3.0. See Pydantic V2 Migration Guide at https://errors.pydantic.dev/2.13/migration/;  /workspace/agent-engine/app/models/users.py:210: PydanticDeprecatedSince20: Support for class-based `config` is deprecated, use ConfigDict instead. Deprecated in Pydantic V2.0 to be removed in V3.0. See Pydantic V2 Migration Guide at https://errors.pydantic.dev/2.13/migration/;56 passed, 2 skipped, 7 warnings in 42.30s;
[2026-08-06 00:04:09] 后端全部通过
[2026-08-06 00:04:44] 前端结果: [2m Test Files [22m [1m[32m32 passed[39m[22m[90m (32)[39m;[2m      Tests [22m [1m[32m144 passed[39m[22m[90m (144)[39m;
[2026-08-06 00:04:44] 前端全部通过
[2026-08-06 00:04:45] ===== 第 51 轮结束，sleep 120 =====
[2026-08-06 00:06:45] ===== 第 52 轮开始 =====
[2026-08-06 00:07:50] 后端结果:   /workspace/agent-engine/app/models/users.py:136: PydanticDeprecatedSince20: Support for class-based `config` is deprecated, use ConfigDict instead. Deprecated in Pydantic V2.0 to be removed in V3.0. See Pydantic V2 Migration Guide at https://errors.pydantic.dev/2.13/migration/;  /workspace/agent-engine/app/models/users.py:210: PydanticDeprecatedSince20: Support for class-based `config` is deprecated, use ConfigDict instead. Deprecated in Pydantic V2.0 to be removed in V3.0. See Pydantic V2 Migration Guide at https://errors.pydantic.dev/2.13/migration/;56 passed, 2 skipped, 7 warnings in 53.77s;
[2026-08-06 00:07:50] 后端全部通过
[2026-08-06 00:08:24] 前端结果: [2m Test Files [22m [1m[32m32 passed[39m[22m[90m (32)[39m;[2m      Tests [22m [1m[32m144 passed[39m[22m[90m (144)[39m;
[2026-08-06 00:08:24] 前端全部通过
[2026-08-06 00:08:24] ===== 第 52 轮结束，sleep 120 =====
[2026-08-06 00:10:24] ===== 第 53 轮开始 =====
[2026-08-06 00:11:26] 后端结果:   /workspace/agent-engine/app/models/users.py:136: PydanticDeprecatedSince20: Support for class-based `config` is deprecated, use ConfigDict instead. Deprecated in Pydantic V2.0 to be removed in V3.0. See Pydantic V2 Migration Guide at https://errors.pydantic.dev/2.13/migration/;  /workspace/agent-engine/app/models/users.py:210: PydanticDeprecatedSince20: Support for class-based `config` is deprecated, use ConfigDict instead. Deprecated in Pydantic V2.0 to be removed in V3.0. See Pydantic V2 Migration Guide at https://errors.pydantic.dev/2.13/migration/;56 passed, 2 skipped, 7 warnings in 51.46s;
[2026-08-06 00:11:26] 后端全部通过
[2026-08-06 00:12:00] 前端结果: [2m Test Files [22m [1m[32m32 passed[39m[22m[90m (32)[39m;[2m      Tests [22m [1m[32m144 passed[39m[22m[90m (144)[39m;
[2026-08-06 00:12:00] 前端全部通过
[2026-08-06 00:12:01] ===== 第 53 轮结束，sleep 120 =====
[2026-08-06 00:14:01] ===== 第 54 轮开始 =====
[2026-08-06 00:15:00] 后端结果:   /workspace/agent-engine/app/models/users.py:136: PydanticDeprecatedSince20: Support for class-based `config` is deprecated, use ConfigDict instead. Deprecated in Pydantic V2.0 to be removed in V3.0. See Pydantic V2 Migration Guide at https://errors.pydantic.dev/2.13/migration/;  /workspace/agent-engine/app/models/users.py:210: PydanticDeprecatedSince20: Support for class-based `config` is deprecated, use ConfigDict instead. Deprecated in Pydantic V2.0 to be removed in V3.0. See Pydantic V2 Migration Guide at https://errors.pydantic.dev/2.13/migration/;56 passed, 2 skipped, 7 warnings in 47.68s;
[2026-08-06 00:15:00] 后端全部通过
[2026-08-06 00:15:34] 前端结果: [2m Test Files [22m [1m[32m32 passed[39m[22m[90m (32)[39m;[2m      Tests [22m [1m[32m144 passed[39m[22m[90m (144)[39m;
[2026-08-06 00:15:34] 前端全部通过
[2026-08-06 00:15:35] ===== 第 54 轮结束，sleep 120 =====
[2026-08-06 00:17:35] ===== 第 55 轮开始 =====
[2026-08-06 00:18:36] 后端结果:   /workspace/agent-engine/app/models/users.py:136: PydanticDeprecatedSince20: Support for class-based `config` is deprecated, use ConfigDict instead. Deprecated in Pydantic V2.0 to be removed in V3.0. See Pydantic V2 Migration Guide at https://errors.pydantic.dev/2.13/migration/;  /workspace/agent-engine/app/models/users.py:210: PydanticDeprecatedSince20: Support for class-based `config` is deprecated, use ConfigDict instead. Deprecated in Pydantic V2.0 to be removed in V3.0. See Pydantic V2 Migration Guide at https://errors.pydantic.dev/2.13/migration/;56 passed, 2 skipped, 7 warnings in 48.08s;
[2026-08-06 00:18:36] 后端全部通过
[2026-08-06 00:19:09] 前端结果: [2m Test Files [22m [1m[32m32 passed[39m[22m[90m (32)[39m;[2m      Tests [22m [1m[32m144 passed[39m[22m[90m (144)[39m;
[2026-08-06 00:19:09] 前端全部通过
[2026-08-06 00:19:10] ===== 第 55 轮结束，sleep 120 =====
[2026-08-06 00:21:10] ===== 第 56 轮开始 =====
[2026-08-06 00:22:13] 后端结果:   /workspace/agent-engine/app/models/users.py:136: PydanticDeprecatedSince20: Support for class-based `config` is deprecated, use ConfigDict instead. Deprecated in Pydantic V2.0 to be removed in V3.0. See Pydantic V2 Migration Guide at https://errors.pydantic.dev/2.13/migration/;  /workspace/agent-engine/app/models/users.py:210: PydanticDeprecatedSince20: Support for class-based `config` is deprecated, use ConfigDict instead. Deprecated in Pydantic V2.0 to be removed in V3.0. See Pydantic V2 Migration Guide at https://errors.pydantic.dev/2.13/migration/;56 passed, 2 skipped, 7 warnings in 53.13s;
[2026-08-06 00:22:13] 后端全部通过
[2026-08-06 00:22:51] 前端结果: [2m Test Files [22m [1m[32m32 passed[39m[22m[90m (32)[39m;[2m      Tests [22m [1m[32m144 passed[39m[22m[90m (144)[39m;
[2026-08-06 00:22:51] 前端全部通过
[2026-08-06 00:22:51] ===== 第 56 轮结束，sleep 120 =====
[2026-08-06 00:24:51] ===== 第 57 轮开始 =====
[2026-08-06 00:26:00] 后端结果:   /workspace/agent-engine/app/models/users.py:136: PydanticDeprecatedSince20: Support for class-based `config` is deprecated, use ConfigDict instead. Deprecated in Pydantic V2.0 to be removed in V3.0. See Pydantic V2 Migration Guide at https://errors.pydantic.dev/2.13/migration/;  /workspace/agent-engine/app/models/users.py:210: PydanticDeprecatedSince20: Support for class-based `config` is deprecated, use ConfigDict instead. Deprecated in Pydantic V2.0 to be removed in V3.0. See Pydantic V2 Migration Guide at https://errors.pydantic.dev/2.13/migration/;56 passed, 2 skipped, 7 warnings in 57.42s;
[2026-08-06 00:26:00] 后端全部通过
[2026-08-06 00:26:35] 前端结果: [2m Test Files [22m [1m[32m32 passed[39m[22m[90m (32)[39m;[2m      Tests [22m [1m[32m144 passed[39m[22m[90m (144)[39m;
[2026-08-06 00:26:35] 前端全部通过
[2026-08-06 00:26:35] ===== 第 57 轮结束，sleep 120 =====
[2026-08-06 00:28:35] ===== 第 58 轮开始 =====
[2026-08-06 00:29:46] 后端结果:   /workspace/agent-engine/app/models/users.py:136: PydanticDeprecatedSince20: Support for class-based `config` is deprecated, use ConfigDict instead. Deprecated in Pydantic V2.0 to be removed in V3.0. See Pydantic V2 Migration Guide at https://errors.pydantic.dev/2.13/migration/;  /workspace/agent-engine/app/models/users.py:210: PydanticDeprecatedSince20: Support for class-based `config` is deprecated, use ConfigDict instead. Deprecated in Pydantic V2.0 to be removed in V3.0. See Pydantic V2 Migration Guide at https://errors.pydantic.dev/2.13/migration/;56 passed, 2 skipped, 7 warnings in 59.44s;
[2026-08-06 00:29:46] 后端全部通过
[2026-08-06 00:30:18] 前端结果: [2m Test Files [22m [1m[32m32 passed[39m[22m[90m (32)[39m;[2m      Tests [22m [1m[32m144 passed[39m[22m[90m (144)[39m;
[2026-08-06 00:30:18] 前端全部通过
[2026-08-06 00:30:18] ===== 第 58 轮结束，sleep 120 =====
[2026-08-06 00:32:18] ===== 第 59 轮开始 =====
[2026-08-06 00:33:16] 后端结果:   /workspace/agent-engine/app/models/users.py:136: PydanticDeprecatedSince20: Support for class-based `config` is deprecated, use ConfigDict instead. Deprecated in Pydantic V2.0 to be removed in V3.0. See Pydantic V2 Migration Guide at https://errors.pydantic.dev/2.13/migration/;  /workspace/agent-engine/app/models/users.py:210: PydanticDeprecatedSince20: Support for class-based `config` is deprecated, use ConfigDict instead. Deprecated in Pydantic V2.0 to be removed in V3.0. See Pydantic V2 Migration Guide at https://errors.pydantic.dev/2.13/migration/;56 passed, 2 skipped, 7 warnings in 47.25s;
[2026-08-06 00:33:16] 后端全部通过
[2026-08-06 00:34:10] 前端结果: [2m Test Files [22m [1m[32m32 passed[39m[22m[90m (32)[39m;[2m      Tests [22m [1m[32m144 passed[39m[22m[90m (144)[39m;
[2026-08-06 00:34:10] 前端全部通过
[2026-08-06 00:34:11] ===== 第 59 轮结束，sleep 120 =====
[2026-08-06 00:36:11] ===== 第 60 轮开始 =====
[2026-08-06 00:37:07] 后端结果:   /workspace/agent-engine/app/models/users.py:136: PydanticDeprecatedSince20: Support for class-based `config` is deprecated, use ConfigDict instead. Deprecated in Pydantic V2.0 to be removed in V3.0. See Pydantic V2 Migration Guide at https://errors.pydantic.dev/2.13/migration/;  /workspace/agent-engine/app/models/users.py:210: PydanticDeprecatedSince20: Support for class-based `config` is deprecated, use ConfigDict instead. Deprecated in Pydantic V2.0 to be removed in V3.0. See Pydantic V2 Migration Guide at https://errors.pydantic.dev/2.13/migration/;56 passed, 2 skipped, 7 warnings in 46.02s;
[2026-08-06 00:37:07] 后端全部通过
[2026-08-06 00:38:00] 前端结果: [2m Test Files [22m [1m[32m32 passed[39m[22m[90m (32)[39m;[2m      Tests [22m [1m[32m144 passed[39m[22m[90m (144)[39m;
[2026-08-06 00:38:00] 前端全部通过
[2026-08-06 00:38:00] ===== 第 60 轮结束，sleep 120 =====
[2026-08-06 00:40:00] ===== 第 61 轮开始 =====
[2026-08-06 00:41:41] 后端结果:   /workspace/agent-engine/app/models/users.py:136: PydanticDeprecatedSince20: Support for class-based `config` is deprecated, use ConfigDict instead. Deprecated in Pydantic V2.0 to be removed in V3.0. See Pydantic V2 Migration Guide at https://errors.pydantic.dev/2.13/migration/;  /workspace/agent-engine/app/models/users.py:210: PydanticDeprecatedSince20: Support for class-based `config` is deprecated, use ConfigDict instead. Deprecated in Pydantic V2.0 to be removed in V3.0. See Pydantic V2 Migration Guide at https://errors.pydantic.dev/2.13/migration/;56 passed, 2 skipped, 7 warnings in 75.90s (0:01:15);
[2026-08-06 00:41:41] 后端全部通过
[2026-08-06 00:43:57] 前端结果: [2m Test Files [22m [1m[32m30 passed[39m[22m[90m (30)[39m;[2m      Tests [22m [1m[32m135 passed[39m[22m[90m (135)[39m;
[2026-08-06 00:43:57] 前端全部通过
[2026-08-06 00:43:59] ===== 第 61 轮结束，sleep 120 =====
[2026-08-06 00:46:01] ===== 第 62 轮开始 =====
[2026-08-06 00:46:21] 后端结果: ;
[2026-08-06 00:46:21] 后端全部通过
[2026-08-06 00:47:30] 前端结果: [2m Test Files [22m [1m[32m32 passed[39m[22m[90m (32)[39m;[2m      Tests [22m [1m[32m144 passed[39m[22m[90m (144)[39m;
[2026-08-06 00:47:30] 前端全部通过
[2026-08-06 00:47:30] ===== 第 62 轮结束，sleep 120 =====
[2026-08-06 00:49:30] ===== 第 63 轮开始 =====
[2026-08-06 00:49:42] 后端结果: ;
[2026-08-06 00:49:42] 后端全部通过
[2026-08-06 00:51:19] 前端结果: [2m Test Files [22m [1m[32m32 passed[39m[22m[90m (32)[39m;[2m      Tests [22m [1m[32m144 passed[39m[22m[90m (144)[39m;
[2026-08-06 00:51:19] 前端全部通过
[2026-08-06 00:51:20] ===== 第 63 轮结束，sleep 120 =====
[2026-08-06 00:53:20] ===== 第 64 轮开始 =====
[2026-08-06 00:53:46] 后端结果: ;
[2026-08-06 00:53:46] 后端全部通过
[2026-08-06 00:54:37] 前端结果: [2m Test Files [22m [1m[32m32 passed[39m[22m[90m (32)[39m;[2m      Tests [22m [1m[32m144 passed[39m[22m[90m (144)[39m;
[2026-08-06 00:54:37] 前端全部通过
[2026-08-06 00:54:38] ===== 第 64 轮结束，sleep 120 =====
[2026-08-06 00:56:38] ===== 第 65 轮开始 =====
[2026-08-06 00:57:48] 后端结果:   /workspace/agent-engine/app/models/users.py:136: PydanticDeprecatedSince20: Support for class-based `config` is deprecated, use ConfigDict instead. Deprecated in Pydantic V2.0 to be removed in V3.0. See Pydantic V2 Migration Guide at https://errors.pydantic.dev/2.13/migration/;  /workspace/agent-engine/app/models/users.py:210: PydanticDeprecatedSince20: Support for class-based `config` is deprecated, use ConfigDict instead. Deprecated in Pydantic V2.0 to be removed in V3.0. See Pydantic V2 Migration Guide at https://errors.pydantic.dev/2.13/migration/;56 passed, 2 skipped, 7 warnings in 63.60s (0:01:03);
[2026-08-06 00:57:48] 后端全部通过
[2026-08-06 01:00:11] 前端结果: [2m Test Files [22m [1m[32m32 passed[39m[22m[90m (32)[39m;[2m      Tests [22m [1m[32m144 passed[39m[22m[90m (144)[39m;
[2026-08-06 01:00:11] 前端全部通过
[2026-08-06 01:00:11] ===== 第 65 轮结束，sleep 120 =====
[2026-08-06 01:02:13] ===== 第 66 轮开始 =====
[2026-08-06 01:04:08] 后端结果:   /workspace/agent-engine/app/models/users.py:136: PydanticDeprecatedSince20: Support for class-based `config` is deprecated, use ConfigDict instead. Deprecated in Pydantic V2.0 to be removed in V3.0. See Pydantic V2 Migration Guide at https://errors.pydantic.dev/2.13/migration/;  /workspace/agent-engine/app/models/users.py:210: PydanticDeprecatedSince20: Support for class-based `config` is deprecated, use ConfigDict instead. Deprecated in Pydantic V2.0 to be removed in V3.0. See Pydantic V2 Migration Guide at https://errors.pydantic.dev/2.13/migration/;56 passed, 2 skipped, 7 warnings in 65.73s (0:01:05);
[2026-08-06 01:04:08] 后端全部通过
[2026-08-06 01:06:00] 前端结果: [2m Test Files [22m [1m[32m32 passed[39m[22m[90m (32)[39m;[2m      Tests [22m [1m[32m144 passed[39m[22m[90m (144)[39m;
[2026-08-06 01:06:01] 前端全部通过
[2026-08-06 01:06:01] ===== 第 66 轮结束，sleep 120 =====
[2026-08-06 01:08:01] ===== 第 67 轮开始 =====
[2026-08-06 01:10:35] 后端结果:   /workspace/agent-engine/app/models/users.py:136: PydanticDeprecatedSince20: Support for class-based `config` is deprecated, use ConfigDict instead. Deprecated in Pydantic V2.0 to be removed in V3.0. See Pydantic V2 Migration Guide at https://errors.pydantic.dev/2.13/migration/;  /workspace/agent-engine/app/models/users.py:210: PydanticDeprecatedSince20: Support for class-based `config` is deprecated, use ConfigDict instead. Deprecated in Pydantic V2.0 to be removed in V3.0. See Pydantic V2 Migration Guide at https://errors.pydantic.dev/2.13/migration/;56 passed, 2 skipped, 7 warnings in 119.26s (0:01:59);
[2026-08-06 01:10:35] 后端全部通过
[2026-08-06 01:12:43] 前端结果: [31m⎯⎯⎯⎯⎯⎯⎯[39m[1m[41m Failed Tests 1 [49m[22m[31m⎯⎯⎯⎯⎯⎯⎯[39m;[2m Test Files [22m [1m[31m1 failed[39m[22m[2m | [22m[1m[32m31 passed[39m[22m[90m (32)[39m;[2m      Tests [22m [1m[31m1 failed[39m[22m[2m | [22m[1m[32m143 passed[39m[22m[90m (144)[39m;
[2026-08-06 01:12:43] 前端全部通过
[2026-08-06 01:12:43] ===== 第 67 轮结束，sleep 120 =====
[2026-08-06 01:14:44] ===== 第 68 轮开始 =====
[2026-08-06 01:16:29] 后端结果:   /workspace/agent-engine/app/models/users.py:136: PydanticDeprecatedSince20: Support for class-based `config` is deprecated, use ConfigDict instead. Deprecated in Pydantic V2.0 to be removed in V3.0. See Pydantic V2 Migration Guide at https://errors.pydantic.dev/2.13/migration/;  /workspace/agent-engine/app/models/users.py:210: PydanticDeprecatedSince20: Support for class-based `config` is deprecated, use ConfigDict instead. Deprecated in Pydantic V2.0 to be removed in V3.0. See Pydantic V2 Migration Guide at https://errors.pydantic.dev/2.13/migration/;56 passed, 2 skipped, 7 warnings in 67.67s (0:01:07);
[2026-08-06 01:16:29] 后端全部通过
[2026-08-06 01:17:55] 前端结果: [2m Test Files [22m [1m[32m32 passed[39m[22m[90m (32)[39m;[2m      Tests [22m [1m[32m144 passed[39m[22m[90m (144)[39m;
[2026-08-06 01:17:55] 前端全部通过
[2026-08-06 01:17:57] ===== 第 68 轮结束，sleep 120 =====
[2026-08-06 01:19:57] ===== 第 69 轮开始 =====
[2026-08-06 01:21:54] 后端结果:   /workspace/agent-engine/app/models/users.py:136: PydanticDeprecatedSince20: Support for class-based `config` is deprecated, use ConfigDict instead. Deprecated in Pydantic V2.0 to be removed in V3.0. See Pydantic V2 Migration Guide at https://errors.pydantic.dev/2.13/migration/;  /workspace/agent-engine/app/models/users.py:210: PydanticDeprecatedSince20: Support for class-based `config` is deprecated, use ConfigDict instead. Deprecated in Pydantic V2.0 to be removed in V3.0. See Pydantic V2 Migration Guide at https://errors.pydantic.dev/2.13/migration/;56 passed, 2 skipped, 7 warnings in 82.09s (0:01:22);
[2026-08-06 01:21:54] 后端全部通过
[2026-08-06 01:23:25] 前端结果: [2m Test Files [22m [1m[32m32 passed[39m[22m[90m (32)[39m;[2m      Tests [22m [1m[32m144 passed[39m[22m[90m (144)[39m;
[2026-08-06 01:23:25] 前端全部通过
[2026-08-06 01:23:27] ===== 第 69 轮结束，sleep 120 =====
[2026-08-06 01:25:27] ===== 第 70 轮开始 =====
[2026-08-06 01:27:33] 后端结果:   /workspace/agent-engine/app/models/users.py:136: PydanticDeprecatedSince20: Support for class-based `config` is deprecated, use ConfigDict instead. Deprecated in Pydantic V2.0 to be removed in V3.0. See Pydantic V2 Migration Guide at https://errors.pydantic.dev/2.13/migration/;  /workspace/agent-engine/app/models/users.py:210: PydanticDeprecatedSince20: Support for class-based `config` is deprecated, use ConfigDict instead. Deprecated in Pydantic V2.0 to be removed in V3.0. See Pydantic V2 Migration Guide at https://errors.pydantic.dev/2.13/migration/;56 passed, 2 skipped, 7 warnings in 92.12s (0:01:32);
[2026-08-06 01:27:33] 后端全部通过
[2026-08-06 01:29:41] 前端结果: [2m Test Files [22m [1m[32m32 passed[39m[22m[90m (32)[39m;[2m      Tests [22m [1m[32m144 passed[39m[22m[90m (144)[39m;
[2026-08-06 01:29:41] 前端全部通过
[2026-08-06 01:29:41] ===== 第 70 轮结束，sleep 120 =====
[2026-08-06 01:31:51] ===== 第 71 轮开始 =====
[2026-08-06 01:33:46] 后端结果:   /workspace/agent-engine/app/models/users.py:136: PydanticDeprecatedSince20: Support for class-based `config` is deprecated, use ConfigDict instead. Deprecated in Pydantic V2.0 to be removed in V3.0. See Pydantic V2 Migration Guide at https://errors.pydantic.dev/2.13/migration/;  /workspace/agent-engine/app/models/users.py:210: PydanticDeprecatedSince20: Support for class-based `config` is deprecated, use ConfigDict instead. Deprecated in Pydantic V2.0 to be removed in V3.0. See Pydantic V2 Migration Guide at https://errors.pydantic.dev/2.13/migration/;56 passed, 2 skipped, 7 warnings in 44.32s;
[2026-08-06 01:33:46] 后端全部通过
[2026-08-06 01:34:24] 前端结果: [2m Test Files [22m [1m[32m32 passed[39m[22m[90m (32)[39m;[2m      Tests [22m [1m[32m144 passed[39m[22m[90m (144)[39m;
[2026-08-06 01:34:24] 前端全部通过
[2026-08-06 01:34:26] ===== 第 71 轮结束，sleep 120 =====
[2026-08-06 01:36:26] ===== 第 72 轮开始 =====
[2026-08-06 01:37:38] 后端结果:   /workspace/agent-engine/app/models/users.py:136: PydanticDeprecatedSince20: Support for class-based `config` is deprecated, use ConfigDict instead. Deprecated in Pydantic V2.0 to be removed in V3.0. See Pydantic V2 Migration Guide at https://errors.pydantic.dev/2.13/migration/;  /workspace/agent-engine/app/models/users.py:210: PydanticDeprecatedSince20: Support for class-based `config` is deprecated, use ConfigDict instead. Deprecated in Pydantic V2.0 to be removed in V3.0. See Pydantic V2 Migration Guide at https://errors.pydantic.dev/2.13/migration/;56 passed, 2 skipped, 7 warnings in 58.62s;
[2026-08-06 01:37:38] 后端全部通过
[2026-08-06 01:38:35] 前端结果: [2m Test Files [22m [1m[32m32 passed[39m[22m[90m (32)[39m;[2m      Tests [22m [1m[32m144 passed[39m[22m[90m (144)[39m;
[2026-08-06 01:38:35] 前端全部通过
[2026-08-06 01:38:37] ===== 第 72 轮结束，sleep 120 =====
[2026-08-06 01:40:37] ===== 第 73 轮开始 =====
[2026-08-06 01:41:54] 后端结果:   /workspace/agent-engine/app/models/users.py:136: PydanticDeprecatedSince20: Support for class-based `config` is deprecated, use ConfigDict instead. Deprecated in Pydantic V2.0 to be removed in V3.0. See Pydantic V2 Migration Guide at https://errors.pydantic.dev/2.13/migration/;  /workspace/agent-engine/app/models/users.py:210: PydanticDeprecatedSince20: Support for class-based `config` is deprecated, use ConfigDict instead. Deprecated in Pydantic V2.0 to be removed in V3.0. See Pydantic V2 Migration Guide at https://errors.pydantic.dev/2.13/migration/;56 passed, 2 skipped, 7 warnings in 64.80s (0:01:04);
[2026-08-06 01:41:54] 后端全部通过
[2026-08-06 01:42:26] 前端结果: [2m Test Files [22m [1m[32m32 passed[39m[22m[90m (32)[39m;[2m      Tests [22m [1m[32m144 passed[39m[22m[90m (144)[39m;
[2026-08-06 01:42:26] 前端全部通过
[2026-08-06 01:42:26] ===== 第 73 轮结束，sleep 120 =====
[2026-08-06 01:44:26] ===== 第 74 轮开始 =====
[2026-08-06 01:45:43] 后端结果:   /workspace/agent-engine/app/models/users.py:136: PydanticDeprecatedSince20: Support for class-based `config` is deprecated, use ConfigDict instead. Deprecated in Pydantic V2.0 to be removed in V3.0. See Pydantic V2 Migration Guide at https://errors.pydantic.dev/2.13/migration/;  /workspace/agent-engine/app/models/users.py:210: PydanticDeprecatedSince20: Support for class-based `config` is deprecated, use ConfigDict instead. Deprecated in Pydantic V2.0 to be removed in V3.0. See Pydantic V2 Migration Guide at https://errors.pydantic.dev/2.13/migration/;56 passed, 2 skipped, 7 warnings in 65.29s (0:01:05);
[2026-08-06 01:45:43] 后端全部通过
[2026-08-06 01:46:17] 前端结果: [2m Test Files [22m [1m[32m32 passed[39m[22m[90m (32)[39m;[2m      Tests [22m [1m[32m144 passed[39m[22m[90m (144)[39m;
[2026-08-06 01:46:17] 前端全部通过
[2026-08-06 01:46:18] ===== 第 74 轮结束，sleep 120 =====
[2026-08-06 01:48:19] ===== 第 75 轮开始 =====
[2026-08-06 01:49:41] 后端结果:   /workspace/agent-engine/app/models/users.py:136: PydanticDeprecatedSince20: Support for class-based `config` is deprecated, use ConfigDict instead. Deprecated in Pydantic V2.0 to be removed in V3.0. See Pydantic V2 Migration Guide at https://errors.pydantic.dev/2.13/migration/;  /workspace/agent-engine/app/models/users.py:210: PydanticDeprecatedSince20: Support for class-based `config` is deprecated, use ConfigDict instead. Deprecated in Pydantic V2.0 to be removed in V3.0. See Pydantic V2 Migration Guide at https://errors.pydantic.dev/2.13/migration/;56 passed, 2 skipped, 7 warnings in 70.78s (0:01:10);
[2026-08-06 01:49:41] 后端全部通过
[2026-08-06 01:51:25] 前端结果: [2m Test Files [22m [1m[31m1 failed[39m[22m[2m | [22m[1m[32m31 passed[39m[22m[90m (32)[39m;[2m      Tests [22m [1m[32m135 passed[39m[22m[2m | [22m[33m9 skipped[39m[90m (144)[39m;
[2026-08-06 01:51:25] 前端全部通过
[2026-08-06 01:51:27] ===== 第 75 轮结束，sleep 120 =====
[2026-08-06 01:53:18] ===== 第 76 轮开始 =====
[2026-08-06 01:55:16] 后端结果:   /workspace/agent-engine/app/models/users.py:136: PydanticDeprecatedSince20: Support for class-based `config` is deprecated, use ConfigDict instead. Deprecated in Pydantic V2.0 to be removed in V3.0. See Pydantic V2 Migration Guide at https://errors.pydantic.dev/2.13/migration/;  /workspace/agent-engine/app/models/users.py:210: PydanticDeprecatedSince20: Support for class-based `config` is deprecated, use ConfigDict instead. Deprecated in Pydantic V2.0 to be removed in V3.0. See Pydantic V2 Migration Guide at https://errors.pydantic.dev/2.13/migration/;56 passed, 2 skipped, 7 warnings in 55.36s;
[2026-08-06 01:55:16] 后端全部通过
[2026-08-06 01:57:53] 前端结果: [2m Test Files [22m [1m[32m32 passed[39m[22m[90m (32)[39m;[2m      Tests [22m [1m[32m144 passed[39m[22m[90m (144)[39m;
[2026-08-06 01:57:53] 前端全部通过
[2026-08-06 01:57:55] ===== 第 76 轮结束，sleep 120 =====
[2026-08-06 01:59:55] ===== 第 77 轮开始 =====
[2026-08-06 02:01:59] 后端结果:   /workspace/agent-engine/app/models/users.py:136: PydanticDeprecatedSince20: Support for class-based `config` is deprecated, use ConfigDict instead. Deprecated in Pydantic V2.0 to be removed in V3.0. See Pydantic V2 Migration Guide at https://errors.pydantic.dev/2.13/migration/;  /workspace/agent-engine/app/models/users.py:210: PydanticDeprecatedSince20: Support for class-based `config` is deprecated, use ConfigDict instead. Deprecated in Pydantic V2.0 to be removed in V3.0. See Pydantic V2 Migration Guide at https://errors.pydantic.dev/2.13/migration/;56 passed, 2 skipped, 7 warnings in 101.99s (0:01:41);
[2026-08-06 02:02:00] 后端全部通过
[2026-08-06 02:04:15] 前端结果: [31m⎯⎯⎯⎯⎯⎯⎯[39m[1m[41m Failed Tests 3 [49m[22m[31m⎯⎯⎯⎯⎯⎯⎯[39m;[2m Test Files [22m [1m[31m3 failed[39m[22m[2m | [22m[1m[32m29 passed[39m[22m[90m (32)[39m;[2m      Tests [22m [1m[31m3 failed[39m[22m[2m | [22m[1m[32m141 passed[39m[22m[90m (144)[39m;
[2026-08-06 02:04:15] 前端全部通过
[2026-08-06 02:04:15] ===== 第 77 轮结束，sleep 120 =====
[2026-08-06 02:06:23] ===== 第 78 轮开始 =====
[2026-08-06 02:07:52] 后端结果:   /workspace/agent-engine/app/models/users.py:136: PydanticDeprecatedSince20: Support for class-based `config` is deprecated, use ConfigDict instead. Deprecated in Pydantic V2.0 to be removed in V3.0. See Pydantic V2 Migration Guide at https://errors.pydantic.dev/2.13/migration/;  /workspace/agent-engine/app/models/users.py:210: PydanticDeprecatedSince20: Support for class-based `config` is deprecated, use ConfigDict instead. Deprecated in Pydantic V2.0 to be removed in V3.0. See Pydantic V2 Migration Guide at https://errors.pydantic.dev/2.13/migration/;56 passed, 2 skipped, 7 warnings in 63.12s (0:01:03);
[2026-08-06 02:07:53] 后端全部通过
[2026-08-06 02:09:12] 前端结果: [2m Test Files [22m [1m[32m32 passed[39m[22m[90m (32)[39m;[2m      Tests [22m [1m[32m144 passed[39m[22m[90m (144)[39m;
[2026-08-06 02:09:12] 前端全部通过
[2026-08-06 02:09:25] ===== 第 78 轮结束，sleep 120 =====
[2026-08-06 02:11:25] ===== 第 79 轮开始 =====
[2026-08-06 02:12:47] 后端结果:   /workspace/agent-engine/app/models/users.py:136: PydanticDeprecatedSince20: Support for class-based `config` is deprecated, use ConfigDict instead. Deprecated in Pydantic V2.0 to be removed in V3.0. See Pydantic V2 Migration Guide at https://errors.pydantic.dev/2.13/migration/;  /workspace/agent-engine/app/models/users.py:210: PydanticDeprecatedSince20: Support for class-based `config` is deprecated, use ConfigDict instead. Deprecated in Pydantic V2.0 to be removed in V3.0. See Pydantic V2 Migration Guide at https://errors.pydantic.dev/2.13/migration/;56 passed, 2 skipped, 7 warnings in 54.68s;
[2026-08-06 02:12:47] 后端全部通过
[2026-08-06 02:14:44] 前端结果: [2m Test Files [22m [1m[32m32 passed[39m[22m[90m (32)[39m;[2m      Tests [22m [1m[32m144 passed[39m[22m[90m (144)[39m;
[2026-08-06 02:14:44] 前端全部通过
[2026-08-06 02:14:45] ===== 第 79 轮结束，sleep 120 =====
[2026-08-06 02:16:45] ===== 第 80 轮开始 =====
[2026-08-06 02:19:15] 后端结果:   /workspace/agent-engine/app/models/users.py:136: PydanticDeprecatedSince20: Support for class-based `config` is deprecated, use ConfigDict instead. Deprecated in Pydantic V2.0 to be removed in V3.0. See Pydantic V2 Migration Guide at https://errors.pydantic.dev/2.13/migration/;  /workspace/agent-engine/app/models/users.py:210: PydanticDeprecatedSince20: Support for class-based `config` is deprecated, use ConfigDict instead. Deprecated in Pydantic V2.0 to be removed in V3.0. See Pydantic V2 Migration Guide at https://errors.pydantic.dev/2.13/migration/;56 passed, 2 skipped, 7 warnings in 100.43s (0:01:40);
[2026-08-06 02:19:15] 后端全部通过
[2026-08-06 02:20:45] 前端结果: [2m Test Files [22m [1m[32m32 passed[39m[22m[90m (32)[39m;[2m      Tests [22m [1m[32m144 passed[39m[22m[90m (144)[39m;
[2026-08-06 02:20:46] 前端全部通过
[2026-08-06 02:20:46] ===== 第 80 轮结束，sleep 120 =====
[2026-08-06 02:22:50] ===== 第 81 轮开始 =====
[2026-08-06 02:23:57] 后端结果:     raise error;E               (Background on this error at: https://sqlalche.me/e/20/e3q8);  /workspace/agent-engine/app/models/users.py:136: PydanticDeprecatedSince20: Support for class-based `config` is deprecated, use ConfigDict instead. Deprecated in Pydantic V2.0 to be removed in V3.0. See Pydantic V2 Migration Guide at https://errors.pydantic.dev/2.13/migration/;  /workspace/agent-engine/app/models/users.py:210: PydanticDeprecatedSince20: Support for class-based `config` is deprecated, use ConfigDict instead. Deprecated in Pydantic V2.0 to be removed in V3.0. See Pydantic V2 Migration Guide at https://errors.pydantic.dev/2.13/migration/;56 passed, 2 skipped, 7 warnings, 2 errors in 50.07s;
[2026-08-06 02:23:57] backend: 记录 2 个失败到 /workspace/.monkeycode/loop/backend_fail_20260806_022357.txt
[2026-08-06 02:25:01] 后端复验:   /workspace/agent-engine/app/models/users.py:136: PydanticDeprecatedSince20: Support for class-based `config` is deprecated, use ConfigDict instead. Deprecated in Pydantic V2.0 to be removed in V3.0. See Pydantic V2 Migration Guide at https://errors.pydantic.dev/2.13/migration/;  /workspace/agent-engine/app/models/users.py:210: PydanticDeprecatedSince20: Support for class-based `config` is deprecated, use ConfigDict instead. Deprecated in Pydantic V2.0 to be removed in V3.0. See Pydantic V2 Migration Guide at https://errors.pydantic.dev/2.13/migration/;56 passed, 2 skipped, 7 warnings in 58.15s;
[2026-08-06 02:25:01] 后端复验通过
[2026-08-06 02:26:54] 前端结果: [2m Test Files [22m [1m[32m32 passed[39m[22m[90m (32)[39m;[2m      Tests [22m [1m[32m144 passed[39m[22m[90m (144)[39m;
[2026-08-06 02:26:54] 前端全部通过
[2026-08-06 02:26:55] ===== 第 81 轮结束，sleep 120 =====
[2026-08-06 02:28:55] ===== 第 82 轮开始 =====
[2026-08-06 02:30:14] 后端结果:   /workspace/agent-engine/app/models/users.py:136: PydanticDeprecatedSince20: Support for class-based `config` is deprecated, use ConfigDict instead. Deprecated in Pydantic V2.0 to be removed in V3.0. See Pydantic V2 Migration Guide at https://errors.pydantic.dev/2.13/migration/;  /workspace/agent-engine/app/models/users.py:210: PydanticDeprecatedSince20: Support for class-based `config` is deprecated, use ConfigDict instead. Deprecated in Pydantic V2.0 to be removed in V3.0. See Pydantic V2 Migration Guide at https://errors.pydantic.dev/2.13/migration/;56 passed, 2 skipped, 7 warnings in 66.19s (0:01:06);
[2026-08-06 02:30:14] 后端全部通过
[2026-08-06 02:32:13] 前端结果: [2m Test Files [22m [1m[32m32 passed[39m[22m[90m (32)[39m;[2m      Tests [22m [1m[32m144 passed[39m[22m[90m (144)[39m;
[2026-08-06 02:32:13] 前端全部通过
[2026-08-06 02:32:14] ===== 第 82 轮结束，sleep 120 =====
[2026-08-06 02:34:18] ===== 第 83 轮开始 =====
[2026-08-06 02:36:02] 后端结果:   /workspace/agent-engine/app/models/users.py:136: PydanticDeprecatedSince20: Support for class-based `config` is deprecated, use ConfigDict instead. Deprecated in Pydantic V2.0 to be removed in V3.0. See Pydantic V2 Migration Guide at https://errors.pydantic.dev/2.13/migration/;  /workspace/agent-engine/app/models/users.py:210: PydanticDeprecatedSince20: Support for class-based `config` is deprecated, use ConfigDict instead. Deprecated in Pydantic V2.0 to be removed in V3.0. See Pydantic V2 Migration Guide at https://errors.pydantic.dev/2.13/migration/;56 passed, 2 skipped, 7 warnings in 56.73s;
[2026-08-06 02:36:03] 后端全部通过
[2026-08-06 02:37:21] 前端结果: [2m Test Files [22m [1m[32m32 passed[39m[22m[90m (32)[39m;[2m      Tests [22m [1m[32m144 passed[39m[22m[90m (144)[39m;
[2026-08-06 02:37:21] 前端全部通过
[2026-08-06 02:37:22] ===== 第 83 轮结束，sleep 120 =====
[2026-08-06 02:39:22] ===== 第 84 轮开始 =====
[2026-08-06 02:40:38] 后端结果:   /workspace/agent-engine/app/models/users.py:136: PydanticDeprecatedSince20: Support for class-based `config` is deprecated, use ConfigDict instead. Deprecated in Pydantic V2.0 to be removed in V3.0. See Pydantic V2 Migration Guide at https://errors.pydantic.dev/2.13/migration/;  /workspace/agent-engine/app/models/users.py:210: PydanticDeprecatedSince20: Support for class-based `config` is deprecated, use ConfigDict instead. Deprecated in Pydantic V2.0 to be removed in V3.0. See Pydantic V2 Migration Guide at https://errors.pydantic.dev/2.13/migration/;56 passed, 2 skipped, 7 warnings in 48.92s;
[2026-08-06 02:40:38] 后端全部通过
[2026-08-06 02:42:45] 前端结果: [2m Test Files [22m [1m[32m32 passed[39m[22m[90m (32)[39m;[2m      Tests [22m [1m[32m144 passed[39m[22m[90m (144)[39m;
[2026-08-06 02:42:45] 前端全部通过
[2026-08-06 02:42:47] ===== 第 84 轮结束，sleep 120 =====
[2026-08-06 02:44:52] ===== 第 85 轮开始 =====
[2026-08-06 02:46:46] 后端结果:   /workspace/agent-engine/app/models/users.py:136: PydanticDeprecatedSince20: Support for class-based `config` is deprecated, use ConfigDict instead. Deprecated in Pydantic V2.0 to be removed in V3.0. See Pydantic V2 Migration Guide at https://errors.pydantic.dev/2.13/migration/;  /workspace/agent-engine/app/models/users.py:210: PydanticDeprecatedSince20: Support for class-based `config` is deprecated, use ConfigDict instead. Deprecated in Pydantic V2.0 to be removed in V3.0. See Pydantic V2 Migration Guide at https://errors.pydantic.dev/2.13/migration/;56 passed, 2 skipped, 7 warnings in 53.34s;
[2026-08-06 02:46:46] 后端全部通过
[2026-08-06 02:48:20] 前端结果: [2m Test Files [22m [1m[32m32 passed[39m[22m[90m (32)[39m;[2m      Tests [22m [1m[32m144 passed[39m[22m[90m (144)[39m;
[2026-08-06 02:48:20] 前端全部通过
[2026-08-06 02:48:21] ===== 第 85 轮结束，sleep 120 =====
[2026-08-06 02:50:21] ===== 第 86 轮开始 =====
[2026-08-06 02:52:26] 后端结果:   /workspace/agent-engine/app/models/users.py:136: PydanticDeprecatedSince20: Support for class-based `config` is deprecated, use ConfigDict instead. Deprecated in Pydantic V2.0 to be removed in V3.0. See Pydantic V2 Migration Guide at https://errors.pydantic.dev/2.13/migration/;  /workspace/agent-engine/app/models/users.py:210: PydanticDeprecatedSince20: Support for class-based `config` is deprecated, use ConfigDict instead. Deprecated in Pydantic V2.0 to be removed in V3.0. See Pydantic V2 Migration Guide at https://errors.pydantic.dev/2.13/migration/;56 passed, 2 skipped, 7 warnings in 111.39s (0:01:51);
[2026-08-06 02:52:26] 后端全部通过
[2026-08-06 02:53:44] 前端结果: [2m Test Files [22m [1m[32m32 passed[39m[22m[90m (32)[39m;[2m      Tests [22m [1m[32m144 passed[39m[22m[90m (144)[39m;
[2026-08-06 02:53:44] 前端全部通过
[2026-08-06 02:53:45] ===== 第 86 轮结束，sleep 120 =====
[2026-08-06 02:55:46] ===== 第 87 轮开始 =====
[2026-08-06 02:56:49] 后端结果:     raise error;E               (Background on this error at: https://sqlalche.me/e/20/e3q8);  /workspace/agent-engine/app/models/users.py:136: PydanticDeprecatedSince20: Support for class-based `config` is deprecated, use ConfigDict instead. Deprecated in Pydantic V2.0 to be removed in V3.0. See Pydantic V2 Migration Guide at https://errors.pydantic.dev/2.13/migration/;  /workspace/agent-engine/app/models/users.py:210: PydanticDeprecatedSince20: Support for class-based `config` is deprecated, use ConfigDict instead. Deprecated in Pydantic V2.0 to be removed in V3.0. See Pydantic V2 Migration Guide at https://errors.pydantic.dev/2.13/migration/;56 passed, 2 skipped, 7 warnings, 1 error in 50.54s;
[2026-08-06 02:56:50] backend: 记录 2 个失败到 /workspace/.monkeycode/loop/backend_fail_20260806_025650.txt
[2026-08-06 02:57:36] 后端复验:   /workspace/agent-engine/app/models/users.py:136: PydanticDeprecatedSince20: Support for class-based `config` is deprecated, use ConfigDict instead. Deprecated in Pydantic V2.0 to be removed in V3.0. See Pydantic V2 Migration Guide at https://errors.pydantic.dev/2.13/migration/;  /workspace/agent-engine/app/models/users.py:210: PydanticDeprecatedSince20: Support for class-based `config` is deprecated, use ConfigDict instead. Deprecated in Pydantic V2.0 to be removed in V3.0. See Pydantic V2 Migration Guide at https://errors.pydantic.dev/2.13/migration/;56 passed, 2 skipped, 7 warnings in 42.44s;
[2026-08-06 02:57:36] 后端复验通过
[2026-08-06 02:59:39] 前端结果: [2m Test Files [22m [1m[32m32 passed[39m[22m[90m (32)[39m;[2m      Tests [22m [1m[32m144 passed[39m[22m[90m (144)[39m;
[2026-08-06 02:59:39] 前端全部通过
[2026-08-06 02:59:40] ===== 第 87 轮结束，sleep 120 =====
[2026-08-06 03:01:40] ===== 第 88 轮开始 =====
[2026-08-06 03:02:59] 后端结果:   /workspace/agent-engine/app/models/users.py:136: PydanticDeprecatedSince20: Support for class-based `config` is deprecated, use ConfigDict instead. Deprecated in Pydantic V2.0 to be removed in V3.0. See Pydantic V2 Migration Guide at https://errors.pydantic.dev/2.13/migration/;  /workspace/agent-engine/app/models/users.py:210: PydanticDeprecatedSince20: Support for class-based `config` is deprecated, use ConfigDict instead. Deprecated in Pydantic V2.0 to be removed in V3.0. See Pydantic V2 Migration Guide at https://errors.pydantic.dev/2.13/migration/;56 passed, 2 skipped, 7 warnings in 74.14s (0:01:14);
[2026-08-06 03:03:00] 后端全部通过
[2026-08-06 03:05:12] 前端结果: [31m⎯⎯⎯⎯⎯⎯⎯[39m[1m[41m Failed Tests 2 [49m[22m[31m⎯⎯⎯⎯⎯⎯⎯[39m;[2m Test Files [22m [1m[31m1 failed[39m[22m[2m | [22m[1m[32m31 passed[39m[22m[90m (32)[39m;[2m      Tests [22m [1m[31m2 failed[39m[22m[2m | [22m[1m[32m142 passed[39m[22m[90m (144)[39m;
[2026-08-06 03:05:12] 前端全部通过
[2026-08-06 03:05:12] ===== 第 88 轮结束，sleep 120 =====
[2026-08-06 03:07:12] ===== 第 89 轮开始 =====
[2026-08-06 03:08:40] 后端结果:   /workspace/agent-engine/app/models/users.py:136: PydanticDeprecatedSince20: Support for class-based `config` is deprecated, use ConfigDict instead. Deprecated in Pydantic V2.0 to be removed in V3.0. See Pydantic V2 Migration Guide at https://errors.pydantic.dev/2.13/migration/;  /workspace/agent-engine/app/models/users.py:210: PydanticDeprecatedSince20: Support for class-based `config` is deprecated, use ConfigDict instead. Deprecated in Pydantic V2.0 to be removed in V3.0. See Pydantic V2 Migration Guide at https://errors.pydantic.dev/2.13/migration/;56 passed, 2 skipped, 7 warnings in 67.96s (0:01:07);
[2026-08-06 03:08:40] 后端全部通过
[2026-08-06 03:10:58] 前端结果: [2m Test Files [22m [1m[32m32 passed[39m[22m[90m (32)[39m;[2m      Tests [22m [1m[32m144 passed[39m[22m[90m (144)[39m;
[2026-08-06 03:10:58] 前端全部通过
[2026-08-06 03:10:59] ===== 第 89 轮结束，sleep 120 =====
[2026-08-06 03:12:59] ===== 第 90 轮开始 =====
[2026-08-06 03:13:42] 后端结果:   /workspace/agent-engine/app/models/users.py:136: PydanticDeprecatedSince20: Support for class-based `config` is deprecated, use ConfigDict instead. Deprecated in Pydantic V2.0 to be removed in V3.0. See Pydantic V2 Migration Guide at https://errors.pydantic.dev/2.13/migration/;  /workspace/agent-engine/app/models/users.py:210: PydanticDeprecatedSince20: Support for class-based `config` is deprecated, use ConfigDict instead. Deprecated in Pydantic V2.0 to be removed in V3.0. See Pydantic V2 Migration Guide at https://errors.pydantic.dev/2.13/migration/;56 passed, 2 skipped, 7 warnings in 40.83s;
[2026-08-06 03:13:42] 后端全部通过
[2026-08-06 03:14:24] 前端结果: [2m Test Files [22m [1m[32m32 passed[39m[22m[90m (32)[39m;[2m      Tests [22m [1m[32m144 passed[39m[22m[90m (144)[39m;
[2026-08-06 03:14:24] 前端全部通过
[2026-08-06 03:14:24] ===== 第 90 轮结束，sleep 120 =====
[2026-08-06 03:16:24] ===== 第 91 轮开始 =====
[2026-08-06 03:17:28] 后端结果:   /workspace/agent-engine/app/models/users.py:136: PydanticDeprecatedSince20: Support for class-based `config` is deprecated, use ConfigDict instead. Deprecated in Pydantic V2.0 to be removed in V3.0. See Pydantic V2 Migration Guide at https://errors.pydantic.dev/2.13/migration/;  /workspace/agent-engine/app/models/users.py:210: PydanticDeprecatedSince20: Support for class-based `config` is deprecated, use ConfigDict instead. Deprecated in Pydantic V2.0 to be removed in V3.0. See Pydantic V2 Migration Guide at https://errors.pydantic.dev/2.13/migration/;56 passed, 2 skipped, 7 warnings in 53.07s;
[2026-08-06 03:17:29] 后端全部通过
[2026-08-06 03:19:23] 前端结果: [31m⎯⎯⎯⎯⎯⎯⎯[39m[1m[41m Failed Tests 1 [49m[22m[31m⎯⎯⎯⎯⎯⎯⎯[39m;[2m Test Files [22m [1m[31m1 failed[39m[22m[2m | [22m[1m[32m31 passed[39m[22m[90m (32)[39m;[2m      Tests [22m [1m[31m1 failed[39m[22m[2m | [22m[1m[32m143 passed[39m[22m[90m (144)[39m;
[2026-08-06 03:19:23] 前端全部通过
[2026-08-06 03:19:23] ===== 第 91 轮结束，sleep 120 =====
[2026-08-06 03:21:23] ===== 第 92 轮开始 =====
[2026-08-06 03:22:38] 后端结果:   /workspace/agent-engine/app/models/users.py:136: PydanticDeprecatedSince20: Support for class-based `config` is deprecated, use ConfigDict instead. Deprecated in Pydantic V2.0 to be removed in V3.0. See Pydantic V2 Migration Guide at https://errors.pydantic.dev/2.13/migration/;  /workspace/agent-engine/app/models/users.py:210: PydanticDeprecatedSince20: Support for class-based `config` is deprecated, use ConfigDict instead. Deprecated in Pydantic V2.0 to be removed in V3.0. See Pydantic V2 Migration Guide at https://errors.pydantic.dev/2.13/migration/;56 passed, 2 skipped, 7 warnings in 68.13s (0:01:08);
[2026-08-06 03:22:38] 后端全部通过
[2026-08-06 03:24:50] 前端结果: [2m Test Files [22m [1m[32m32 passed[39m[22m[90m (32)[39m;[2m      Tests [22m [1m[32m144 passed[39m[22m[90m (144)[39m;
[2026-08-06 03:24:50] 前端全部通过
[2026-08-06 03:24:51] ===== 第 92 轮结束，sleep 120 =====
[2026-08-06 03:26:51] ===== 第 93 轮开始 =====
[2026-08-06 03:27:53] 后端结果:   /workspace/agent-engine/app/models/users.py:136: PydanticDeprecatedSince20: Support for class-based `config` is deprecated, use ConfigDict instead. Deprecated in Pydantic V2.0 to be removed in V3.0. See Pydantic V2 Migration Guide at https://errors.pydantic.dev/2.13/migration/;  /workspace/agent-engine/app/models/users.py:210: PydanticDeprecatedSince20: Support for class-based `config` is deprecated, use ConfigDict instead. Deprecated in Pydantic V2.0 to be removed in V3.0. See Pydantic V2 Migration Guide at https://errors.pydantic.dev/2.13/migration/;56 passed, 2 skipped, 7 warnings in 54.54s;
[2026-08-06 03:27:53] 后端全部通过
[2026-08-06 03:28:59] 前端结果: [2m Test Files [22m [1m[32m32 passed[39m[22m[90m (32)[39m;[2m      Tests [22m [1m[32m144 passed[39m[22m[90m (144)[39m;
[2026-08-06 03:28:59] 前端全部通过
[2026-08-06 03:29:00] ===== 第 93 轮结束，sleep 120 =====
[2026-08-06 03:31:00] ===== 第 94 轮开始 =====
[2026-08-06 03:33:03] 后端结果:   /workspace/agent-engine/app/models/users.py:136: PydanticDeprecatedSince20: Support for class-based `config` is deprecated, use ConfigDict instead. Deprecated in Pydantic V2.0 to be removed in V3.0. See Pydantic V2 Migration Guide at https://errors.pydantic.dev/2.13/migration/;  /workspace/agent-engine/app/models/users.py:210: PydanticDeprecatedSince20: Support for class-based `config` is deprecated, use ConfigDict instead. Deprecated in Pydantic V2.0 to be removed in V3.0. See Pydantic V2 Migration Guide at https://errors.pydantic.dev/2.13/migration/;56 passed, 2 skipped, 7 warnings in 104.82s (0:01:44);
[2026-08-06 03:33:04] 后端全部通过
[2026-08-06 03:33:39] 前端结果: [2m Test Files [22m [1m[32m32 passed[39m[22m[90m (32)[39m;[2m      Tests [22m [1m[32m144 passed[39m[22m[90m (144)[39m;
[2026-08-06 03:33:39] 前端全部通过
[2026-08-06 03:33:39] ===== 第 94 轮结束，sleep 120 =====
[2026-08-06 03:35:39] ===== 第 95 轮开始 =====
[2026-08-06 03:36:51] 后端结果:   /workspace/agent-engine/app/models/users.py:136: PydanticDeprecatedSince20: Support for class-based `config` is deprecated, use ConfigDict instead. Deprecated in Pydantic V2.0 to be removed in V3.0. See Pydantic V2 Migration Guide at https://errors.pydantic.dev/2.13/migration/;  /workspace/agent-engine/app/models/users.py:210: PydanticDeprecatedSince20: Support for class-based `config` is deprecated, use ConfigDict instead. Deprecated in Pydantic V2.0 to be removed in V3.0. See Pydantic V2 Migration Guide at https://errors.pydantic.dev/2.13/migration/;56 passed, 2 skipped, 7 warnings in 60.86s (0:01:00);
[2026-08-06 03:36:51] 后端全部通过
[2026-08-06 03:37:27] 前端结果: [2m Test Files [22m [1m[32m32 passed[39m[22m[90m (32)[39m;[2m      Tests [22m [1m[32m144 passed[39m[22m[90m (144)[39m;
[2026-08-06 03:37:27] 前端全部通过
[2026-08-06 03:37:28] ===== 第 95 轮结束，sleep 120 =====
[2026-08-06 03:39:28] ===== 第 96 轮开始 =====
[2026-08-06 03:40:33] 后端结果:   /workspace/agent-engine/app/models/users.py:136: PydanticDeprecatedSince20: Support for class-based `config` is deprecated, use ConfigDict instead. Deprecated in Pydantic V2.0 to be removed in V3.0. See Pydantic V2 Migration Guide at https://errors.pydantic.dev/2.13/migration/;  /workspace/agent-engine/app/models/users.py:210: PydanticDeprecatedSince20: Support for class-based `config` is deprecated, use ConfigDict instead. Deprecated in Pydantic V2.0 to be removed in V3.0. See Pydantic V2 Migration Guide at https://errors.pydantic.dev/2.13/migration/;56 passed, 2 skipped, 7 warnings in 54.19s;
[2026-08-06 03:40:33] 后端全部通过
[2026-08-06 03:41:07] 前端结果: [2m Test Files [22m [1m[32m32 passed[39m[22m[90m (32)[39m;[2m      Tests [22m [1m[32m144 passed[39m[22m[90m (144)[39m;
[2026-08-06 03:41:07] 前端全部通过
[2026-08-06 03:41:08] ===== 第 96 轮结束，sleep 120 =====
[2026-08-06 03:43:08] ===== 第 97 轮开始 =====
[2026-08-06 03:44:08] 后端结果:   /workspace/agent-engine/app/models/users.py:136: PydanticDeprecatedSince20: Support for class-based `config` is deprecated, use ConfigDict instead. Deprecated in Pydantic V2.0 to be removed in V3.0. See Pydantic V2 Migration Guide at https://errors.pydantic.dev/2.13/migration/;  /workspace/agent-engine/app/models/users.py:210: PydanticDeprecatedSince20: Support for class-based `config` is deprecated, use ConfigDict instead. Deprecated in Pydantic V2.0 to be removed in V3.0. See Pydantic V2 Migration Guide at https://errors.pydantic.dev/2.13/migration/;56 passed, 2 skipped, 7 warnings in 49.60s;
[2026-08-06 03:44:08] 后端全部通过
[2026-08-06 03:44:43] 前端结果: [2m Test Files [22m [1m[32m32 passed[39m[22m[90m (32)[39m;[2m      Tests [22m [1m[32m144 passed[39m[22m[90m (144)[39m;
[2026-08-06 03:44:43] 前端全部通过
[2026-08-06 03:44:44] ===== 第 97 轮结束，sleep 120 =====
[2026-08-06 03:46:44] ===== 第 98 轮开始 =====
[2026-08-06 03:47:55] 后端结果:   /workspace/agent-engine/app/models/users.py:136: PydanticDeprecatedSince20: Support for class-based `config` is deprecated, use ConfigDict instead. Deprecated in Pydantic V2.0 to be removed in V3.0. See Pydantic V2 Migration Guide at https://errors.pydantic.dev/2.13/migration/;  /workspace/agent-engine/app/models/users.py:210: PydanticDeprecatedSince20: Support for class-based `config` is deprecated, use ConfigDict instead. Deprecated in Pydantic V2.0 to be removed in V3.0. See Pydantic V2 Migration Guide at https://errors.pydantic.dev/2.13/migration/;56 passed, 2 skipped, 7 warnings in 59.66s;
[2026-08-06 03:47:55] 后端全部通过
[2026-08-06 03:48:28] 前端结果: [2m Test Files [22m [1m[32m32 passed[39m[22m[90m (32)[39m;[2m      Tests [22m [1m[32m144 passed[39m[22m[90m (144)[39m;
[2026-08-06 03:48:28] 前端全部通过
[2026-08-06 03:48:28] ===== 第 98 轮结束，sleep 120 =====
[2026-08-06 03:50:28] ===== 第 99 轮开始 =====
[2026-08-06 03:51:27] 后端结果:   /workspace/agent-engine/app/models/users.py:136: PydanticDeprecatedSince20: Support for class-based `config` is deprecated, use ConfigDict instead. Deprecated in Pydantic V2.0 to be removed in V3.0. See Pydantic V2 Migration Guide at https://errors.pydantic.dev/2.13/migration/;  /workspace/agent-engine/app/models/users.py:210: PydanticDeprecatedSince20: Support for class-based `config` is deprecated, use ConfigDict instead. Deprecated in Pydantic V2.0 to be removed in V3.0. See Pydantic V2 Migration Guide at https://errors.pydantic.dev/2.13/migration/;56 passed, 2 skipped, 7 warnings in 47.98s;
[2026-08-06 03:51:27] 后端全部通过
[2026-08-06 03:52:07] 前端结果: [2m Test Files [22m [1m[32m32 passed[39m[22m[90m (32)[39m;[2m      Tests [22m [1m[32m144 passed[39m[22m[90m (144)[39m;
[2026-08-06 03:52:07] 前端全部通过
[2026-08-06 03:52:08] ===== 第 99 轮结束，sleep 120 =====
[2026-08-06 03:54:08] ===== 第 100 轮开始 =====
[2026-08-06 03:55:04] 后端结果:   /workspace/agent-engine/app/models/users.py:136: PydanticDeprecatedSince20: Support for class-based `config` is deprecated, use ConfigDict instead. Deprecated in Pydantic V2.0 to be removed in V3.0. See Pydantic V2 Migration Guide at https://errors.pydantic.dev/2.13/migration/;  /workspace/agent-engine/app/models/users.py:210: PydanticDeprecatedSince20: Support for class-based `config` is deprecated, use ConfigDict instead. Deprecated in Pydantic V2.0 to be removed in V3.0. See Pydantic V2 Migration Guide at https://errors.pydantic.dev/2.13/migration/;56 passed, 2 skipped, 7 warnings in 45.46s;
[2026-08-06 03:55:04] 后端全部通过
[2026-08-06 03:55:38] 前端结果: [2m Test Files [22m [1m[32m32 passed[39m[22m[90m (32)[39m;[2m      Tests [22m [1m[32m144 passed[39m[22m[90m (144)[39m;
[2026-08-06 03:55:38] 前端全部通过
[2026-08-06 03:55:38] ===== 第 100 轮结束，sleep 120 =====
[2026-08-06 03:57:38] ===== 第 101 轮开始 =====
[2026-08-06 03:58:39] 后端结果:   /workspace/agent-engine/app/models/users.py:136: PydanticDeprecatedSince20: Support for class-based `config` is deprecated, use ConfigDict instead. Deprecated in Pydantic V2.0 to be removed in V3.0. See Pydantic V2 Migration Guide at https://errors.pydantic.dev/2.13/migration/;  /workspace/agent-engine/app/models/users.py:210: PydanticDeprecatedSince20: Support for class-based `config` is deprecated, use ConfigDict instead. Deprecated in Pydantic V2.0 to be removed in V3.0. See Pydantic V2 Migration Guide at https://errors.pydantic.dev/2.13/migration/;56 passed, 2 skipped, 7 warnings in 50.40s;
[2026-08-06 03:58:39] 后端全部通过
[2026-08-06 03:59:14] 前端结果: [2m Test Files [22m [1m[32m32 passed[39m[22m[90m (32)[39m;[2m      Tests [22m [1m[32m144 passed[39m[22m[90m (144)[39m;
[2026-08-06 03:59:14] 前端全部通过
[2026-08-06 03:59:15] ===== 第 101 轮结束，sleep 120 =====
[2026-08-06 04:01:15] ===== 第 102 轮开始 =====
[2026-08-06 04:02:25] 后端结果:   /workspace/agent-engine/app/models/users.py:136: PydanticDeprecatedSince20: Support for class-based `config` is deprecated, use ConfigDict instead. Deprecated in Pydantic V2.0 to be removed in V3.0. See Pydantic V2 Migration Guide at https://errors.pydantic.dev/2.13/migration/;  /workspace/agent-engine/app/models/users.py:210: PydanticDeprecatedSince20: Support for class-based `config` is deprecated, use ConfigDict instead. Deprecated in Pydantic V2.0 to be removed in V3.0. See Pydantic V2 Migration Guide at https://errors.pydantic.dev/2.13/migration/;56 passed, 2 skipped, 7 warnings in 59.76s;
[2026-08-06 04:02:25] 后端全部通过
[2026-08-06 04:03:00] 前端结果: [2m Test Files [22m [1m[32m32 passed[39m[22m[90m (32)[39m;[2m      Tests [22m [1m[32m144 passed[39m[22m[90m (144)[39m;
[2026-08-06 04:03:00] 前端全部通过
[2026-08-06 04:03:00] ===== 第 102 轮结束，sleep 120 =====
[2026-08-06 04:05:00] ===== 第 103 轮开始 =====
[2026-08-06 04:06:00] 后端结果:   /workspace/agent-engine/app/models/users.py:136: PydanticDeprecatedSince20: Support for class-based `config` is deprecated, use ConfigDict instead. Deprecated in Pydantic V2.0 to be removed in V3.0. See Pydantic V2 Migration Guide at https://errors.pydantic.dev/2.13/migration/;  /workspace/agent-engine/app/models/users.py:210: PydanticDeprecatedSince20: Support for class-based `config` is deprecated, use ConfigDict instead. Deprecated in Pydantic V2.0 to be removed in V3.0. See Pydantic V2 Migration Guide at https://errors.pydantic.dev/2.13/migration/;56 passed, 2 skipped, 7 warnings in 49.53s;
[2026-08-06 04:06:00] 后端全部通过
[2026-08-06 04:06:40] 前端结果: [2m Test Files [22m [1m[32m32 passed[39m[22m[90m (32)[39m;[2m      Tests [22m [1m[32m144 passed[39m[22m[90m (144)[39m;
[2026-08-06 04:06:40] 前端全部通过
[2026-08-06 04:06:41] ===== 第 103 轮结束，sleep 120 =====
[2026-08-06 04:08:41] ===== 第 104 轮开始 =====
[2026-08-06 04:09:38] 后端结果:   /workspace/agent-engine/app/models/users.py:136: PydanticDeprecatedSince20: Support for class-based `config` is deprecated, use ConfigDict instead. Deprecated in Pydantic V2.0 to be removed in V3.0. See Pydantic V2 Migration Guide at https://errors.pydantic.dev/2.13/migration/;  /workspace/agent-engine/app/models/users.py:210: PydanticDeprecatedSince20: Support for class-based `config` is deprecated, use ConfigDict instead. Deprecated in Pydantic V2.0 to be removed in V3.0. See Pydantic V2 Migration Guide at https://errors.pydantic.dev/2.13/migration/;56 passed, 2 skipped, 7 warnings in 45.76s;
[2026-08-06 04:09:38] 后端全部通过
[2026-08-06 04:10:13] 前端结果: [2m Test Files [22m [1m[32m32 passed[39m[22m[90m (32)[39m;[2m      Tests [22m [1m[32m144 passed[39m[22m[90m (144)[39m;
[2026-08-06 04:10:13] 前端全部通过
[2026-08-06 04:10:13] ===== 第 104 轮结束，sleep 120 =====
[2026-08-06 04:12:13] ===== 第 105 轮开始 =====
[2026-08-06 04:13:14] 后端结果:   /workspace/agent-engine/app/models/users.py:136: PydanticDeprecatedSince20: Support for class-based `config` is deprecated, use ConfigDict instead. Deprecated in Pydantic V2.0 to be removed in V3.0. See Pydantic V2 Migration Guide at https://errors.pydantic.dev/2.13/migration/;  /workspace/agent-engine/app/models/users.py:210: PydanticDeprecatedSince20: Support for class-based `config` is deprecated, use ConfigDict instead. Deprecated in Pydantic V2.0 to be removed in V3.0. See Pydantic V2 Migration Guide at https://errors.pydantic.dev/2.13/migration/;56 passed, 2 skipped, 7 warnings in 49.17s;
[2026-08-06 04:13:14] 后端全部通过
[2026-08-06 04:13:49] 前端结果: [2m Test Files [22m [1m[32m32 passed[39m[22m[90m (32)[39m;[2m      Tests [22m [1m[32m144 passed[39m[22m[90m (144)[39m;
[2026-08-06 04:13:49] 前端全部通过
[2026-08-06 04:13:49] ===== 第 105 轮结束，sleep 120 =====
[2026-08-06 04:15:49] ===== 第 106 轮开始 =====
[2026-08-06 04:16:54] 后端结果:   /workspace/agent-engine/app/models/users.py:136: PydanticDeprecatedSince20: Support for class-based `config` is deprecated, use ConfigDict instead. Deprecated in Pydantic V2.0 to be removed in V3.0. See Pydantic V2 Migration Guide at https://errors.pydantic.dev/2.13/migration/;  /workspace/agent-engine/app/models/users.py:210: PydanticDeprecatedSince20: Support for class-based `config` is deprecated, use ConfigDict instead. Deprecated in Pydantic V2.0 to be removed in V3.0. See Pydantic V2 Migration Guide at https://errors.pydantic.dev/2.13/migration/;56 passed, 2 skipped, 7 warnings in 53.67s;
[2026-08-06 04:16:54] 后端全部通过
[2026-08-06 04:17:30] 前端结果: [2m Test Files [22m [1m[32m32 passed[39m[22m[90m (32)[39m;[2m      Tests [22m [1m[32m144 passed[39m[22m[90m (144)[39m;
[2026-08-06 04:17:30] 前端全部通过
[2026-08-06 04:17:30] ===== 第 106 轮结束，sleep 120 =====
[2026-08-06 04:19:30] ===== 第 107 轮开始 =====
[2026-08-06 04:20:30] 后端结果:   /workspace/agent-engine/app/models/users.py:136: PydanticDeprecatedSince20: Support for class-based `config` is deprecated, use ConfigDict instead. Deprecated in Pydantic V2.0 to be removed in V3.0. See Pydantic V2 Migration Guide at https://errors.pydantic.dev/2.13/migration/;  /workspace/agent-engine/app/models/users.py:210: PydanticDeprecatedSince20: Support for class-based `config` is deprecated, use ConfigDict instead. Deprecated in Pydantic V2.0 to be removed in V3.0. See Pydantic V2 Migration Guide at https://errors.pydantic.dev/2.13/migration/;56 passed, 2 skipped, 7 warnings in 49.68s;
[2026-08-06 04:20:30] 后端全部通过
[2026-08-06 04:21:04] 前端结果: [2m Test Files [22m [1m[32m32 passed[39m[22m[90m (32)[39m;[2m      Tests [22m [1m[32m144 passed[39m[22m[90m (144)[39m;
[2026-08-06 04:21:04] 前端全部通过
[2026-08-06 04:21:05] ===== 第 107 轮结束，sleep 120 =====
[2026-08-06 04:23:05] ===== 第 108 轮开始 =====
[2026-08-06 04:24:10] 后端结果:   /workspace/agent-engine/app/models/users.py:136: PydanticDeprecatedSince20: Support for class-based `config` is deprecated, use ConfigDict instead. Deprecated in Pydantic V2.0 to be removed in V3.0. See Pydantic V2 Migration Guide at https://errors.pydantic.dev/2.13/migration/;  /workspace/agent-engine/app/models/users.py:210: PydanticDeprecatedSince20: Support for class-based `config` is deprecated, use ConfigDict instead. Deprecated in Pydantic V2.0 to be removed in V3.0. See Pydantic V2 Migration Guide at https://errors.pydantic.dev/2.13/migration/;56 passed, 2 skipped, 7 warnings in 54.42s;
[2026-08-06 04:24:10] 后端全部通过
[2026-08-06 04:24:45] 前端结果: [2m Test Files [22m [1m[32m32 passed[39m[22m[90m (32)[39m;[2m      Tests [22m [1m[32m144 passed[39m[22m[90m (144)[39m;
[2026-08-06 04:24:45] 前端全部通过
[2026-08-06 04:24:45] ===== 第 108 轮结束，sleep 120 =====
[2026-08-06 04:26:45] ===== 第 109 轮开始 =====
[2026-08-06 04:27:49] 后端结果:   /workspace/agent-engine/app/models/users.py:136: PydanticDeprecatedSince20: Support for class-based `config` is deprecated, use ConfigDict instead. Deprecated in Pydantic V2.0 to be removed in V3.0. See Pydantic V2 Migration Guide at https://errors.pydantic.dev/2.13/migration/;  /workspace/agent-engine/app/models/users.py:210: PydanticDeprecatedSince20: Support for class-based `config` is deprecated, use ConfigDict instead. Deprecated in Pydantic V2.0 to be removed in V3.0. See Pydantic V2 Migration Guide at https://errors.pydantic.dev/2.13/migration/;56 passed, 2 skipped, 7 warnings in 53.58s;
[2026-08-06 04:27:49] 后端全部通过
[2026-08-06 04:28:28] 前端结果: [2m Test Files [22m [1m[32m32 passed[39m[22m[90m (32)[39m;[2m      Tests [22m [1m[32m144 passed[39m[22m[90m (144)[39m;
[2026-08-06 04:28:28] 前端全部通过
[2026-08-06 04:28:29] ===== 第 109 轮结束，sleep 120 =====
[2026-08-06 04:30:29] ===== 第 110 轮开始 =====
[2026-08-06 04:31:31] 后端结果:   /workspace/agent-engine/app/models/users.py:136: PydanticDeprecatedSince20: Support for class-based `config` is deprecated, use ConfigDict instead. Deprecated in Pydantic V2.0 to be removed in V3.0. See Pydantic V2 Migration Guide at https://errors.pydantic.dev/2.13/migration/;  /workspace/agent-engine/app/models/users.py:210: PydanticDeprecatedSince20: Support for class-based `config` is deprecated, use ConfigDict instead. Deprecated in Pydantic V2.0 to be removed in V3.0. See Pydantic V2 Migration Guide at https://errors.pydantic.dev/2.13/migration/;56 passed, 2 skipped, 7 warnings in 50.34s;
[2026-08-06 04:31:31] 后端全部通过
[2026-08-06 04:32:06] 前端结果: [2m Test Files [22m [1m[32m32 passed[39m[22m[90m (32)[39m;[2m      Tests [22m [1m[32m144 passed[39m[22m[90m (144)[39m;
[2026-08-06 04:32:06] 前端全部通过
[2026-08-06 04:32:07] ===== 第 110 轮结束，sleep 120 =====
[2026-08-06 04:34:07] ===== 第 111 轮开始 =====
[2026-08-06 04:35:12] 后端结果:   /workspace/agent-engine/app/models/users.py:136: PydanticDeprecatedSince20: Support for class-based `config` is deprecated, use ConfigDict instead. Deprecated in Pydantic V2.0 to be removed in V3.0. See Pydantic V2 Migration Guide at https://errors.pydantic.dev/2.13/migration/;  /workspace/agent-engine/app/models/users.py:210: PydanticDeprecatedSince20: Support for class-based `config` is deprecated, use ConfigDict instead. Deprecated in Pydantic V2.0 to be removed in V3.0. See Pydantic V2 Migration Guide at https://errors.pydantic.dev/2.13/migration/;56 passed, 2 skipped, 7 warnings in 54.72s;
[2026-08-06 04:35:12] 后端全部通过
[2026-08-06 04:35:46] 前端结果: [2m Test Files [22m [1m[32m32 passed[39m[22m[90m (32)[39m;[2m      Tests [22m [1m[32m144 passed[39m[22m[90m (144)[39m;
[2026-08-06 04:35:46] 前端全部通过
[2026-08-06 04:35:46] ===== 第 111 轮结束，sleep 120 =====
[2026-08-06 04:37:46] ===== 第 112 轮开始 =====
[2026-08-06 04:38:42] 后端结果:   /workspace/agent-engine/app/models/users.py:136: PydanticDeprecatedSince20: Support for class-based `config` is deprecated, use ConfigDict instead. Deprecated in Pydantic V2.0 to be removed in V3.0. See Pydantic V2 Migration Guide at https://errors.pydantic.dev/2.13/migration/;  /workspace/agent-engine/app/models/users.py:210: PydanticDeprecatedSince20: Support for class-based `config` is deprecated, use ConfigDict instead. Deprecated in Pydantic V2.0 to be removed in V3.0. See Pydantic V2 Migration Guide at https://errors.pydantic.dev/2.13/migration/;56 passed, 2 skipped, 7 warnings in 45.07s;
[2026-08-06 04:38:42] 后端全部通过
[2026-08-06 04:39:16] 前端结果: [2m Test Files [22m [1m[32m32 passed[39m[22m[90m (32)[39m;[2m      Tests [22m [1m[32m144 passed[39m[22m[90m (144)[39m;
[2026-08-06 04:39:16] 前端全部通过
[2026-08-06 04:39:17] ===== 第 112 轮结束，sleep 120 =====
[2026-08-06 04:41:17] ===== 第 113 轮开始 =====
[2026-08-06 04:42:20] 后端结果:   /workspace/agent-engine/app/models/users.py:136: PydanticDeprecatedSince20: Support for class-based `config` is deprecated, use ConfigDict instead. Deprecated in Pydantic V2.0 to be removed in V3.0. See Pydantic V2 Migration Guide at https://errors.pydantic.dev/2.13/migration/;  /workspace/agent-engine/app/models/users.py:210: PydanticDeprecatedSince20: Support for class-based `config` is deprecated, use ConfigDict instead. Deprecated in Pydantic V2.0 to be removed in V3.0. See Pydantic V2 Migration Guide at https://errors.pydantic.dev/2.13/migration/;56 passed, 2 skipped, 7 warnings in 51.74s;
[2026-08-06 04:42:20] 后端全部通过
[2026-08-06 04:43:06] 前端结果: [2m Test Files [22m [1m[32m32 passed[39m[22m[90m (32)[39m;[2m      Tests [22m [1m[32m144 passed[39m[22m[90m (144)[39m;
[2026-08-06 04:43:06] 前端全部通过
[2026-08-06 04:43:07] ===== 第 113 轮结束，sleep 120 =====
[2026-08-06 04:45:07] ===== 第 114 轮开始 =====
[2026-08-06 04:46:05] 后端结果:   /workspace/agent-engine/app/models/users.py:136: PydanticDeprecatedSince20: Support for class-based `config` is deprecated, use ConfigDict instead. Deprecated in Pydantic V2.0 to be removed in V3.0. See Pydantic V2 Migration Guide at https://errors.pydantic.dev/2.13/migration/;  /workspace/agent-engine/app/models/users.py:210: PydanticDeprecatedSince20: Support for class-based `config` is deprecated, use ConfigDict instead. Deprecated in Pydantic V2.0 to be removed in V3.0. See Pydantic V2 Migration Guide at https://errors.pydantic.dev/2.13/migration/;56 passed, 2 skipped, 7 warnings in 47.50s;
[2026-08-06 04:46:06] 后端全部通过
[2026-08-06 04:47:09] 前端结果: [31m⎯⎯⎯⎯⎯⎯⎯[39m[1m[41m Failed Tests 1 [49m[22m[31m⎯⎯⎯⎯⎯⎯⎯[39m;[2m Test Files [22m [1m[31m1 failed[39m[22m[2m | [22m[1m[32m31 passed[39m[22m[90m (32)[39m;[2m      Tests [22m [1m[31m1 failed[39m[22m[2m | [22m[1m[32m143 passed[39m[22m[90m (144)[39m;
[2026-08-06 04:47:09] 前端全部通过
[2026-08-06 04:47:10] ===== 第 114 轮结束，sleep 120 =====
[2026-08-06 04:49:10] ===== 第 115 轮开始 =====
[2026-08-06 04:50:15] 后端结果:   /workspace/agent-engine/app/models/users.py:136: PydanticDeprecatedSince20: Support for class-based `config` is deprecated, use ConfigDict instead. Deprecated in Pydantic V2.0 to be removed in V3.0. See Pydantic V2 Migration Guide at https://errors.pydantic.dev/2.13/migration/;  /workspace/agent-engine/app/models/users.py:210: PydanticDeprecatedSince20: Support for class-based `config` is deprecated, use ConfigDict instead. Deprecated in Pydantic V2.0 to be removed in V3.0. See Pydantic V2 Migration Guide at https://errors.pydantic.dev/2.13/migration/;56 passed, 2 skipped, 7 warnings in 54.31s;
[2026-08-06 04:50:15] 后端全部通过
[2026-08-06 04:50:48] 前端结果: [2m Test Files [22m [1m[32m32 passed[39m[22m[90m (32)[39m;[2m      Tests [22m [1m[32m144 passed[39m[22m[90m (144)[39m;
[2026-08-06 04:50:48] 前端全部通过
[2026-08-06 04:50:48] ===== 第 115 轮结束，sleep 120 =====
[2026-08-06 04:52:48] ===== 第 116 轮开始 =====
[2026-08-06 04:53:41] 后端结果:   /workspace/agent-engine/app/models/users.py:136: PydanticDeprecatedSince20: Support for class-based `config` is deprecated, use ConfigDict instead. Deprecated in Pydantic V2.0 to be removed in V3.0. See Pydantic V2 Migration Guide at https://errors.pydantic.dev/2.13/migration/;  /workspace/agent-engine/app/models/users.py:210: PydanticDeprecatedSince20: Support for class-based `config` is deprecated, use ConfigDict instead. Deprecated in Pydantic V2.0 to be removed in V3.0. See Pydantic V2 Migration Guide at https://errors.pydantic.dev/2.13/migration/;56 passed, 2 skipped, 7 warnings in 43.60s;
[2026-08-06 04:53:41] 后端全部通过
[2026-08-06 04:54:16] 前端结果: [2m Test Files [22m [1m[32m32 passed[39m[22m[90m (32)[39m;[2m      Tests [22m [1m[32m144 passed[39m[22m[90m (144)[39m;
[2026-08-06 04:54:16] 前端全部通过
[2026-08-06 04:54:17] ===== 第 116 轮结束，sleep 120 =====
[2026-08-06 04:56:17] ===== 第 117 轮开始 =====
[2026-08-06 04:57:27] 后端结果:   /workspace/agent-engine/app/models/users.py:136: PydanticDeprecatedSince20: Support for class-based `config` is deprecated, use ConfigDict instead. Deprecated in Pydantic V2.0 to be removed in V3.0. See Pydantic V2 Migration Guide at https://errors.pydantic.dev/2.13/migration/;  /workspace/agent-engine/app/models/users.py:210: PydanticDeprecatedSince20: Support for class-based `config` is deprecated, use ConfigDict instead. Deprecated in Pydantic V2.0 to be removed in V3.0. See Pydantic V2 Migration Guide at https://errors.pydantic.dev/2.13/migration/;56 passed, 2 skipped, 7 warnings in 57.74s;
[2026-08-06 04:57:27] 后端全部通过
[2026-08-06 04:58:03] 前端结果: [2m Test Files [22m [1m[32m32 passed[39m[22m[90m (32)[39m;[2m      Tests [22m [1m[32m144 passed[39m[22m[90m (144)[39m;
[2026-08-06 04:58:03] 前端全部通过
[2026-08-06 04:58:04] ===== 第 117 轮结束，sleep 120 =====
[2026-08-06 05:00:04] ===== 第 118 轮开始 =====
[2026-08-06 05:01:00] 后端结果:   /workspace/agent-engine/app/models/users.py:136: PydanticDeprecatedSince20: Support for class-based `config` is deprecated, use ConfigDict instead. Deprecated in Pydantic V2.0 to be removed in V3.0. See Pydantic V2 Migration Guide at https://errors.pydantic.dev/2.13/migration/;  /workspace/agent-engine/app/models/users.py:210: PydanticDeprecatedSince20: Support for class-based `config` is deprecated, use ConfigDict instead. Deprecated in Pydantic V2.0 to be removed in V3.0. See Pydantic V2 Migration Guide at https://errors.pydantic.dev/2.13/migration/;56 passed, 2 skipped, 7 warnings in 45.45s;
[2026-08-06 05:01:00] 后端全部通过
[2026-08-06 05:01:33] 前端结果: [2m Test Files [22m [1m[32m32 passed[39m[22m[90m (32)[39m;[2m      Tests [22m [1m[32m144 passed[39m[22m[90m (144)[39m;
[2026-08-06 05:01:33] 前端全部通过
[2026-08-06 05:01:34] ===== 第 118 轮结束，sleep 120 =====
[2026-08-06 05:03:34] ===== 第 119 轮开始 =====
[2026-08-06 05:04:50] 后端结果:   /workspace/agent-engine/app/models/users.py:136: PydanticDeprecatedSince20: Support for class-based `config` is deprecated, use ConfigDict instead. Deprecated in Pydantic V2.0 to be removed in V3.0. See Pydantic V2 Migration Guide at https://errors.pydantic.dev/2.13/migration/;  /workspace/agent-engine/app/models/users.py:210: PydanticDeprecatedSince20: Support for class-based `config` is deprecated, use ConfigDict instead. Deprecated in Pydantic V2.0 to be removed in V3.0. See Pydantic V2 Migration Guide at https://errors.pydantic.dev/2.13/migration/;56 passed, 2 skipped, 7 warnings in 65.76s (0:01:05);
[2026-08-06 05:04:50] 后端全部通过
[2026-08-06 05:05:24] 前端结果: [2m Test Files [22m [1m[32m32 passed[39m[22m[90m (32)[39m;[2m      Tests [22m [1m[32m144 passed[39m[22m[90m (144)[39m;
[2026-08-06 05:05:24] 前端全部通过
[2026-08-06 05:05:24] ===== 第 119 轮结束，sleep 120 =====
[2026-08-06 05:07:24] ===== 第 120 轮开始 =====
[2026-08-06 05:08:33] 后端结果:   /workspace/agent-engine/app/models/users.py:136: PydanticDeprecatedSince20: Support for class-based `config` is deprecated, use ConfigDict instead. Deprecated in Pydantic V2.0 to be removed in V3.0. See Pydantic V2 Migration Guide at https://errors.pydantic.dev/2.13/migration/;  /workspace/agent-engine/app/models/users.py:210: PydanticDeprecatedSince20: Support for class-based `config` is deprecated, use ConfigDict instead. Deprecated in Pydantic V2.0 to be removed in V3.0. See Pydantic V2 Migration Guide at https://errors.pydantic.dev/2.13/migration/;56 passed, 2 skipped, 7 warnings in 56.01s;
[2026-08-06 05:08:33] 后端全部通过
[2026-08-06 05:09:06] 前端结果: [2m Test Files [22m [1m[32m32 passed[39m[22m[90m (32)[39m;[2m      Tests [22m [1m[32m144 passed[39m[22m[90m (144)[39m;
[2026-08-06 05:09:06] 前端全部通过
[2026-08-06 05:09:06] ===== 第 120 轮结束，sleep 120 =====
[2026-08-06 05:11:06] ===== 第 121 轮开始 =====
[2026-08-06 05:12:08] 后端结果:   /workspace/agent-engine/app/models/users.py:136: PydanticDeprecatedSince20: Support for class-based `config` is deprecated, use ConfigDict instead. Deprecated in Pydantic V2.0 to be removed in V3.0. See Pydantic V2 Migration Guide at https://errors.pydantic.dev/2.13/migration/;  /workspace/agent-engine/app/models/users.py:210: PydanticDeprecatedSince20: Support for class-based `config` is deprecated, use ConfigDict instead. Deprecated in Pydantic V2.0 to be removed in V3.0. See Pydantic V2 Migration Guide at https://errors.pydantic.dev/2.13/migration/;56 passed, 2 skipped, 7 warnings in 51.15s;
[2026-08-06 05:12:08] 后端全部通过
[2026-08-06 05:13:07] 前端结果: [2m Test Files [22m [1m[32m32 passed[39m[22m[90m (32)[39m;[2m      Tests [22m [1m[32m144 passed[39m[22m[90m (144)[39m;
[2026-08-06 05:13:07] 前端全部通过
[2026-08-06 05:13:08] ===== 第 121 轮结束，sleep 120 =====
[2026-08-06 05:15:08] ===== 第 122 轮开始 =====
[2026-08-06 05:16:15] 后端结果:   /workspace/agent-engine/app/models/users.py:136: PydanticDeprecatedSince20: Support for class-based `config` is deprecated, use ConfigDict instead. Deprecated in Pydantic V2.0 to be removed in V3.0. See Pydantic V2 Migration Guide at https://errors.pydantic.dev/2.13/migration/;  /workspace/agent-engine/app/models/users.py:210: PydanticDeprecatedSince20: Support for class-based `config` is deprecated, use ConfigDict instead. Deprecated in Pydantic V2.0 to be removed in V3.0. See Pydantic V2 Migration Guide at https://errors.pydantic.dev/2.13/migration/;56 passed, 2 skipped, 7 warnings in 55.57s;
[2026-08-06 05:16:15] 后端全部通过
[2026-08-06 05:16:47] 前端结果: [2m Test Files [22m [1m[32m32 passed[39m[22m[90m (32)[39m;[2m      Tests [22m [1m[32m144 passed[39m[22m[90m (144)[39m;
[2026-08-06 05:16:47] 前端全部通过
[2026-08-06 05:16:48] ===== 第 122 轮结束，sleep 120 =====
[2026-08-06 05:18:48] ===== 第 123 轮开始 =====
[2026-08-06 05:19:44] 后端结果:   /workspace/agent-engine/app/models/users.py:136: PydanticDeprecatedSince20: Support for class-based `config` is deprecated, use ConfigDict instead. Deprecated in Pydantic V2.0 to be removed in V3.0. See Pydantic V2 Migration Guide at https://errors.pydantic.dev/2.13/migration/;  /workspace/agent-engine/app/models/users.py:210: PydanticDeprecatedSince20: Support for class-based `config` is deprecated, use ConfigDict instead. Deprecated in Pydantic V2.0 to be removed in V3.0. See Pydantic V2 Migration Guide at https://errors.pydantic.dev/2.13/migration/;56 passed, 2 skipped, 7 warnings in 46.57s;
[2026-08-06 05:19:44] 后端全部通过
[2026-08-06 05:20:18] 前端结果: [2m Test Files [22m [1m[32m32 passed[39m[22m[90m (32)[39m;[2m      Tests [22m [1m[32m144 passed[39m[22m[90m (144)[39m;
[2026-08-06 05:20:18] 前端全部通过
[2026-08-06 05:20:19] ===== 第 123 轮结束，sleep 120 =====
[2026-08-06 05:22:19] ===== 第 124 轮开始 =====
[2026-08-06 05:23:17] 后端结果:   /workspace/agent-engine/app/models/users.py:136: PydanticDeprecatedSince20: Support for class-based `config` is deprecated, use ConfigDict instead. Deprecated in Pydantic V2.0 to be removed in V3.0. See Pydantic V2 Migration Guide at https://errors.pydantic.dev/2.13/migration/;  /workspace/agent-engine/app/models/users.py:210: PydanticDeprecatedSince20: Support for class-based `config` is deprecated, use ConfigDict instead. Deprecated in Pydantic V2.0 to be removed in V3.0. See Pydantic V2 Migration Guide at https://errors.pydantic.dev/2.13/migration/;56 passed, 2 skipped, 7 warnings in 47.18s;
[2026-08-06 05:23:17] 后端全部通过
[2026-08-06 05:23:53] 前端结果: [2m Test Files [22m [1m[32m32 passed[39m[22m[90m (32)[39m;[2m      Tests [22m [1m[32m144 passed[39m[22m[90m (144)[39m;
[2026-08-06 05:23:53] 前端全部通过
[2026-08-06 05:23:54] ===== 第 124 轮结束，sleep 120 =====
[2026-08-06 05:25:54] ===== 第 125 轮开始 =====
[2026-08-06 05:26:59] 后端结果:   /workspace/agent-engine/app/models/users.py:136: PydanticDeprecatedSince20: Support for class-based `config` is deprecated, use ConfigDict instead. Deprecated in Pydantic V2.0 to be removed in V3.0. See Pydantic V2 Migration Guide at https://errors.pydantic.dev/2.13/migration/;  /workspace/agent-engine/app/models/users.py:210: PydanticDeprecatedSince20: Support for class-based `config` is deprecated, use ConfigDict instead. Deprecated in Pydantic V2.0 to be removed in V3.0. See Pydantic V2 Migration Guide at https://errors.pydantic.dev/2.13/migration/;56 passed, 2 skipped, 7 warnings in 53.73s;
[2026-08-06 05:26:59] 后端全部通过
[2026-08-06 05:27:32] 前端结果: [2m Test Files [22m [1m[32m32 passed[39m[22m[90m (32)[39m;[2m      Tests [22m [1m[32m144 passed[39m[22m[90m (144)[39m;
[2026-08-06 05:27:32] 前端全部通过
[2026-08-06 05:27:33] ===== 第 125 轮结束，sleep 120 =====
[2026-08-06 05:29:33] ===== 第 126 轮开始 =====
[2026-08-06 05:30:31] 后端结果:   /workspace/agent-engine/app/models/users.py:136: PydanticDeprecatedSince20: Support for class-based `config` is deprecated, use ConfigDict instead. Deprecated in Pydantic V2.0 to be removed in V3.0. See Pydantic V2 Migration Guide at https://errors.pydantic.dev/2.13/migration/;  /workspace/agent-engine/app/models/users.py:210: PydanticDeprecatedSince20: Support for class-based `config` is deprecated, use ConfigDict instead. Deprecated in Pydantic V2.0 to be removed in V3.0. See Pydantic V2 Migration Guide at https://errors.pydantic.dev/2.13/migration/;56 passed, 2 skipped, 7 warnings in 48.56s;
[2026-08-06 05:30:31] 后端全部通过
[2026-08-06 05:31:07] 前端结果: [2m Test Files [22m [1m[32m32 passed[39m[22m[90m (32)[39m;[2m      Tests [22m [1m[32m144 passed[39m[22m[90m (144)[39m;
[2026-08-06 05:31:07] 前端全部通过
[2026-08-06 05:31:08] ===== 第 126 轮结束，sleep 120 =====
[2026-08-06 05:33:08] ===== 第 127 轮开始 =====
[2026-08-06 05:34:13] 后端结果:   /workspace/agent-engine/app/models/users.py:136: PydanticDeprecatedSince20: Support for class-based `config` is deprecated, use ConfigDict instead. Deprecated in Pydantic V2.0 to be removed in V3.0. See Pydantic V2 Migration Guide at https://errors.pydantic.dev/2.13/migration/;  /workspace/agent-engine/app/models/users.py:210: PydanticDeprecatedSince20: Support for class-based `config` is deprecated, use ConfigDict instead. Deprecated in Pydantic V2.0 to be removed in V3.0. See Pydantic V2 Migration Guide at https://errors.pydantic.dev/2.13/migration/;56 passed, 2 skipped, 7 warnings in 54.78s;
[2026-08-06 05:34:13] 后端全部通过
[2026-08-06 05:34:46] 前端结果: [2m Test Files [22m [1m[32m32 passed[39m[22m[90m (32)[39m;[2m      Tests [22m [1m[32m144 passed[39m[22m[90m (144)[39m;
[2026-08-06 05:34:46] 前端全部通过
[2026-08-06 05:34:47] ===== 第 127 轮结束，sleep 120 =====
[2026-08-06 05:36:55] ===== 第 128 轮开始 =====
[2026-08-06 05:39:35] 后端结果:   /workspace/agent-engine/app/models/users.py:136: PydanticDeprecatedSince20: Support for class-based `config` is deprecated, use ConfigDict instead. Deprecated in Pydantic V2.0 to be removed in V3.0. See Pydantic V2 Migration Guide at https://errors.pydantic.dev/2.13/migration/;  /workspace/agent-engine/app/models/users.py:210: PydanticDeprecatedSince20: Support for class-based `config` is deprecated, use ConfigDict instead. Deprecated in Pydantic V2.0 to be removed in V3.0. See Pydantic V2 Migration Guide at https://errors.pydantic.dev/2.13/migration/;56 passed, 2 skipped, 7 warnings in 91.26s (0:01:31);
[2026-08-06 05:39:35] 后端全部通过
[2026-08-06 05:41:17] 前端结果: [2m Test Files [22m [1m[32m32 passed[39m[22m[90m (32)[39m;[2m      Tests [22m [1m[32m144 passed[39m[22m[90m (144)[39m;
[2026-08-06 05:41:17] 前端全部通过
[2026-08-06 05:41:18] ===== 第 128 轮结束，sleep 120 =====
[2026-08-06 05:43:20] ===== 第 129 轮开始 =====
[2026-08-06 05:44:33] 后端结果:     raise error;E               (Background on this error at: https://sqlalche.me/e/20/e3q8);  /workspace/agent-engine/app/models/users.py:136: PydanticDeprecatedSince20: Support for class-based `config` is deprecated, use ConfigDict instead. Deprecated in Pydantic V2.0 to be removed in V3.0. See Pydantic V2 Migration Guide at https://errors.pydantic.dev/2.13/migration/;  /workspace/agent-engine/app/models/users.py:210: PydanticDeprecatedSince20: Support for class-based `config` is deprecated, use ConfigDict instead. Deprecated in Pydantic V2.0 to be removed in V3.0. See Pydantic V2 Migration Guide at https://errors.pydantic.dev/2.13/migration/;56 passed, 2 skipped, 7 warnings, 4 errors in 46.17s;
[2026-08-06 05:44:34] backend: 记录 2 个失败到 /workspace/.monkeycode/loop/backend_fail_20260806_054434.txt
[2026-08-06 05:45:19] 后端复验: E               (Background on this error at: https://sqlalche.me/e/20/e3q8);  /workspace/agent-engine/app/models/users.py:136: PydanticDeprecatedSince20: Support for class-based `config` is deprecated, use ConfigDict instead. Deprecated in Pydantic V2.0 to be removed in V3.0. See Pydantic V2 Migration Guide at https://errors.pydantic.dev/2.13/migration/;  /workspace/agent-engine/app/models/users.py:210: PydanticDeprecatedSince20: Support for class-based `config` is deprecated, use ConfigDict instead. Deprecated in Pydantic V2.0 to be removed in V3.0. See Pydantic V2 Migration Guide at https://errors.pydantic.dev/2.13/migration/;ERROR tests/test_engine_core.py::TestModelRouter::test_fallback_on_error - sq...;56 passed, 2 skipped, 7 warnings, 11 errors in 42.24s;
[2026-08-06 05:45:19] 后端复验通过
[2026-08-06 05:46:07] 前端结果: [2m Test Files [22m [1m[32m32 passed[39m[22m[90m (32)[39m;[2m      Tests [22m [1m[32m144 passed[39m[22m[90m (144)[39m;
[2026-08-06 05:46:07] 前端全部通过
[2026-08-06 05:46:09] ===== 第 129 轮结束，sleep 120 =====
[2026-08-06 05:48:09] ===== 第 130 轮开始 =====
[2026-08-06 05:48:09] 检测到基线脚本运行中，本轮跳过后端
[2026-08-06 05:48:09] 后端全部通过
[2026-08-06 05:49:58] 前端结果: [2m Test Files [22m [1m[32m32 passed[39m[22m[90m (32)[39m;[2m      Tests [22m [1m[32m144 passed[39m[22m[90m (144)[39m;
[2026-08-06 05:49:58] 前端全部通过
[2026-08-06 05:49:59] ===== 第 130 轮结束，sleep 120 =====
[2026-08-06 05:51:59] ===== 第 131 轮开始 =====
[2026-08-06 05:51:59] 检测到基线脚本运行中，本轮跳过后端
[2026-08-06 05:51:59] 后端全部通过
[2026-08-06 05:53:06] 前端结果: [2m Test Files [22m [1m[32m32 passed[39m[22m[90m (32)[39m;[2m      Tests [22m [1m[32m144 passed[39m[22m[90m (144)[39m;
[2026-08-06 05:53:06] 前端全部通过
[2026-08-06 05:53:06] ===== 第 131 轮结束，sleep 120 =====
[2026-08-06 05:55:09] ===== 第 132 轮开始 =====
[2026-08-06 05:56:32] 后端结果:   /workspace/agent-engine/app/models/users.py:136: PydanticDeprecatedSince20: Support for class-based `config` is deprecated, use ConfigDict instead. Deprecated in Pydantic V2.0 to be removed in V3.0. See Pydantic V2 Migration Guide at https://errors.pydantic.dev/2.13/migration/;  /workspace/agent-engine/app/models/users.py:210: PydanticDeprecatedSince20: Support for class-based `config` is deprecated, use ConfigDict instead. Deprecated in Pydantic V2.0 to be removed in V3.0. See Pydantic V2 Migration Guide at https://errors.pydantic.dev/2.13/migration/;56 passed, 2 skipped, 7 warnings in 53.92s;
[2026-08-06 05:56:32] 后端全部通过
[2026-08-06 05:57:56] 前端结果: [2m Test Files [22m [1m[32m32 passed[39m[22m[90m (32)[39m;[2m      Tests [22m [1m[32m144 passed[39m[22m[90m (144)[39m;
[2026-08-06 05:57:56] 前端全部通过
[2026-08-06 05:57:57] ===== 第 132 轮结束，sleep 120 =====
[2026-08-06 05:59:57] ===== 第 133 轮开始 =====
[2026-08-06 06:01:06] 后端结果:   /workspace/agent-engine/app/models/users.py:136: PydanticDeprecatedSince20: Support for class-based `config` is deprecated, use ConfigDict instead. Deprecated in Pydantic V2.0 to be removed in V3.0. See Pydantic V2 Migration Guide at https://errors.pydantic.dev/2.13/migration/;  /workspace/agent-engine/app/models/users.py:210: PydanticDeprecatedSince20: Support for class-based `config` is deprecated, use ConfigDict instead. Deprecated in Pydantic V2.0 to be removed in V3.0. See Pydantic V2 Migration Guide at https://errors.pydantic.dev/2.13/migration/;56 passed, 2 skipped, 7 warnings in 55.91s;
[2026-08-06 06:01:06] 后端全部通过
[2026-08-06 06:03:19] 前端结果: [2m Test Files [22m [1m[32m32 passed[39m[22m[90m (32)[39m;[2m      Tests [22m [1m[32m144 passed[39m[22m[90m (144)[39m;
[2026-08-06 06:03:19] 前端全部通过
[2026-08-06 06:03:20] ===== 第 133 轮结束，sleep 120 =====
[2026-08-06 06:05:21] ===== 第 134 轮开始 =====
[2026-08-06 06:06:36] 后端结果:     raise error;E               (Background on this error at: https://sqlalche.me/e/20/e3q8);  /workspace/agent-engine/app/models/users.py:136: PydanticDeprecatedSince20: Support for class-based `config` is deprecated, use ConfigDict instead. Deprecated in Pydantic V2.0 to be removed in V3.0. See Pydantic V2 Migration Guide at https://errors.pydantic.dev/2.13/migration/;  /workspace/agent-engine/app/models/users.py:210: PydanticDeprecatedSince20: Support for class-based `config` is deprecated, use ConfigDict instead. Deprecated in Pydantic V2.0 to be removed in V3.0. See Pydantic V2 Migration Guide at https://errors.pydantic.dev/2.13/migration/;56 passed, 2 skipped, 7 warnings, 3 errors in 53.09s;
[2026-08-06 06:06:36] backend: 记录 2 个失败到 /workspace/.monkeycode/loop/backend_fail_20260806_060636.txt
[2026-08-06 06:07:30] 后端复验:     raise error;E               (Background on this error at: https://sqlalche.me/e/20/e3q8);  /workspace/agent-engine/app/models/users.py:136: PydanticDeprecatedSince20: Support for class-based `config` is deprecated, use ConfigDict instead. Deprecated in Pydantic V2.0 to be removed in V3.0. See Pydantic V2 Migration Guide at https://errors.pydantic.dev/2.13/migration/;  /workspace/agent-engine/app/models/users.py:210: PydanticDeprecatedSince20: Support for class-based `config` is deprecated, use ConfigDict instead. Deprecated in Pydantic V2.0 to be removed in V3.0. See Pydantic V2 Migration Guide at https://errors.pydantic.dev/2.13/migration/;56 passed, 2 skipped, 7 warnings, 3 errors in 48.70s;
[2026-08-06 06:07:30] 后端复验通过
[2026-08-06 06:09:25] 前端结果: [2m Test Files [22m [1m[32m32 passed[39m[22m[90m (32)[39m;[2m      Tests [22m [1m[32m144 passed[39m[22m[90m (144)[39m;
[2026-08-06 06:09:25] 前端全部通过
[2026-08-06 06:09:25] ===== 第 134 轮结束，sleep 120 =====
[2026-08-06 06:11:26] ===== 第 135 轮开始 =====
[2026-08-06 06:11:27] 检测到基线脚本运行中，本轮跳过后端
[2026-08-06 06:11:27] 后端全部通过
[2026-08-06 06:14:07] 前端结果: [2m Test Files [22m [1m[32m32 passed[39m[22m[90m (32)[39m;[2m      Tests [22m [1m[32m144 passed[39m[22m[90m (144)[39m;
[2026-08-06 06:14:07] 前端全部通过
[2026-08-06 06:14:08] ===== 第 135 轮结束，sleep 120 =====
[2026-08-06 06:16:08] ===== 第 136 轮开始 =====
[2026-08-06 06:16:08] 检测到基线脚本运行中，本轮跳过后端
[2026-08-06 06:16:08] 后端全部通过
[2026-08-06 06:18:51] 前端结果: [2m Test Files [22m [1m[32m32 passed[39m[22m[90m (32)[39m;[2m      Tests [22m [1m[32m144 passed[39m[22m[90m (144)[39m;
[2026-08-06 06:18:51] 前端全部通过
[2026-08-06 06:18:51] ===== 第 136 轮结束，sleep 120 =====
[2026-08-06 06:20:51] ===== 第 137 轮开始 =====
[2026-08-06 06:20:51] 检测到基线脚本运行中，本轮跳过后端
[2026-08-06 06:20:51] 后端全部通过
[2026-08-06 06:21:42] 前端结果: [2m Test Files [22m [1m[32m32 passed[39m[22m[90m (32)[39m;[2m      Tests [22m [1m[32m144 passed[39m[22m[90m (144)[39m;
[2026-08-06 06:21:42] 前端全部通过
[2026-08-06 06:21:43] ===== 第 137 轮结束，sleep 120 =====
[2026-08-06 06:23:43] ===== 第 138 轮开始 =====
[2026-08-06 06:23:43] 检测到基线脚本运行中，本轮跳过后端
[2026-08-06 06:23:43] 后端全部通过
[2026-08-06 06:26:06] 前端结果: [2m Test Files [22m [1m[32m32 passed[39m[22m[90m (32)[39m;[2m      Tests [22m [1m[32m144 passed[39m[22m[90m (144)[39m;
[2026-08-06 06:26:06] 前端全部通过
[2026-08-06 06:26:07] ===== 第 138 轮结束，sleep 120 =====
[2026-08-06 07:10:20] ===== 第 1 轮开始 =====
[2026-08-06 07:11:16] 后端结果:   /workspace/agent-engine/app/models/users.py:136: PydanticDeprecatedSince20: Support for class-based `config` is deprecated, use ConfigDict instead. Deprecated in Pydantic V2.0 to be removed in V3.0. See Pydantic V2 Migration Guide at https://errors.pydantic.dev/2.13/migration/;  /workspace/agent-engine/app/models/users.py:210: PydanticDeprecatedSince20: Support for class-based `config` is deprecated, use ConfigDict instead. Deprecated in Pydantic V2.0 to be removed in V3.0. See Pydantic V2 Migration Guide at https://errors.pydantic.dev/2.13/migration/;56 passed, 2 skipped, 7 warnings in 42.17s;
[2026-08-06 07:11:16] 后端全部通过
[2026-08-06 07:13:23] 前端结果: [2m Test Files [22m [1m[32m32 passed[39m[22m[90m (32)[39m;[2m      Tests [22m [1m[32m144 passed[39m[22m[90m (144)[39m;
[2026-08-06 07:13:23] 前端全部通过
[2026-08-06 07:13:23] ===== 第 1 轮结束，sleep 120 =====
[2026-08-06 07:15:23] ===== 第 2 轮开始 =====
[2026-08-06 07:17:14] 后端结果:   /workspace/agent-engine/app/models/users.py:136: PydanticDeprecatedSince20: Support for class-based `config` is deprecated, use ConfigDict instead. Deprecated in Pydantic V2.0 to be removed in V3.0. See Pydantic V2 Migration Guide at https://errors.pydantic.dev/2.13/migration/;  /workspace/agent-engine/app/models/users.py:210: PydanticDeprecatedSince20: Support for class-based `config` is deprecated, use ConfigDict instead. Deprecated in Pydantic V2.0 to be removed in V3.0. See Pydantic V2 Migration Guide at https://errors.pydantic.dev/2.13/migration/;56 passed, 2 skipped, 7 warnings in 90.36s (0:01:30);
[2026-08-06 07:17:14] 后端全部通过
[2026-08-06 07:19:29] 前端结果: [2m Test Files [22m [1m[32m32 passed[39m[22m[90m (32)[39m;[2m      Tests [22m [1m[32m144 passed[39m[22m[90m (144)[39m;
[2026-08-06 07:19:29] 前端全部通过
[2026-08-06 07:19:29] ===== 第 2 轮结束，sleep 120 =====
[2026-08-06 07:21:33] ===== 第 3 轮开始 =====
[2026-08-06 07:23:35] 后端结果:   /workspace/agent-engine/app/models/users.py:136: PydanticDeprecatedSince20: Support for class-based `config` is deprecated, use ConfigDict instead. Deprecated in Pydantic V2.0 to be removed in V3.0. See Pydantic V2 Migration Guide at https://errors.pydantic.dev/2.13/migration/;  /workspace/agent-engine/app/models/users.py:210: PydanticDeprecatedSince20: Support for class-based `config` is deprecated, use ConfigDict instead. Deprecated in Pydantic V2.0 to be removed in V3.0. See Pydantic V2 Migration Guide at https://errors.pydantic.dev/2.13/migration/;56 passed, 2 skipped, 7 warnings in 69.91s (0:01:09);
[2026-08-06 07:23:36] 后端全部通过
[2026-08-06 07:25:51] 前端结果: [2m Test Files [22m [1m[32m32 passed[39m[22m[90m (32)[39m;[2m      Tests [22m [1m[32m144 passed[39m[22m[90m (144)[39m;
[2026-08-06 07:25:51] 前端全部通过
[2026-08-06 07:25:52] ===== 第 3 轮结束，sleep 120 =====
[2026-08-06 07:27:52] ===== 第 4 轮开始 =====
[2026-08-06 07:29:38] 后端结果:   /workspace/agent-engine/app/models/users.py:136: PydanticDeprecatedSince20: Support for class-based `config` is deprecated, use ConfigDict instead. Deprecated in Pydantic V2.0 to be removed in V3.0. See Pydantic V2 Migration Guide at https://errors.pydantic.dev/2.13/migration/;  /workspace/agent-engine/app/models/users.py:210: PydanticDeprecatedSince20: Support for class-based `config` is deprecated, use ConfigDict instead. Deprecated in Pydantic V2.0 to be removed in V3.0. See Pydantic V2 Migration Guide at https://errors.pydantic.dev/2.13/migration/;56 passed, 2 skipped, 7 warnings in 60.97s (0:01:00);
[2026-08-06 07:29:39] 后端全部通过
[2026-08-06 07:30:34] 前端结果: [2m Test Files [22m [1m[32m32 passed[39m[22m[90m (32)[39m;[2m      Tests [22m [1m[32m144 passed[39m[22m[90m (144)[39m;
[2026-08-06 07:30:34] 前端全部通过
[2026-08-06 07:30:36] ===== 第 4 轮结束，sleep 120 =====
[2026-08-06 07:42:36] ===== 第 1 轮开始 =====
[2026-08-06 07:44:48] 后端结果:   /workspace/agent-engine/app/models/users.py:136: PydanticDeprecatedSince20: Support for class-based `config` is deprecated, use ConfigDict instead. Deprecated in Pydantic V2.0 to be removed in V3.0. See Pydantic V2 Migration Guide at https://errors.pydantic.dev/2.13/migration/;  /workspace/agent-engine/app/models/users.py:210: PydanticDeprecatedSince20: Support for class-based `config` is deprecated, use ConfigDict instead. Deprecated in Pydantic V2.0 to be removed in V3.0. See Pydantic V2 Migration Guide at https://errors.pydantic.dev/2.13/migration/;56 passed, 2 skipped, 7 warnings in 102.44s (0:01:42);
[2026-08-06 07:44:48] 后端全部通过
[2026-08-06 07:45:25] 前端结果: [2m Test Files [22m [1m[32m32 passed[39m[22m[90m (32)[39m;[2m      Tests [22m [1m[32m144 passed[39m[22m[90m (144)[39m;
[2026-08-06 07:45:25] 前端全部通过
[2026-08-06 07:45:25] ===== 第 1 轮结束，sleep 120 =====
[2026-08-06 07:47:25] ===== 第 2 轮开始 =====
[2026-08-06 07:48:39] 后端结果:   /workspace/agent-engine/app/models/users.py:136: PydanticDeprecatedSince20: Support for class-based `config` is deprecated, use ConfigDict instead. Deprecated in Pydantic V2.0 to be removed in V3.0. See Pydantic V2 Migration Guide at https://errors.pydantic.dev/2.13/migration/;  /workspace/agent-engine/app/models/users.py:210: PydanticDeprecatedSince20: Support for class-based `config` is deprecated, use ConfigDict instead. Deprecated in Pydantic V2.0 to be removed in V3.0. See Pydantic V2 Migration Guide at https://errors.pydantic.dev/2.13/migration/;56 passed, 2 skipped, 7 warnings in 60.26s (0:01:00);
[2026-08-06 07:48:39] 后端全部通过
[2026-08-06 07:49:34] 前端结果: [2m Test Files [22m [1m[32m32 passed[39m[22m[90m (32)[39m;[2m      Tests [22m [1m[32m144 passed[39m[22m[90m (144)[39m;
[2026-08-06 07:49:34] 前端全部通过
[2026-08-06 07:49:34] ===== 第 2 轮结束，sleep 120 =====
[2026-08-06 07:51:34] ===== 第 3 轮开始 =====
[2026-08-06 07:53:11] 后端结果:   /workspace/agent-engine/app/models/users.py:136: PydanticDeprecatedSince20: Support for class-based `config` is deprecated, use ConfigDict instead. Deprecated in Pydantic V2.0 to be removed in V3.0. See Pydantic V2 Migration Guide at https://errors.pydantic.dev/2.13/migration/;  /workspace/agent-engine/app/models/users.py:210: PydanticDeprecatedSince20: Support for class-based `config` is deprecated, use ConfigDict instead. Deprecated in Pydantic V2.0 to be removed in V3.0. See Pydantic V2 Migration Guide at https://errors.pydantic.dev/2.13/migration/;56 passed, 2 skipped, 7 warnings in 73.16s (0:01:13);
[2026-08-06 07:53:12] 后端全部通过
[2026-08-06 07:54:18] 前端结果: [2m Test Files [22m [1m[32m32 passed[39m[22m[90m (32)[39m;[2m      Tests [22m [1m[32m144 passed[39m[22m[90m (144)[39m;
[2026-08-06 07:54:18] 前端全部通过
[2026-08-06 07:54:19] ===== 第 3 轮结束，sleep 120 =====
[2026-08-06 07:56:19] ===== 第 4 轮开始 =====
[2026-08-06 07:58:53] 后端结果:   /workspace/agent-engine/app/models/users.py:136: PydanticDeprecatedSince20: Support for class-based `config` is deprecated, use ConfigDict instead. Deprecated in Pydantic V2.0 to be removed in V3.0. See Pydantic V2 Migration Guide at https://errors.pydantic.dev/2.13/migration/;  /workspace/agent-engine/app/models/users.py:210: PydanticDeprecatedSince20: Support for class-based `config` is deprecated, use ConfigDict instead. Deprecated in Pydantic V2.0 to be removed in V3.0. See Pydantic V2 Migration Guide at https://errors.pydantic.dev/2.13/migration/;56 passed, 2 skipped, 7 warnings in 136.46s (0:02:16);
[2026-08-06 07:58:53] 后端全部通过
[2026-08-06 08:01:16] 前端结果: [2m Test Files [22m [1m[32m32 passed[39m[22m[90m (32)[39m;[2m      Tests [22m [1m[32m144 passed[39m[22m[90m (144)[39m;
[2026-08-06 08:01:16] 前端全部通过
[2026-08-06 08:01:17] ===== 第 4 轮结束，sleep 120 =====
[2026-08-06 08:03:17] ===== 第 5 轮开始 =====
[2026-08-06 08:04:53] 后端结果:   /workspace/agent-engine/app/models/users.py:136: PydanticDeprecatedSince20: Support for class-based `config` is deprecated, use ConfigDict instead. Deprecated in Pydantic V2.0 to be removed in V3.0. See Pydantic V2 Migration Guide at https://errors.pydantic.dev/2.13/migration/;  /workspace/agent-engine/app/models/users.py:210: PydanticDeprecatedSince20: Support for class-based `config` is deprecated, use ConfigDict instead. Deprecated in Pydantic V2.0 to be removed in V3.0. See Pydantic V2 Migration Guide at https://errors.pydantic.dev/2.13/migration/;56 passed, 2 skipped, 7 warnings in 83.32s (0:01:23);
[2026-08-06 08:04:53] 后端全部通过
[2026-08-06 08:05:34] 前端结果: [2m Test Files [22m [1m[32m32 passed[39m[22m[90m (32)[39m;[2m      Tests [22m [1m[32m144 passed[39m[22m[90m (144)[39m;
[2026-08-06 08:05:34] 前端全部通过
[2026-08-06 08:05:34] ===== 第 5 轮结束，sleep 120 =====
[2026-08-06 08:07:50] ===== 第 6 轮开始 =====
[2026-08-06 08:09:05] 后端结果:   /workspace/agent-engine/app/models/users.py:136: PydanticDeprecatedSince20: Support for class-based `config` is deprecated, use ConfigDict instead. Deprecated in Pydantic V2.0 to be removed in V3.0. See Pydantic V2 Migration Guide at https://errors.pydantic.dev/2.13/migration/;  /workspace/agent-engine/app/models/users.py:210: PydanticDeprecatedSince20: Support for class-based `config` is deprecated, use ConfigDict instead. Deprecated in Pydantic V2.0 to be removed in V3.0. See Pydantic V2 Migration Guide at https://errors.pydantic.dev/2.13/migration/;56 passed, 2 skipped, 7 warnings in 46.37s;
[2026-08-06 08:09:05] 后端全部通过
[2026-08-06 08:10:18] 前端结果: [2m Test Files [22m [1m[32m32 passed[39m[22m[90m (32)[39m;[2m      Tests [22m [1m[32m144 passed[39m[22m[90m (144)[39m;
[2026-08-06 08:10:18] 前端全部通过
[2026-08-06 08:10:19] ===== 第 6 轮结束，sleep 120 =====
[2026-08-06 08:12:19] ===== 第 7 轮开始 =====
[2026-08-06 08:14:23] 后端结果:   /workspace/agent-engine/app/models/users.py:136: PydanticDeprecatedSince20: Support for class-based `config` is deprecated, use ConfigDict instead. Deprecated in Pydantic V2.0 to be removed in V3.0. See Pydantic V2 Migration Guide at https://errors.pydantic.dev/2.13/migration/;  /workspace/agent-engine/app/models/users.py:210: PydanticDeprecatedSince20: Support for class-based `config` is deprecated, use ConfigDict instead. Deprecated in Pydantic V2.0 to be removed in V3.0. See Pydantic V2 Migration Guide at https://errors.pydantic.dev/2.13/migration/;56 passed, 2 skipped, 7 warnings in 88.63s (0:01:28);
[2026-08-06 08:14:23] 后端全部通过
[2026-08-06 08:14:56] 前端结果: [2m Test Files [22m [1m[32m32 passed[39m[22m[90m (32)[39m;[2m      Tests [22m [1m[32m144 passed[39m[22m[90m (144)[39m;
[2026-08-06 08:14:56] 前端全部通过
[2026-08-06 08:14:56] ===== 第 7 轮结束，sleep 120 =====
[2026-08-06 08:16:56] ===== 第 8 轮开始 =====
[2026-08-06 08:18:21] 后端结果:   /workspace/agent-engine/app/models/users.py:136: PydanticDeprecatedSince20: Support for class-based `config` is deprecated, use ConfigDict instead. Deprecated in Pydantic V2.0 to be removed in V3.0. See Pydantic V2 Migration Guide at https://errors.pydantic.dev/2.13/migration/;  /workspace/agent-engine/app/models/users.py:210: PydanticDeprecatedSince20: Support for class-based `config` is deprecated, use ConfigDict instead. Deprecated in Pydantic V2.0 to be removed in V3.0. See Pydantic V2 Migration Guide at https://errors.pydantic.dev/2.13/migration/;56 passed, 2 skipped, 7 warnings in 72.89s (0:01:12);
[2026-08-06 08:18:21] 后端全部通过
[2026-08-06 08:19:02] 前端结果: [2m Test Files [22m [1m[32m32 passed[39m[22m[90m (32)[39m;[2m      Tests [22m [1m[32m144 passed[39m[22m[90m (144)[39m;
[2026-08-06 08:19:02] 前端全部通过
[2026-08-06 08:19:02] ===== 第 8 轮结束，sleep 120 =====
[2026-08-06 08:21:07] ===== 第 9 轮开始 =====
[2026-08-06 08:22:34] 后端结果:   /workspace/agent-engine/app/models/users.py:136: PydanticDeprecatedSince20: Support for class-based `config` is deprecated, use ConfigDict instead. Deprecated in Pydantic V2.0 to be removed in V3.0. See Pydantic V2 Migration Guide at https://errors.pydantic.dev/2.13/migration/;  /workspace/agent-engine/app/models/users.py:210: PydanticDeprecatedSince20: Support for class-based `config` is deprecated, use ConfigDict instead. Deprecated in Pydantic V2.0 to be removed in V3.0. See Pydantic V2 Migration Guide at https://errors.pydantic.dev/2.13/migration/;56 passed, 2 skipped, 7 warnings in 44.66s;
[2026-08-06 08:22:34] 后端全部通过
[2026-08-06 08:23:20] 前端结果: [2m Test Files [22m [1m[32m32 passed[39m[22m[90m (32)[39m;[2m      Tests [22m [1m[32m144 passed[39m[22m[90m (144)[39m;
[2026-08-06 08:23:20] 前端全部通过
[2026-08-06 08:23:20] ===== 第 9 轮结束，sleep 120 =====
[2026-08-06 08:25:20] ===== 第 10 轮开始 =====
[2026-08-06 08:26:45] 后端结果:   /workspace/agent-engine/app/models/users.py:136: PydanticDeprecatedSince20: Support for class-based `config` is deprecated, use ConfigDict instead. Deprecated in Pydantic V2.0 to be removed in V3.0. See Pydantic V2 Migration Guide at https://errors.pydantic.dev/2.13/migration/;  /workspace/agent-engine/app/models/users.py:210: PydanticDeprecatedSince20: Support for class-based `config` is deprecated, use ConfigDict instead. Deprecated in Pydantic V2.0 to be removed in V3.0. See Pydantic V2 Migration Guide at https://errors.pydantic.dev/2.13/migration/;56 passed, 2 skipped, 7 warnings in 59.51s;
[2026-08-06 08:26:46] 后端全部通过
[2026-08-06 08:29:08] 前端结果: [2m Test Files [22m [1m[32m30 passed[39m[22m[90m (30)[39m;[2m      Tests [22m [1m[32m132 passed[39m[22m[90m (132)[39m;
[2026-08-06 08:29:08] 前端全部通过
[2026-08-06 08:29:09] ===== 第 10 轮结束，sleep 120 =====
[2026-08-06 08:31:09] ===== 第 11 轮开始 =====
[2026-08-06 08:32:37] 后端结果:   /workspace/agent-engine/app/models/users.py:136: PydanticDeprecatedSince20: Support for class-based `config` is deprecated, use ConfigDict instead. Deprecated in Pydantic V2.0 to be removed in V3.0. See Pydantic V2 Migration Guide at https://errors.pydantic.dev/2.13/migration/;  /workspace/agent-engine/app/models/users.py:210: PydanticDeprecatedSince20: Support for class-based `config` is deprecated, use ConfigDict instead. Deprecated in Pydantic V2.0 to be removed in V3.0. See Pydantic V2 Migration Guide at https://errors.pydantic.dev/2.13/migration/;56 passed, 2 skipped, 7 warnings in 65.86s (0:01:05);
[2026-08-06 08:32:37] 后端全部通过
[2026-08-06 08:33:33] 前端结果: [2m Test Files [22m [1m[32m32 passed[39m[22m[90m (32)[39m;[2m      Tests [22m [1m[32m144 passed[39m[22m[90m (144)[39m;
[2026-08-06 08:33:33] 前端全部通过
[2026-08-06 08:33:36] ===== 第 11 轮结束，sleep 120 =====
[2026-08-06 08:35:36] ===== 第 12 轮开始 =====
[2026-08-06 08:37:15] 后端结果:   /workspace/agent-engine/app/models/users.py:136: PydanticDeprecatedSince20: Support for class-based `config` is deprecated, use ConfigDict instead. Deprecated in Pydantic V2.0 to be removed in V3.0. See Pydantic V2 Migration Guide at https://errors.pydantic.dev/2.13/migration/;  /workspace/agent-engine/app/models/users.py:210: PydanticDeprecatedSince20: Support for class-based `config` is deprecated, use ConfigDict instead. Deprecated in Pydantic V2.0 to be removed in V3.0. See Pydantic V2 Migration Guide at https://errors.pydantic.dev/2.13/migration/;56 passed, 2 skipped, 7 warnings in 76.42s (0:01:16);
[2026-08-06 08:37:15] 后端全部通过
[2026-08-06 08:38:02] 前端结果: [2m Test Files [22m [1m[32m32 passed[39m[22m[90m (32)[39m;[2m      Tests [22m [1m[32m144 passed[39m[22m[90m (144)[39m;
[2026-08-06 08:38:02] 前端全部通过
[2026-08-06 08:38:04] ===== 第 12 轮结束，sleep 120 =====
[2026-08-06 08:40:10] ===== 第 13 轮开始 =====
[2026-08-06 08:41:58] 后端结果:   /workspace/agent-engine/app/models/users.py:136: PydanticDeprecatedSince20: Support for class-based `config` is deprecated, use ConfigDict instead. Deprecated in Pydantic V2.0 to be removed in V3.0. See Pydantic V2 Migration Guide at https://errors.pydantic.dev/2.13/migration/;  /workspace/agent-engine/app/models/users.py:210: PydanticDeprecatedSince20: Support for class-based `config` is deprecated, use ConfigDict instead. Deprecated in Pydantic V2.0 to be removed in V3.0. See Pydantic V2 Migration Guide at https://errors.pydantic.dev/2.13/migration/;56 passed, 2 skipped, 7 warnings in 55.87s;
[2026-08-06 08:41:58] 后端全部通过
[2026-08-06 08:43:55] 前端结果: [2m Test Files [22m [1m[32m32 passed[39m[22m[90m (32)[39m;[2m      Tests [22m [1m[32m144 passed[39m[22m[90m (144)[39m;
[2026-08-06 08:43:56] 前端全部通过
[2026-08-06 08:43:58] ===== 第 13 轮结束，sleep 120 =====
[2026-08-06 08:46:01] ===== 第 14 轮开始 =====
[2026-08-06 08:49:04] 后端结果:   /workspace/agent-engine/app/models/users.py:136: PydanticDeprecatedSince20: Support for class-based `config` is deprecated, use ConfigDict instead. Deprecated in Pydantic V2.0 to be removed in V3.0. See Pydantic V2 Migration Guide at https://errors.pydantic.dev/2.13/migration/;  /workspace/agent-engine/app/models/users.py:210: PydanticDeprecatedSince20: Support for class-based `config` is deprecated, use ConfigDict instead. Deprecated in Pydantic V2.0 to be removed in V3.0. See Pydantic V2 Migration Guide at https://errors.pydantic.dev/2.13/migration/;56 passed, 2 skipped, 7 warnings in 101.02s (0:01:41);
[2026-08-06 08:49:04] 后端全部通过
[2026-08-06 08:51:02] 前端结果: [31m⎯⎯⎯⎯⎯⎯⎯[39m[1m[41m Failed Tests 1 [49m[22m[31m⎯⎯⎯⎯⎯⎯⎯[39m;[2m Test Files [22m [1m[31m1 failed[39m[22m[2m | [22m[1m[32m31 passed[39m[22m[90m (32)[39m;[2m      Tests [22m [1m[31m1 failed[39m[22m[2m | [22m[1m[32m143 passed[39m[22m[90m (144)[39m;
[2026-08-06 08:51:03] 前端全部通过
[2026-08-06 08:51:05] ===== 第 14 轮结束，sleep 120 =====
[2026-08-06 08:53:05] ===== 第 15 轮开始 =====
[2026-08-06 08:54:53] 后端结果:   /workspace/agent-engine/app/models/users.py:136: PydanticDeprecatedSince20: Support for class-based `config` is deprecated, use ConfigDict instead. Deprecated in Pydantic V2.0 to be removed in V3.0. See Pydantic V2 Migration Guide at https://errors.pydantic.dev/2.13/migration/;  /workspace/agent-engine/app/models/users.py:210: PydanticDeprecatedSince20: Support for class-based `config` is deprecated, use ConfigDict instead. Deprecated in Pydantic V2.0 to be removed in V3.0. See Pydantic V2 Migration Guide at https://errors.pydantic.dev/2.13/migration/;56 passed, 2 skipped, 7 warnings in 87.13s (0:01:27);
[2026-08-06 08:54:53] 后端全部通过
[2026-08-06 08:56:20] 前端结果: [2m Test Files [22m [1m[32m32 passed[39m[22m[90m (32)[39m;[2m      Tests [22m [1m[32m144 passed[39m[22m[90m (144)[39m;
[2026-08-06 08:56:20] 前端全部通过
[2026-08-06 08:56:20] ===== 第 15 轮结束，sleep 120 =====
[2026-08-06 08:58:20] ===== 第 16 轮开始 =====
[2026-08-06 08:59:26] 后端结果:   /workspace/agent-engine/app/models/users.py:136: PydanticDeprecatedSince20: Support for class-based `config` is deprecated, use ConfigDict instead. Deprecated in Pydantic V2.0 to be removed in V3.0. See Pydantic V2 Migration Guide at https://errors.pydantic.dev/2.13/migration/;  /workspace/agent-engine/app/models/users.py:210: PydanticDeprecatedSince20: Support for class-based `config` is deprecated, use ConfigDict instead. Deprecated in Pydantic V2.0 to be removed in V3.0. See Pydantic V2 Migration Guide at https://errors.pydantic.dev/2.13/migration/;56 passed, 2 skipped, 7 warnings in 51.87s;
[2026-08-06 08:59:26] 后端全部通过
[2026-08-06 09:01:38] 前端结果: [2m Test Files [22m [1m[32m32 passed[39m[22m[90m (32)[39m;[2m      Tests [22m [1m[32m144 passed[39m[22m[90m (144)[39m;
[2026-08-06 09:01:38] 前端全部通过
[2026-08-06 09:01:38] ===== 第 16 轮结束，sleep 120 =====
[2026-08-06 09:03:39] ===== 第 17 轮开始 =====
[2026-08-06 09:05:38] 后端结果:   /workspace/agent-engine/app/models/users.py:136: PydanticDeprecatedSince20: Support for class-based `config` is deprecated, use ConfigDict instead. Deprecated in Pydantic V2.0 to be removed in V3.0. See Pydantic V2 Migration Guide at https://errors.pydantic.dev/2.13/migration/;  /workspace/agent-engine/app/models/users.py:210: PydanticDeprecatedSince20: Support for class-based `config` is deprecated, use ConfigDict instead. Deprecated in Pydantic V2.0 to be removed in V3.0. See Pydantic V2 Migration Guide at https://errors.pydantic.dev/2.13/migration/;56 passed, 2 skipped, 7 warnings in 54.35s;
[2026-08-06 09:05:39] 后端全部通过
[2026-08-06 09:08:17] 前端结果: [2m Test Files [22m [1m[32m32 passed[39m[22m[90m (32)[39m;[2m      Tests [22m [1m[32m144 passed[39m[22m[90m (144)[39m;
[2026-08-06 09:08:18] 前端全部通过
[2026-08-06 09:08:19] ===== 第 17 轮结束，sleep 120 =====
[2026-08-06 09:10:19] ===== 第 18 轮开始 =====
[2026-08-06 09:11:57] 后端结果:   /workspace/agent-engine/app/models/users.py:136: PydanticDeprecatedSince20: Support for class-based `config` is deprecated, use ConfigDict instead. Deprecated in Pydantic V2.0 to be removed in V3.0. See Pydantic V2 Migration Guide at https://errors.pydantic.dev/2.13/migration/;  /workspace/agent-engine/app/models/users.py:210: PydanticDeprecatedSince20: Support for class-based `config` is deprecated, use ConfigDict instead. Deprecated in Pydantic V2.0 to be removed in V3.0. See Pydantic V2 Migration Guide at https://errors.pydantic.dev/2.13/migration/;56 passed, 2 skipped, 7 warnings in 61.04s (0:01:01);
[2026-08-06 09:11:58] 后端全部通过
[2026-08-06 09:14:07] 前端结果: [2m Test Files [22m [1m[32m32 passed[39m[22m[90m (32)[39m;[2m      Tests [22m [1m[32m144 passed[39m[22m[90m (144)[39m;
[2026-08-06 09:14:07] 前端全部通过
[2026-08-06 09:14:09] ===== 第 18 轮结束，sleep 120 =====
[2026-08-06 09:16:09] ===== 第 19 轮开始 =====
[2026-08-06 09:18:51] 后端结果:   /workspace/agent-engine/app/models/users.py:136: PydanticDeprecatedSince20: Support for class-based `config` is deprecated, use ConfigDict instead. Deprecated in Pydantic V2.0 to be removed in V3.0. See Pydantic V2 Migration Guide at https://errors.pydantic.dev/2.13/migration/;  /workspace/agent-engine/app/models/users.py:210: PydanticDeprecatedSince20: Support for class-based `config` is deprecated, use ConfigDict instead. Deprecated in Pydantic V2.0 to be removed in V3.0. See Pydantic V2 Migration Guide at https://errors.pydantic.dev/2.13/migration/;56 passed, 2 skipped, 7 warnings in 120.05s (0:02:00);
[2026-08-06 09:18:51] 后端全部通过
[2026-08-06 09:20:58] 前端结果: [2m Test Files [22m [1m[32m32 passed[39m[22m[90m (32)[39m;[2m      Tests [22m [1m[32m144 passed[39m[22m[90m (144)[39m;
[2026-08-06 09:20:58] 前端全部通过
[2026-08-06 09:20:59] ===== 第 19 轮结束，sleep 120 =====
[2026-08-06 09:22:59] ===== 第 20 轮开始 =====
[2026-08-06 09:24:25] 后端结果:   /workspace/agent-engine/app/models/users.py:136: PydanticDeprecatedSince20: Support for class-based `config` is deprecated, use ConfigDict instead. Deprecated in Pydantic V2.0 to be removed in V3.0. See Pydantic V2 Migration Guide at https://errors.pydantic.dev/2.13/migration/;  /workspace/agent-engine/app/models/users.py:210: PydanticDeprecatedSince20: Support for class-based `config` is deprecated, use ConfigDict instead. Deprecated in Pydantic V2.0 to be removed in V3.0. See Pydantic V2 Migration Guide at https://errors.pydantic.dev/2.13/migration/;56 passed, 2 skipped, 7 warnings in 63.56s (0:01:03);
[2026-08-06 09:24:25] 后端全部通过
[2026-08-06 09:26:26] 前端结果: [2m Test Files [22m [1m[32m32 passed[39m[22m[90m (32)[39m;[2m      Tests [22m [1m[32m144 passed[39m[22m[90m (144)[39m;
[2026-08-06 09:26:26] 前端全部通过
[2026-08-06 09:26:28] ===== 第 20 轮结束，sleep 120 =====
[2026-08-06 09:28:28] ===== 第 21 轮开始 =====
[2026-08-06 09:29:43] 后端结果:   /workspace/agent-engine/app/models/users.py:136: PydanticDeprecatedSince20: Support for class-based `config` is deprecated, use ConfigDict instead. Deprecated in Pydantic V2.0 to be removed in V3.0. See Pydantic V2 Migration Guide at https://errors.pydantic.dev/2.13/migration/;  /workspace/agent-engine/app/models/users.py:210: PydanticDeprecatedSince20: Support for class-based `config` is deprecated, use ConfigDict instead. Deprecated in Pydantic V2.0 to be removed in V3.0. See Pydantic V2 Migration Guide at https://errors.pydantic.dev/2.13/migration/;56 passed, 2 skipped, 7 warnings in 53.21s;
[2026-08-06 09:29:44] 后端全部通过
[2026-08-06 09:31:37] 前端结果: [2m Test Files [22m [1m[32m32 passed[39m[22m[90m (32)[39m;[2m      Tests [22m [1m[32m144 passed[39m[22m[90m (144)[39m;
[2026-08-06 09:31:37] 前端全部通过
[2026-08-06 09:31:38] ===== 第 21 轮结束，sleep 120 =====
[2026-08-06 09:33:25] ===== 第 22 轮开始 =====
[2026-08-06 09:35:06] 后端结果:   /workspace/agent-engine/app/models/users.py:136: PydanticDeprecatedSince20: Support for class-based `config` is deprecated, use ConfigDict instead. Deprecated in Pydantic V2.0 to be removed in V3.0. See Pydantic V2 Migration Guide at https://errors.pydantic.dev/2.13/migration/;  /workspace/agent-engine/app/models/users.py:210: PydanticDeprecatedSince20: Support for class-based `config` is deprecated, use ConfigDict instead. Deprecated in Pydantic V2.0 to be removed in V3.0. See Pydantic V2 Migration Guide at https://errors.pydantic.dev/2.13/migration/;56 passed, 2 skipped, 7 warnings in 44.29s;
[2026-08-06 09:35:06] 后端全部通过
[2026-08-06 09:36:55] 前端结果: [2m Test Files [22m [1m[32m32 passed[39m[22m[90m (32)[39m;[2m      Tests [22m [1m[32m144 passed[39m[22m[90m (144)[39m;
[2026-08-06 09:36:55] 前端全部通过
[2026-08-06 09:36:58] ===== 第 22 轮结束，sleep 120 =====
[2026-08-06 09:38:58] ===== 第 23 轮开始 =====
[2026-08-06 09:41:33] 后端结果:   /workspace/agent-engine/app/models/users.py:136: PydanticDeprecatedSince20: Support for class-based `config` is deprecated, use ConfigDict instead. Deprecated in Pydantic V2.0 to be removed in V3.0. See Pydantic V2 Migration Guide at https://errors.pydantic.dev/2.13/migration/;  /workspace/agent-engine/app/models/users.py:210: PydanticDeprecatedSince20: Support for class-based `config` is deprecated, use ConfigDict instead. Deprecated in Pydantic V2.0 to be removed in V3.0. See Pydantic V2 Migration Guide at https://errors.pydantic.dev/2.13/migration/;56 passed, 2 skipped, 7 warnings in 118.14s (0:01:58);
[2026-08-06 09:41:33] 后端全部通过
[2026-08-06 09:43:00] 前端结果: [2m Test Files [22m [1m[32m32 passed[39m[22m[90m (32)[39m;[2m      Tests [22m [1m[32m144 passed[39m[22m[90m (144)[39m;
[2026-08-06 09:43:00] 前端全部通过
[2026-08-06 09:43:02] ===== 第 23 轮结束，sleep 120 =====
[2026-08-06 09:45:02] ===== 第 24 轮开始 =====
[2026-08-06 09:47:24] 后端结果:   /workspace/agent-engine/app/models/users.py:136: PydanticDeprecatedSince20: Support for class-based `config` is deprecated, use ConfigDict instead. Deprecated in Pydantic V2.0 to be removed in V3.0. See Pydantic V2 Migration Guide at https://errors.pydantic.dev/2.13/migration/;  /workspace/agent-engine/app/models/users.py:210: PydanticDeprecatedSince20: Support for class-based `config` is deprecated, use ConfigDict instead. Deprecated in Pydantic V2.0 to be removed in V3.0. See Pydantic V2 Migration Guide at https://errors.pydantic.dev/2.13/migration/;56 passed, 2 skipped, 7 warnings in 105.56s (0:01:45);
[2026-08-06 09:47:24] 后端全部通过
[2026-08-06 09:48:52] 前端结果: [2m Test Files [22m [1m[32m32 passed[39m[22m[90m (32)[39m;[2m      Tests [22m [1m[32m144 passed[39m[22m[90m (144)[39m;
[2026-08-06 09:48:52] 前端全部通过
[2026-08-06 09:48:54] ===== 第 24 轮结束，sleep 120 =====
[2026-08-06 09:50:54] ===== 第 25 轮开始 =====
[2026-08-06 09:52:25] 后端结果:   /workspace/agent-engine/app/models/users.py:136: PydanticDeprecatedSince20: Support for class-based `config` is deprecated, use ConfigDict instead. Deprecated in Pydantic V2.0 to be removed in V3.0. See Pydantic V2 Migration Guide at https://errors.pydantic.dev/2.13/migration/;  /workspace/agent-engine/app/models/users.py:210: PydanticDeprecatedSince20: Support for class-based `config` is deprecated, use ConfigDict instead. Deprecated in Pydantic V2.0 to be removed in V3.0. See Pydantic V2 Migration Guide at https://errors.pydantic.dev/2.13/migration/;56 passed, 2 skipped, 7 warnings in 69.26s (0:01:09);
[2026-08-06 09:52:25] 后端全部通过
[2026-08-06 09:53:53] 前端结果: [2m Test Files [22m [1m[32m32 passed[39m[22m[90m (32)[39m;[2m      Tests [22m [1m[32m144 passed[39m[22m[90m (144)[39m;
[2026-08-06 09:53:53] 前端全部通过
[2026-08-06 09:53:56] ===== 第 25 轮结束，sleep 120 =====
[2026-08-06 09:55:56] ===== 第 26 轮开始 =====
[2026-08-06 09:57:39] 后端结果:   /workspace/agent-engine/app/models/users.py:136: PydanticDeprecatedSince20: Support for class-based `config` is deprecated, use ConfigDict instead. Deprecated in Pydantic V2.0 to be removed in V3.0. See Pydantic V2 Migration Guide at https://errors.pydantic.dev/2.13/migration/;  /workspace/agent-engine/app/models/users.py:210: PydanticDeprecatedSince20: Support for class-based `config` is deprecated, use ConfigDict instead. Deprecated in Pydantic V2.0 to be removed in V3.0. See Pydantic V2 Migration Guide at https://errors.pydantic.dev/2.13/migration/;56 passed, 2 skipped, 7 warnings in 79.63s (0:01:19);
[2026-08-06 09:57:39] 后端全部通过
[2026-08-06 09:59:50] 前端结果: [2m Test Files [22m [1m[32m32 passed[39m[22m[90m (32)[39m;[2m      Tests [22m [1m[32m144 passed[39m[22m[90m (144)[39m;
[2026-08-06 09:59:51] 前端全部通过
[2026-08-06 09:59:53] ===== 第 26 轮结束，sleep 120 =====
[2026-08-06 10:01:53] ===== 第 27 轮开始 =====
[2026-08-06 10:03:11] 后端结果:   /workspace/agent-engine/app/models/users.py:136: PydanticDeprecatedSince20: Support for class-based `config` is deprecated, use ConfigDict instead. Deprecated in Pydantic V2.0 to be removed in V3.0. See Pydantic V2 Migration Guide at https://errors.pydantic.dev/2.13/migration/;  /workspace/agent-engine/app/models/users.py:210: PydanticDeprecatedSince20: Support for class-based `config` is deprecated, use ConfigDict instead. Deprecated in Pydantic V2.0 to be removed in V3.0. See Pydantic V2 Migration Guide at https://errors.pydantic.dev/2.13/migration/;56 passed, 2 skipped, 7 warnings in 59.83s;
[2026-08-06 10:03:11] 后端全部通过
[2026-08-06 10:04:11] 前端结果: [2m Test Files [22m [1m[32m32 passed[39m[22m[90m (32)[39m;[2m      Tests [22m [1m[32m144 passed[39m[22m[90m (144)[39m;
[2026-08-06 10:04:11] 前端全部通过
[2026-08-06 10:04:13] ===== 第 27 轮结束，sleep 120 =====
[2026-08-06 10:06:19] ===== 第 28 轮开始 =====
[2026-08-06 10:08:37] 后端结果:   /workspace/agent-engine/app/models/users.py:136: PydanticDeprecatedSince20: Support for class-based `config` is deprecated, use ConfigDict instead. Deprecated in Pydantic V2.0 to be removed in V3.0. See Pydantic V2 Migration Guide at https://errors.pydantic.dev/2.13/migration/;  /workspace/agent-engine/app/models/users.py:210: PydanticDeprecatedSince20: Support for class-based `config` is deprecated, use ConfigDict instead. Deprecated in Pydantic V2.0 to be removed in V3.0. See Pydantic V2 Migration Guide at https://errors.pydantic.dev/2.13/migration/;56 passed, 2 skipped, 7 warnings in 81.03s (0:01:21);
[2026-08-06 10:08:37] 后端全部通过
[2026-08-06 10:09:50] 前端结果: [2m Test Files [22m [1m[32m32 passed[39m[22m[90m (32)[39m;[2m      Tests [22m [1m[32m144 passed[39m[22m[90m (144)[39m;
[2026-08-06 10:09:50] 前端全部通过
[2026-08-06 10:09:52] ===== 第 28 轮结束，sleep 120 =====
[2026-08-06 10:11:52] ===== 第 29 轮开始 =====
[2026-08-06 10:14:00] 后端结果:   /workspace/agent-engine/app/models/users.py:136: PydanticDeprecatedSince20: Support for class-based `config` is deprecated, use ConfigDict instead. Deprecated in Pydantic V2.0 to be removed in V3.0. See Pydantic V2 Migration Guide at https://errors.pydantic.dev/2.13/migration/;  /workspace/agent-engine/app/models/users.py:210: PydanticDeprecatedSince20: Support for class-based `config` is deprecated, use ConfigDict instead. Deprecated in Pydantic V2.0 to be removed in V3.0. See Pydantic V2 Migration Guide at https://errors.pydantic.dev/2.13/migration/;56 passed, 2 skipped, 7 warnings in 94.29s (0:01:34);
[2026-08-06 10:14:00] 后端全部通过
[2026-08-06 10:16:04] 前端结果: [2m Test Files [22m [1m[32m32 passed[39m[22m[90m (32)[39m;[2m      Tests [22m [1m[32m144 passed[39m[22m[90m (144)[39m;
[2026-08-06 10:16:04] 前端全部通过
[2026-08-06 10:16:07] ===== 第 29 轮结束，sleep 120 =====
[2026-08-06 10:18:07] ===== 第 30 轮开始 =====
[2026-08-06 10:20:29] 后端结果:   /workspace/agent-engine/app/models/users.py:136: PydanticDeprecatedSince20: Support for class-based `config` is deprecated, use ConfigDict instead. Deprecated in Pydantic V2.0 to be removed in V3.0. See Pydantic V2 Migration Guide at https://errors.pydantic.dev/2.13/migration/;  /workspace/agent-engine/app/models/users.py:210: PydanticDeprecatedSince20: Support for class-based `config` is deprecated, use ConfigDict instead. Deprecated in Pydantic V2.0 to be removed in V3.0. See Pydantic V2 Migration Guide at https://errors.pydantic.dev/2.13/migration/;56 passed, 2 skipped, 7 warnings in 117.64s (0:01:57);
[2026-08-06 10:20:29] 后端全部通过
[2026-08-06 10:22:01] 前端结果: [2m Test Files [22m [1m[32m32 passed[39m[22m[90m (32)[39m;[2m      Tests [22m [1m[32m144 passed[39m[22m[90m (144)[39m;
[2026-08-06 10:22:01] 前端全部通过
[2026-08-06 10:22:03] ===== 第 30 轮结束，sleep 120 =====
[2026-08-06 10:24:03] ===== 第 31 轮开始 =====
[2026-08-06 10:25:41] 后端结果:   /workspace/agent-engine/app/models/users.py:136: PydanticDeprecatedSince20: Support for class-based `config` is deprecated, use ConfigDict instead. Deprecated in Pydantic V2.0 to be removed in V3.0. See Pydantic V2 Migration Guide at https://errors.pydantic.dev/2.13/migration/;  /workspace/agent-engine/app/models/users.py:210: PydanticDeprecatedSince20: Support for class-based `config` is deprecated, use ConfigDict instead. Deprecated in Pydantic V2.0 to be removed in V3.0. See Pydantic V2 Migration Guide at https://errors.pydantic.dev/2.13/migration/;56 passed, 2 skipped, 7 warnings in 66.77s (0:01:06);
[2026-08-06 10:25:41] 后端全部通过
[2026-08-06 10:28:08] 前端结果: [2m Test Files [22m [1m[32m32 passed[39m[22m[90m (32)[39m;[2m      Tests [22m [1m[32m144 passed[39m[22m[90m (144)[39m;
[2026-08-06 10:28:08] 前端全部通过
[2026-08-06 10:28:10] ===== 第 31 轮结束，sleep 120 =====
[2026-08-06 10:30:12] ===== 第 32 轮开始 =====
[2026-08-06 10:31:38] 后端结果:   /workspace/agent-engine/app/models/users.py:136: PydanticDeprecatedSince20: Support for class-based `config` is deprecated, use ConfigDict instead. Deprecated in Pydantic V2.0 to be removed in V3.0. See Pydantic V2 Migration Guide at https://errors.pydantic.dev/2.13/migration/;  /workspace/agent-engine/app/models/users.py:210: PydanticDeprecatedSince20: Support for class-based `config` is deprecated, use ConfigDict instead. Deprecated in Pydantic V2.0 to be removed in V3.0. See Pydantic V2 Migration Guide at https://errors.pydantic.dev/2.13/migration/;56 passed, 2 skipped, 7 warnings in 43.59s;
[2026-08-06 10:31:38] 后端全部通过
[2026-08-06 10:33:27] 前端结果: [2m Test Files [22m [1m[32m32 passed[39m[22m[90m (32)[39m;[2m      Tests [22m [1m[32m144 passed[39m[22m[90m (144)[39m;
[2026-08-06 10:33:28] 前端全部通过
[2026-08-06 10:33:30] ===== 第 32 轮结束，sleep 120 =====
[2026-08-06 10:35:30] ===== 第 33 轮开始 =====
[2026-08-06 10:37:01] 后端结果:   /workspace/agent-engine/app/models/users.py:136: PydanticDeprecatedSince20: Support for class-based `config` is deprecated, use ConfigDict instead. Deprecated in Pydantic V2.0 to be removed in V3.0. See Pydantic V2 Migration Guide at https://errors.pydantic.dev/2.13/migration/;  /workspace/agent-engine/app/models/users.py:210: PydanticDeprecatedSince20: Support for class-based `config` is deprecated, use ConfigDict instead. Deprecated in Pydantic V2.0 to be removed in V3.0. See Pydantic V2 Migration Guide at https://errors.pydantic.dev/2.13/migration/;56 passed, 2 skipped, 7 warnings in 70.42s (0:01:10);
[2026-08-06 10:37:01] 后端全部通过
[2026-08-06 10:38:55] 前端结果: [31m⎯⎯⎯⎯⎯⎯⎯[39m[1m[41m Failed Tests 1 [49m[22m[31m⎯⎯⎯⎯⎯⎯⎯[39m;[2m Test Files [22m [1m[31m1 failed[39m[22m[2m | [22m[1m[32m31 passed[39m[22m[90m (32)[39m;[2m      Tests [22m [1m[31m1 failed[39m[22m[2m | [22m[1m[32m143 passed[39m[22m[90m (144)[39m;
[2026-08-06 10:38:55] 前端全部通过
[2026-08-06 10:38:56] ===== 第 33 轮结束，sleep 120 =====
[2026-08-06 10:40:56] ===== 第 34 轮开始 =====
[2026-08-06 10:42:24] 后端结果:   /workspace/agent-engine/app/models/users.py:136: PydanticDeprecatedSince20: Support for class-based `config` is deprecated, use ConfigDict instead. Deprecated in Pydantic V2.0 to be removed in V3.0. See Pydantic V2 Migration Guide at https://errors.pydantic.dev/2.13/migration/;  /workspace/agent-engine/app/models/users.py:210: PydanticDeprecatedSince20: Support for class-based `config` is deprecated, use ConfigDict instead. Deprecated in Pydantic V2.0 to be removed in V3.0. See Pydantic V2 Migration Guide at https://errors.pydantic.dev/2.13/migration/;56 passed, 2 skipped, 7 warnings in 74.90s (0:01:14);
[2026-08-06 10:42:24] 后端全部通过
[2026-08-06 10:44:20] 前端结果: [31m⎯⎯⎯⎯⎯⎯⎯[39m[1m[41m Failed Tests 1 [49m[22m[31m⎯⎯⎯⎯⎯⎯⎯[39m;[2m Test Files [22m [1m[31m1 failed[39m[22m[2m | [22m[1m[32m31 passed[39m[22m[90m (32)[39m;[2m      Tests [22m [1m[31m1 failed[39m[22m[2m | [22m[1m[32m143 passed[39m[22m[90m (144)[39m;
[2026-08-06 10:44:20] 前端全部通过
[2026-08-06 10:44:21] ===== 第 34 轮结束，sleep 120 =====
[2026-08-06 10:46:21] ===== 第 35 轮开始 =====
[2026-08-06 10:47:35] 后端结果:   /workspace/agent-engine/app/models/users.py:136: PydanticDeprecatedSince20: Support for class-based `config` is deprecated, use ConfigDict instead. Deprecated in Pydantic V2.0 to be removed in V3.0. See Pydantic V2 Migration Guide at https://errors.pydantic.dev/2.13/migration/;  /workspace/agent-engine/app/models/users.py:210: PydanticDeprecatedSince20: Support for class-based `config` is deprecated, use ConfigDict instead. Deprecated in Pydantic V2.0 to be removed in V3.0. See Pydantic V2 Migration Guide at https://errors.pydantic.dev/2.13/migration/;56 passed, 2 skipped, 7 warnings in 60.21s (0:01:00);
[2026-08-06 10:47:35] 后端全部通过
[2026-08-06 10:49:32] 前端结果: [2m Test Files [22m [1m[32m32 passed[39m[22m[90m (32)[39m;[2m      Tests [22m [1m[32m144 passed[39m[22m[90m (144)[39m;
[2026-08-06 10:49:32] 前端全部通过
[2026-08-06 10:49:34] ===== 第 35 轮结束，sleep 120 =====
[2026-08-06 10:51:34] ===== 第 36 轮开始 =====
[2026-08-06 10:53:46] 后端结果:   /workspace/agent-engine/app/models/users.py:136: PydanticDeprecatedSince20: Support for class-based `config` is deprecated, use ConfigDict instead. Deprecated in Pydantic V2.0 to be removed in V3.0. See Pydantic V2 Migration Guide at https://errors.pydantic.dev/2.13/migration/;  /workspace/agent-engine/app/models/users.py:210: PydanticDeprecatedSince20: Support for class-based `config` is deprecated, use ConfigDict instead. Deprecated in Pydantic V2.0 to be removed in V3.0. See Pydantic V2 Migration Guide at https://errors.pydantic.dev/2.13/migration/;56 passed, 2 skipped, 7 warnings in 95.68s (0:01:35);
[2026-08-06 10:53:46] 后端全部通过
[2026-08-06 10:55:31] 前端结果: [2m Test Files [22m [1m[32m32 passed[39m[22m[90m (32)[39m;[2m      Tests [22m [1m[32m144 passed[39m[22m[90m (144)[39m;
[2026-08-06 10:55:32] 前端全部通过
[2026-08-06 10:55:32] ===== 第 36 轮结束，sleep 120 =====
[2026-08-06 10:57:34] ===== 第 37 轮开始 =====
[2026-08-06 10:59:12] 后端结果:   /workspace/agent-engine/app/models/users.py:136: PydanticDeprecatedSince20: Support for class-based `config` is deprecated, use ConfigDict instead. Deprecated in Pydantic V2.0 to be removed in V3.0. See Pydantic V2 Migration Guide at https://errors.pydantic.dev/2.13/migration/;  /workspace/agent-engine/app/models/users.py:210: PydanticDeprecatedSince20: Support for class-based `config` is deprecated, use ConfigDict instead. Deprecated in Pydantic V2.0 to be removed in V3.0. See Pydantic V2 Migration Guide at https://errors.pydantic.dev/2.13/migration/;56 passed, 2 skipped, 7 warnings in 55.88s;
[2026-08-06 10:59:12] 后端全部通过
[2026-08-06 11:01:20] 前端结果: [2m Test Files [22m [1m[32m32 passed[39m[22m[90m (32)[39m;[2m      Tests [22m [1m[32m144 passed[39m[22m[90m (144)[39m;
[2026-08-06 11:01:20] 前端全部通过
[2026-08-06 11:01:20] ===== 第 37 轮结束，sleep 120 =====
[2026-08-06 11:03:20] ===== 第 38 轮开始 =====
[2026-08-06 11:04:30] 后端结果:   /workspace/agent-engine/app/models/users.py:136: PydanticDeprecatedSince20: Support for class-based `config` is deprecated, use ConfigDict instead. Deprecated in Pydantic V2.0 to be removed in V3.0. See Pydantic V2 Migration Guide at https://errors.pydantic.dev/2.13/migration/;  /workspace/agent-engine/app/models/users.py:210: PydanticDeprecatedSince20: Support for class-based `config` is deprecated, use ConfigDict instead. Deprecated in Pydantic V2.0 to be removed in V3.0. See Pydantic V2 Migration Guide at https://errors.pydantic.dev/2.13/migration/;56 passed, 2 skipped, 7 warnings in 54.04s;
[2026-08-06 11:04:31] 后端全部通过
[2026-08-06 11:06:07] 前端结果: [2m Test Files [22m [1m[32m32 passed[39m[22m[90m (32)[39m;[2m      Tests [22m [1m[32m144 passed[39m[22m[90m (144)[39m;
[2026-08-06 11:06:08] 前端全部通过
[2026-08-06 11:06:08] ===== 第 38 轮结束，sleep 120 =====
[2026-08-06 11:08:11] ===== 第 39 轮开始 =====
[2026-08-06 11:10:13] 后端结果:   /workspace/agent-engine/app/models/users.py:136: PydanticDeprecatedSince20: Support for class-based `config` is deprecated, use ConfigDict instead. Deprecated in Pydantic V2.0 to be removed in V3.0. See Pydantic V2 Migration Guide at https://errors.pydantic.dev/2.13/migration/;  /workspace/agent-engine/app/models/users.py:210: PydanticDeprecatedSince20: Support for class-based `config` is deprecated, use ConfigDict instead. Deprecated in Pydantic V2.0 to be removed in V3.0. See Pydantic V2 Migration Guide at https://errors.pydantic.dev/2.13/migration/;56 passed, 2 skipped, 7 warnings in 64.83s (0:01:04);
[2026-08-06 11:10:13] 后端全部通过
[2026-08-06 11:11:19] 前端结果: [2m Test Files [22m [1m[32m32 passed[39m[22m[90m (32)[39m;[2m      Tests [22m [1m[32m144 passed[39m[22m[90m (144)[39m;
[2026-08-06 11:11:19] 前端全部通过
[2026-08-06 11:11:20] ===== 第 39 轮结束，sleep 120 =====
[2026-08-06 11:13:20] ===== 第 40 轮开始 =====
[2026-08-06 11:14:34] 后端结果:   /workspace/agent-engine/app/models/users.py:136: PydanticDeprecatedSince20: Support for class-based `config` is deprecated, use ConfigDict instead. Deprecated in Pydantic V2.0 to be removed in V3.0. See Pydantic V2 Migration Guide at https://errors.pydantic.dev/2.13/migration/;  /workspace/agent-engine/app/models/users.py:210: PydanticDeprecatedSince20: Support for class-based `config` is deprecated, use ConfigDict instead. Deprecated in Pydantic V2.0 to be removed in V3.0. See Pydantic V2 Migration Guide at https://errors.pydantic.dev/2.13/migration/;56 passed, 2 skipped, 7 warnings in 55.70s;
[2026-08-06 11:14:34] 后端全部通过
[2026-08-06 11:16:29] 前端结果: [31m⎯⎯⎯⎯⎯⎯⎯[39m[1m[41m Failed Tests 1 [49m[22m[31m⎯⎯⎯⎯⎯⎯⎯[39m;[2m Test Files [22m [1m[31m1 failed[39m[22m[2m | [22m[1m[32m31 passed[39m[22m[90m (32)[39m;[2m      Tests [22m [1m[31m1 failed[39m[22m[2m | [22m[1m[32m143 passed[39m[22m[90m (144)[39m;
[2026-08-06 11:16:29] 前端全部通过
[2026-08-06 11:16:30] ===== 第 40 轮结束，sleep 120 =====
[2026-08-06 11:18:30] ===== 第 41 轮开始 =====
[2026-08-06 11:19:50] 后端结果:   /workspace/agent-engine/app/models/users.py:136: PydanticDeprecatedSince20: Support for class-based `config` is deprecated, use ConfigDict instead. Deprecated in Pydantic V2.0 to be removed in V3.0. See Pydantic V2 Migration Guide at https://errors.pydantic.dev/2.13/migration/;  /workspace/agent-engine/app/models/users.py:210: PydanticDeprecatedSince20: Support for class-based `config` is deprecated, use ConfigDict instead. Deprecated in Pydantic V2.0 to be removed in V3.0. See Pydantic V2 Migration Guide at https://errors.pydantic.dev/2.13/migration/;56 passed, 2 skipped, 7 warnings in 66.89s (0:01:06);
[2026-08-06 11:19:50] 后端全部通过
[2026-08-06 11:20:27] 前端结果: [2m Test Files [22m [1m[32m32 passed[39m[22m[90m (32)[39m;[2m      Tests [22m [1m[32m144 passed[39m[22m[90m (144)[39m;
[2026-08-06 11:20:28] 前端全部通过
[2026-08-06 11:20:29] ===== 第 41 轮结束，sleep 120 =====
[2026-08-06 11:22:29] ===== 第 42 轮开始 =====
[2026-08-06 11:24:09] 后端结果:   /workspace/agent-engine/app/models/users.py:136: PydanticDeprecatedSince20: Support for class-based `config` is deprecated, use ConfigDict instead. Deprecated in Pydantic V2.0 to be removed in V3.0. See Pydantic V2 Migration Guide at https://errors.pydantic.dev/2.13/migration/;  /workspace/agent-engine/app/models/users.py:210: PydanticDeprecatedSince20: Support for class-based `config` is deprecated, use ConfigDict instead. Deprecated in Pydantic V2.0 to be removed in V3.0. See Pydantic V2 Migration Guide at https://errors.pydantic.dev/2.13/migration/;56 passed, 2 skipped, 7 warnings in 78.90s (0:01:18);
[2026-08-06 11:24:09] 后端全部通过
[2026-08-06 11:25:20] 前端结果: [2m Test Files [22m [1m[32m32 passed[39m[22m[90m (32)[39m;[2m      Tests [22m [1m[32m144 passed[39m[22m[90m (144)[39m;
[2026-08-06 11:25:20] 前端全部通过
[2026-08-06 11:25:21] ===== 第 42 轮结束，sleep 120 =====
[2026-08-06 11:27:21] ===== 第 43 轮开始 =====
[2026-08-06 11:28:17] 后端结果:   /workspace/agent-engine/app/models/users.py:136: PydanticDeprecatedSince20: Support for class-based `config` is deprecated, use ConfigDict instead. Deprecated in Pydantic V2.0 to be removed in V3.0. See Pydantic V2 Migration Guide at https://errors.pydantic.dev/2.13/migration/;  /workspace/agent-engine/app/models/users.py:210: PydanticDeprecatedSince20: Support for class-based `config` is deprecated, use ConfigDict instead. Deprecated in Pydantic V2.0 to be removed in V3.0. See Pydantic V2 Migration Guide at https://errors.pydantic.dev/2.13/migration/;56 passed, 2 skipped, 7 warnings in 42.33s;
[2026-08-06 11:28:17] 后端全部通过
[2026-08-06 11:29:07] 前端结果: [2m Test Files [22m [1m[32m32 passed[39m[22m[90m (32)[39m;[2m      Tests [22m [1m[32m144 passed[39m[22m[90m (144)[39m;
[2026-08-06 11:29:07] 前端全部通过
[2026-08-06 11:29:08] ===== 第 43 轮结束，sleep 120 =====
[2026-08-06 11:31:08] ===== 第 44 轮开始 =====
[2026-08-06 11:32:46] 后端结果:   /workspace/agent-engine/app/models/users.py:136: PydanticDeprecatedSince20: Support for class-based `config` is deprecated, use ConfigDict instead. Deprecated in Pydantic V2.0 to be removed in V3.0. See Pydantic V2 Migration Guide at https://errors.pydantic.dev/2.13/migration/;  /workspace/agent-engine/app/models/users.py:210: PydanticDeprecatedSince20: Support for class-based `config` is deprecated, use ConfigDict instead. Deprecated in Pydantic V2.0 to be removed in V3.0. See Pydantic V2 Migration Guide at https://errors.pydantic.dev/2.13/migration/;56 passed, 2 skipped, 7 warnings in 53.65s;
[2026-08-06 11:32:46] 后端全部通过
[2026-08-06 11:34:42] 前端结果: [2m Test Files [22m [1m[32m32 passed[39m[22m[90m (32)[39m;[2m      Tests [22m [1m[32m144 passed[39m[22m[90m (144)[39m;
[2026-08-06 11:34:42] 前端全部通过
[2026-08-06 11:34:43] ===== 第 44 轮结束，sleep 120 =====
[2026-08-06 11:36:51] ===== 第 45 轮开始 =====
[2026-08-06 11:38:57] 后端结果:   /workspace/agent-engine/app/models/users.py:136: PydanticDeprecatedSince20: Support for class-based `config` is deprecated, use ConfigDict instead. Deprecated in Pydantic V2.0 to be removed in V3.0. See Pydantic V2 Migration Guide at https://errors.pydantic.dev/2.13/migration/;  /workspace/agent-engine/app/models/users.py:210: PydanticDeprecatedSince20: Support for class-based `config` is deprecated, use ConfigDict instead. Deprecated in Pydantic V2.0 to be removed in V3.0. See Pydantic V2 Migration Guide at https://errors.pydantic.dev/2.13/migration/;56 passed, 2 skipped, 7 warnings in 93.72s (0:01:33);
[2026-08-06 11:38:57] 后端全部通过
[2026-08-06 11:40:45] 前端结果: [2m Test Files [22m [1m[32m32 passed[39m[22m[90m (32)[39m;[2m      Tests [22m [1m[32m144 passed[39m[22m[90m (144)[39m;
[2026-08-06 11:40:45] 前端全部通过
[2026-08-06 11:40:46] ===== 第 45 轮结束，sleep 120 =====
[2026-08-06 11:43:00] ===== 第 46 轮开始 =====
[2026-08-06 11:44:36] 后端结果:     raise error;E               (Background on this error at: https://sqlalche.me/e/20/e3q8);  /workspace/agent-engine/app/models/users.py:136: PydanticDeprecatedSince20: Support for class-based `config` is deprecated, use ConfigDict instead. Deprecated in Pydantic V2.0 to be removed in V3.0. See Pydantic V2 Migration Guide at https://errors.pydantic.dev/2.13/migration/;  /workspace/agent-engine/app/models/users.py:210: PydanticDeprecatedSince20: Support for class-based `config` is deprecated, use ConfigDict instead. Deprecated in Pydantic V2.0 to be removed in V3.0. See Pydantic V2 Migration Guide at https://errors.pydantic.dev/2.13/migration/;56 passed, 2 skipped, 7 warnings, 1 error in 57.83s;
[2026-08-06 11:44:36] backend: 记录 2 个失败到 /workspace/.monkeycode/loop/backend_fail_20260806_114436.txt
[2026-08-06 11:45:37] 后端复验:   /workspace/agent-engine/app/models/users.py:136: PydanticDeprecatedSince20: Support for class-based `config` is deprecated, use ConfigDict instead. Deprecated in Pydantic V2.0 to be removed in V3.0. See Pydantic V2 Migration Guide at https://errors.pydantic.dev/2.13/migration/;  /workspace/agent-engine/app/models/users.py:210: PydanticDeprecatedSince20: Support for class-based `config` is deprecated, use ConfigDict instead. Deprecated in Pydantic V2.0 to be removed in V3.0. See Pydantic V2 Migration Guide at https://errors.pydantic.dev/2.13/migration/;56 passed, 2 skipped, 7 warnings in 55.42s;
[2026-08-06 11:45:37] 后端复验通过
[2026-08-06 11:46:45] 前端结果: [2m Test Files [22m [1m[32m32 passed[39m[22m[90m (32)[39m;[2m      Tests [22m [1m[32m144 passed[39m[22m[90m (144)[39m;
[2026-08-06 11:46:45] 前端全部通过
[2026-08-06 11:46:45] ===== 第 46 轮结束，sleep 120 =====
[2026-08-06 11:48:51] ===== 第 47 轮开始 =====
[2026-08-06 11:50:59] 后端结果:   /workspace/agent-engine/app/models/users.py:136: PydanticDeprecatedSince20: Support for class-based `config` is deprecated, use ConfigDict instead. Deprecated in Pydantic V2.0 to be removed in V3.0. See Pydantic V2 Migration Guide at https://errors.pydantic.dev/2.13/migration/;  /workspace/agent-engine/app/models/users.py:210: PydanticDeprecatedSince20: Support for class-based `config` is deprecated, use ConfigDict instead. Deprecated in Pydantic V2.0 to be removed in V3.0. See Pydantic V2 Migration Guide at https://errors.pydantic.dev/2.13/migration/;56 passed, 2 skipped, 7 warnings in 73.26s (0:01:13);
[2026-08-06 11:50:59] 后端全部通过
[2026-08-06 11:51:55] 前端结果: [2m Test Files [22m [1m[32m32 passed[39m[22m[90m (32)[39m;[2m      Tests [22m [1m[32m144 passed[39m[22m[90m (144)[39m;
[2026-08-06 11:51:55] 前端全部通过
[2026-08-06 11:51:55] ===== 第 47 轮结束，sleep 120 =====
[2026-08-06 11:53:59] ===== 第 48 轮开始 =====
[2026-08-06 11:55:25] 后端结果:   /workspace/agent-engine/app/models/users.py:136: PydanticDeprecatedSince20: Support for class-based `config` is deprecated, use ConfigDict instead. Deprecated in Pydantic V2.0 to be removed in V3.0. See Pydantic V2 Migration Guide at https://errors.pydantic.dev/2.13/migration/;  /workspace/agent-engine/app/models/users.py:210: PydanticDeprecatedSince20: Support for class-based `config` is deprecated, use ConfigDict instead. Deprecated in Pydantic V2.0 to be removed in V3.0. See Pydantic V2 Migration Guide at https://errors.pydantic.dev/2.13/migration/;56 passed, 2 skipped, 7 warnings in 53.72s;
[2026-08-06 11:55:25] 后端全部通过
[2026-08-06 11:58:06] 前端结果: [2m Test Files [22m [1m[32m30 passed[39m[22m[90m (30)[39m;[2m      Tests [22m [1m[32m136 passed[39m[22m[90m (136)[39m;
[2026-08-06 11:58:06] 前端全部通过
[2026-08-06 11:58:06] ===== 第 48 轮结束，sleep 120 =====
[2026-08-06 12:00:06] ===== 第 49 轮开始 =====
[2026-08-06 12:01:49] 后端结果:   /workspace/agent-engine/app/models/users.py:136: PydanticDeprecatedSince20: Support for class-based `config` is deprecated, use ConfigDict instead. Deprecated in Pydantic V2.0 to be removed in V3.0. See Pydantic V2 Migration Guide at https://errors.pydantic.dev/2.13/migration/;  /workspace/agent-engine/app/models/users.py:210: PydanticDeprecatedSince20: Support for class-based `config` is deprecated, use ConfigDict instead. Deprecated in Pydantic V2.0 to be removed in V3.0. See Pydantic V2 Migration Guide at https://errors.pydantic.dev/2.13/migration/;56 passed, 2 skipped, 7 warnings in 75.19s (0:01:15);
[2026-08-06 12:01:49] 后端全部通过
[2026-08-06 12:02:44] 前端结果: [2m Test Files [22m [1m[32m32 passed[39m[22m[90m (32)[39m;[2m      Tests [22m [1m[32m144 passed[39m[22m[90m (144)[39m;
[2026-08-06 12:02:45] 前端全部通过
[2026-08-06 12:02:45] ===== 第 49 轮结束，sleep 120 =====
[2026-08-06 12:04:46] ===== 第 50 轮开始 =====
[2026-08-06 12:07:24] 后端结果:   /workspace/agent-engine/app/models/users.py:136: PydanticDeprecatedSince20: Support for class-based `config` is deprecated, use ConfigDict instead. Deprecated in Pydantic V2.0 to be removed in V3.0. See Pydantic V2 Migration Guide at https://errors.pydantic.dev/2.13/migration/;  /workspace/agent-engine/app/models/users.py:210: PydanticDeprecatedSince20: Support for class-based `config` is deprecated, use ConfigDict instead. Deprecated in Pydantic V2.0 to be removed in V3.0. See Pydantic V2 Migration Guide at https://errors.pydantic.dev/2.13/migration/;56 passed, 2 skipped, 7 warnings in 127.99s (0:02:07);
[2026-08-06 12:07:24] 后端全部通过
[2026-08-06 12:09:10] 前端结果: [2m Test Files [22m [1m[32m32 passed[39m[22m[90m (32)[39m;[2m      Tests [22m [1m[32m144 passed[39m[22m[90m (144)[39m;
[2026-08-06 12:09:11] 前端全部通过
[2026-08-06 12:09:11] ===== 第 50 轮结束，sleep 120 =====
[2026-08-06 12:11:11] ===== 第 51 轮开始 =====
[2026-08-06 12:12:29] 后端结果:   /workspace/agent-engine/app/models/users.py:136: PydanticDeprecatedSince20: Support for class-based `config` is deprecated, use ConfigDict instead. Deprecated in Pydantic V2.0 to be removed in V3.0. See Pydantic V2 Migration Guide at https://errors.pydantic.dev/2.13/migration/;  /workspace/agent-engine/app/models/users.py:210: PydanticDeprecatedSince20: Support for class-based `config` is deprecated, use ConfigDict instead. Deprecated in Pydantic V2.0 to be removed in V3.0. See Pydantic V2 Migration Guide at https://errors.pydantic.dev/2.13/migration/;56 passed, 2 skipped, 7 warnings in 46.91s;
[2026-08-06 12:12:29] 后端全部通过
[2026-08-06 12:13:09] 前端结果: [2m Test Files [22m [1m[32m32 passed[39m[22m[90m (32)[39m;[2m      Tests [22m [1m[32m144 passed[39m[22m[90m (144)[39m;
[2026-08-06 12:13:09] 前端全部通过
[2026-08-06 12:13:10] ===== 第 51 轮结束，sleep 120 =====
[2026-08-06 12:15:22] ===== 第 52 轮开始 =====
[2026-08-06 12:17:17] 后端结果:   /workspace/agent-engine/app/models/users.py:136: PydanticDeprecatedSince20: Support for class-based `config` is deprecated, use ConfigDict instead. Deprecated in Pydantic V2.0 to be removed in V3.0. See Pydantic V2 Migration Guide at https://errors.pydantic.dev/2.13/migration/;  /workspace/agent-engine/app/models/users.py:210: PydanticDeprecatedSince20: Support for class-based `config` is deprecated, use ConfigDict instead. Deprecated in Pydantic V2.0 to be removed in V3.0. See Pydantic V2 Migration Guide at https://errors.pydantic.dev/2.13/migration/;56 passed, 2 skipped, 7 warnings in 46.42s;
[2026-08-06 12:17:17] 后端全部通过
[2026-08-06 12:17:52] 前端结果: [2m Test Files [22m [1m[32m32 passed[39m[22m[90m (32)[39m;[2m      Tests [22m [1m[32m144 passed[39m[22m[90m (144)[39m;
[2026-08-06 12:17:52] 前端全部通过
[2026-08-06 12:17:53] ===== 第 52 轮结束，sleep 120 =====
[2026-08-06 12:19:53] ===== 第 53 轮开始 =====
[2026-08-06 12:22:18] 后端结果:   /workspace/agent-engine/app/models/users.py:136: PydanticDeprecatedSince20: Support for class-based `config` is deprecated, use ConfigDict instead. Deprecated in Pydantic V2.0 to be removed in V3.0. See Pydantic V2 Migration Guide at https://errors.pydantic.dev/2.13/migration/;  /workspace/agent-engine/app/models/users.py:210: PydanticDeprecatedSince20: Support for class-based `config` is deprecated, use ConfigDict instead. Deprecated in Pydantic V2.0 to be removed in V3.0. See Pydantic V2 Migration Guide at https://errors.pydantic.dev/2.13/migration/;56 passed, 2 skipped, 7 warnings in 107.26s (0:01:47);
[2026-08-06 12:22:18] 后端全部通过
[2026-08-06 12:23:29] 前端结果: [2m Test Files [22m [1m[32m32 passed[39m[22m[90m (32)[39m;[2m      Tests [22m [1m[32m144 passed[39m[22m[90m (144)[39m;
[2026-08-06 12:23:29] 前端全部通过
[2026-08-06 12:23:30] ===== 第 53 轮结束，sleep 120 =====
[2026-08-06 12:25:30] ===== 第 54 轮开始 =====
[2026-08-06 12:26:56] 后端结果:   /workspace/agent-engine/app/models/users.py:136: PydanticDeprecatedSince20: Support for class-based `config` is deprecated, use ConfigDict instead. Deprecated in Pydantic V2.0 to be removed in V3.0. See Pydantic V2 Migration Guide at https://errors.pydantic.dev/2.13/migration/;  /workspace/agent-engine/app/models/users.py:210: PydanticDeprecatedSince20: Support for class-based `config` is deprecated, use ConfigDict instead. Deprecated in Pydantic V2.0 to be removed in V3.0. See Pydantic V2 Migration Guide at https://errors.pydantic.dev/2.13/migration/;56 passed, 2 skipped, 7 warnings in 72.94s (0:01:12);
[2026-08-06 12:26:56] 后端全部通过
[2026-08-06 12:27:36] 前端结果: [2m Test Files [22m [1m[32m32 passed[39m[22m[90m (32)[39m;[2m      Tests [22m [1m[32m144 passed[39m[22m[90m (144)[39m;
[2026-08-06 12:27:36] 前端全部通过
[2026-08-06 12:27:37] ===== 第 54 轮结束，sleep 120 =====
[2026-08-06 12:29:37] ===== 第 55 轮开始 =====
[2026-08-06 12:30:57] 后端结果:   /workspace/agent-engine/app/models/users.py:136: PydanticDeprecatedSince20: Support for class-based `config` is deprecated, use ConfigDict instead. Deprecated in Pydantic V2.0 to be removed in V3.0. See Pydantic V2 Migration Guide at https://errors.pydantic.dev/2.13/migration/;  /workspace/agent-engine/app/models/users.py:210: PydanticDeprecatedSince20: Support for class-based `config` is deprecated, use ConfigDict instead. Deprecated in Pydantic V2.0 to be removed in V3.0. See Pydantic V2 Migration Guide at https://errors.pydantic.dev/2.13/migration/;56 passed, 2 skipped, 7 warnings in 66.89s (0:01:06);
[2026-08-06 12:30:57] 后端全部通过
[2026-08-06 12:31:27] 前端结果: [2m Test Files [22m [1m[32m32 passed[39m[22m[90m (32)[39m;[2m      Tests [22m [1m[32m144 passed[39m[22m[90m (144)[39m;
[2026-08-06 12:31:27] 前端全部通过
[2026-08-06 12:31:27] ===== 第 55 轮结束，sleep 120 =====
[2026-08-06 12:33:31] ===== 第 56 轮开始 =====
[2026-08-06 12:35:01] 后端结果:   /workspace/agent-engine/app/models/users.py:136: PydanticDeprecatedSince20: Support for class-based `config` is deprecated, use ConfigDict instead. Deprecated in Pydantic V2.0 to be removed in V3.0. See Pydantic V2 Migration Guide at https://errors.pydantic.dev/2.13/migration/;  /workspace/agent-engine/app/models/users.py:210: PydanticDeprecatedSince20: Support for class-based `config` is deprecated, use ConfigDict instead. Deprecated in Pydantic V2.0 to be removed in V3.0. See Pydantic V2 Migration Guide at https://errors.pydantic.dev/2.13/migration/;56 passed, 2 skipped, 7 warnings in 47.71s;
[2026-08-06 12:35:01] 后端全部通过
[2026-08-06 12:35:50] 前端结果: [2m Test Files [22m [1m[32m32 passed[39m[22m[90m (32)[39m;[2m      Tests [22m [1m[32m144 passed[39m[22m[90m (144)[39m;
[2026-08-06 12:35:50] 前端全部通过
[2026-08-06 12:35:51] ===== 第 56 轮结束，sleep 120 =====
[2026-08-06 12:37:51] ===== 第 57 轮开始 =====
[2026-08-06 12:39:40] 后端结果:   /workspace/agent-engine/app/models/users.py:136: PydanticDeprecatedSince20: Support for class-based `config` is deprecated, use ConfigDict instead. Deprecated in Pydantic V2.0 to be removed in V3.0. See Pydantic V2 Migration Guide at https://errors.pydantic.dev/2.13/migration/;  /workspace/agent-engine/app/models/users.py:210: PydanticDeprecatedSince20: Support for class-based `config` is deprecated, use ConfigDict instead. Deprecated in Pydantic V2.0 to be removed in V3.0. See Pydantic V2 Migration Guide at https://errors.pydantic.dev/2.13/migration/;56 passed, 2 skipped, 7 warnings in 56.25s;
[2026-08-06 12:39:40] 后端全部通过
[2026-08-06 12:42:04] 前端结果: [31m⎯⎯⎯⎯⎯⎯⎯[39m[1m[41m Failed Tests 1 [49m[22m[31m⎯⎯⎯⎯⎯⎯⎯[39m;[2m Test Files [22m [1m[31m1 failed[39m[22m[2m | [22m[1m[32m31 passed[39m[22m[90m (32)[39m;[2m      Tests [22m [1m[31m1 failed[39m[22m[2m | [22m[1m[32m143 passed[39m[22m[90m (144)[39m;
[2026-08-06 12:42:04] 前端全部通过
[2026-08-06 12:42:05] ===== 第 57 轮结束，sleep 120 =====
[2026-08-06 12:44:05] ===== 第 58 轮开始 =====
[2026-08-06 12:45:42] 后端结果:   /workspace/agent-engine/app/models/users.py:136: PydanticDeprecatedSince20: Support for class-based `config` is deprecated, use ConfigDict instead. Deprecated in Pydantic V2.0 to be removed in V3.0. See Pydantic V2 Migration Guide at https://errors.pydantic.dev/2.13/migration/;  /workspace/agent-engine/app/models/users.py:210: PydanticDeprecatedSince20: Support for class-based `config` is deprecated, use ConfigDict instead. Deprecated in Pydantic V2.0 to be removed in V3.0. See Pydantic V2 Migration Guide at https://errors.pydantic.dev/2.13/migration/;56 passed, 2 skipped, 7 warnings in 68.90s (0:01:08);
[2026-08-06 12:45:42] 后端全部通过
[2026-08-06 12:46:56] 前端结果: [2m Test Files [22m [1m[32m32 passed[39m[22m[90m (32)[39m;[2m      Tests [22m [1m[32m144 passed[39m[22m[90m (144)[39m;
[2026-08-06 12:46:56] 前端全部通过
[2026-08-06 12:46:56] ===== 第 58 轮结束，sleep 120 =====
[2026-08-06 12:48:56] ===== 第 59 轮开始 =====
[2026-08-06 12:50:30] 后端结果:   /workspace/agent-engine/app/models/users.py:136: PydanticDeprecatedSince20: Support for class-based `config` is deprecated, use ConfigDict instead. Deprecated in Pydantic V2.0 to be removed in V3.0. See Pydantic V2 Migration Guide at https://errors.pydantic.dev/2.13/migration/;  /workspace/agent-engine/app/models/users.py:210: PydanticDeprecatedSince20: Support for class-based `config` is deprecated, use ConfigDict instead. Deprecated in Pydantic V2.0 to be removed in V3.0. See Pydantic V2 Migration Guide at https://errors.pydantic.dev/2.13/migration/;56 passed, 2 skipped, 7 warnings in 89.02s (0:01:29);
[2026-08-06 12:50:30] 后端全部通过
[2026-08-06 12:51:15] 前端结果: [2m Test Files [22m [1m[32m32 passed[39m[22m[90m (32)[39m;[2m      Tests [22m [1m[32m144 passed[39m[22m[90m (144)[39m;
[2026-08-06 12:51:15] 前端全部通过
[2026-08-06 12:51:17] ===== 第 59 轮结束，sleep 120 =====
[2026-08-06 12:53:17] ===== 第 60 轮开始 =====
[2026-08-06 12:54:29] 后端结果:   /workspace/agent-engine/app/models/users.py:136: PydanticDeprecatedSince20: Support for class-based `config` is deprecated, use ConfigDict instead. Deprecated in Pydantic V2.0 to be removed in V3.0. See Pydantic V2 Migration Guide at https://errors.pydantic.dev/2.13/migration/;  /workspace/agent-engine/app/models/users.py:210: PydanticDeprecatedSince20: Support for class-based `config` is deprecated, use ConfigDict instead. Deprecated in Pydantic V2.0 to be removed in V3.0. See Pydantic V2 Migration Guide at https://errors.pydantic.dev/2.13/migration/;56 passed, 2 skipped, 7 warnings in 63.02s (0:01:03);
[2026-08-06 12:54:29] 后端全部通过
[2026-08-06 12:55:44] 前端结果: [2m Test Files [22m [1m[32m32 passed[39m[22m[90m (32)[39m;[2m      Tests [22m [1m[32m144 passed[39m[22m[90m (144)[39m;
[2026-08-06 12:55:44] 前端全部通过
[2026-08-06 12:55:45] ===== 第 60 轮结束，sleep 120 =====
[2026-08-06 12:57:47] ===== 第 61 轮开始 =====
[2026-08-06 12:59:35] 后端结果:   /workspace/agent-engine/app/models/users.py:136: PydanticDeprecatedSince20: Support for class-based `config` is deprecated, use ConfigDict instead. Deprecated in Pydantic V2.0 to be removed in V3.0. See Pydantic V2 Migration Guide at https://errors.pydantic.dev/2.13/migration/;  /workspace/agent-engine/app/models/users.py:210: PydanticDeprecatedSince20: Support for class-based `config` is deprecated, use ConfigDict instead. Deprecated in Pydantic V2.0 to be removed in V3.0. See Pydantic V2 Migration Guide at https://errors.pydantic.dev/2.13/migration/;56 passed, 2 skipped, 7 warnings in 74.66s (0:01:14);
[2026-08-06 12:59:35] 后端全部通过
[2026-08-06 13:00:06] 前端结果: [2m Test Files [22m [1m[32m32 passed[39m[22m[90m (32)[39m;[2m      Tests [22m [1m[32m144 passed[39m[22m[90m (144)[39m;
[2026-08-06 13:00:06] 前端全部通过
[2026-08-06 13:00:06] ===== 第 61 轮结束，sleep 120 =====
[2026-08-06 13:02:06] ===== 第 62 轮开始 =====
[2026-08-06 13:04:04] 后端结果:   /workspace/agent-engine/app/models/users.py:136: PydanticDeprecatedSince20: Support for class-based `config` is deprecated, use ConfigDict instead. Deprecated in Pydantic V2.0 to be removed in V3.0. See Pydantic V2 Migration Guide at https://errors.pydantic.dev/2.13/migration/;  /workspace/agent-engine/app/models/users.py:210: PydanticDeprecatedSince20: Support for class-based `config` is deprecated, use ConfigDict instead. Deprecated in Pydantic V2.0 to be removed in V3.0. See Pydantic V2 Migration Guide at https://errors.pydantic.dev/2.13/migration/;56 passed, 2 skipped, 7 warnings in 51.79s;
[2026-08-06 13:04:04] 后端全部通过
[2026-08-06 13:06:16] 前端结果: [2m Test Files [22m [1m[32m32 passed[39m[22m[90m (32)[39m;[2m      Tests [22m [1m[32m144 passed[39m[22m[90m (144)[39m;
[2026-08-06 13:06:16] 前端全部通过
[2026-08-06 13:06:18] ===== 第 62 轮结束，sleep 120 =====
[2026-08-06 13:08:18] ===== 第 63 轮开始 =====
[2026-08-06 13:10:37] 后端结果:   /workspace/agent-engine/app/models/users.py:136: PydanticDeprecatedSince20: Support for class-based `config` is deprecated, use ConfigDict instead. Deprecated in Pydantic V2.0 to be removed in V3.0. See Pydantic V2 Migration Guide at https://errors.pydantic.dev/2.13/migration/;  /workspace/agent-engine/app/models/users.py:210: PydanticDeprecatedSince20: Support for class-based `config` is deprecated, use ConfigDict instead. Deprecated in Pydantic V2.0 to be removed in V3.0. See Pydantic V2 Migration Guide at https://errors.pydantic.dev/2.13/migration/;56 passed, 2 skipped, 7 warnings in 101.33s (0:01:41);
[2026-08-06 13:10:37] 后端全部通过
[2026-08-06 13:11:30] 前端结果: [2m Test Files [22m [1m[32m32 passed[39m[22m[90m (32)[39m;[2m      Tests [22m [1m[32m144 passed[39m[22m[90m (144)[39m;
[2026-08-06 13:11:31] 前端全部通过
[2026-08-06 13:11:31] ===== 第 63 轮结束，sleep 120 =====
[2026-08-06 13:13:31] ===== 第 64 轮开始 =====
[2026-08-06 13:16:39] 后端结果:   /workspace/agent-engine/app/models/users.py:136: PydanticDeprecatedSince20: Support for class-based `config` is deprecated, use ConfigDict instead. Deprecated in Pydantic V2.0 to be removed in V3.0. See Pydantic V2 Migration Guide at https://errors.pydantic.dev/2.13/migration/;  /workspace/agent-engine/app/models/users.py:210: PydanticDeprecatedSince20: Support for class-based `config` is deprecated, use ConfigDict instead. Deprecated in Pydantic V2.0 to be removed in V3.0. See Pydantic V2 Migration Guide at https://errors.pydantic.dev/2.13/migration/;56 passed, 2 skipped, 7 warnings in 177.20s (0:02:57);
[2026-08-06 13:16:39] 后端全部通过
[2026-08-06 13:17:20] 前端结果: [2m Test Files [22m [1m[32m32 passed[39m[22m[90m (32)[39m;[2m      Tests [22m [1m[32m144 passed[39m[22m[90m (144)[39m;
[2026-08-06 13:17:20] 前端全部通过
[2026-08-06 13:17:21] ===== 第 64 轮结束，sleep 120 =====
[2026-08-06 13:19:21] ===== 第 65 轮开始 =====
[2026-08-06 13:20:24] 后端结果:   /workspace/agent-engine/app/models/users.py:136: PydanticDeprecatedSince20: Support for class-based `config` is deprecated, use ConfigDict instead. Deprecated in Pydantic V2.0 to be removed in V3.0. See Pydantic V2 Migration Guide at https://errors.pydantic.dev/2.13/migration/;  /workspace/agent-engine/app/models/users.py:210: PydanticDeprecatedSince20: Support for class-based `config` is deprecated, use ConfigDict instead. Deprecated in Pydantic V2.0 to be removed in V3.0. See Pydantic V2 Migration Guide at https://errors.pydantic.dev/2.13/migration/;56 passed, 2 skipped, 7 warnings in 46.85s;
[2026-08-06 13:20:24] 后端全部通过
[2026-08-06 13:22:36] 前端结果: [2m Test Files [22m [1m[32m32 passed[39m[22m[90m (32)[39m;[2m      Tests [22m [1m[32m144 passed[39m[22m[90m (144)[39m;
[2026-08-06 13:22:36] 前端全部通过
[2026-08-06 13:22:36] ===== 第 65 轮结束，sleep 120 =====
[2026-08-06 13:24:36] ===== 第 66 轮开始 =====
[2026-08-06 13:25:37] 后端结果:   /workspace/agent-engine/app/models/users.py:136: PydanticDeprecatedSince20: Support for class-based `config` is deprecated, use ConfigDict instead. Deprecated in Pydantic V2.0 to be removed in V3.0. See Pydantic V2 Migration Guide at https://errors.pydantic.dev/2.13/migration/;  /workspace/agent-engine/app/models/users.py:210: PydanticDeprecatedSince20: Support for class-based `config` is deprecated, use ConfigDict instead. Deprecated in Pydantic V2.0 to be removed in V3.0. See Pydantic V2 Migration Guide at https://errors.pydantic.dev/2.13/migration/;56 passed, 2 skipped, 7 warnings in 55.42s;
[2026-08-06 13:25:38] 后端全部通过
[2026-08-06 13:27:07] 前端结果: [2m Test Files [22m [1m[32m32 passed[39m[22m[90m (32)[39m;[2m      Tests [22m [1m[32m144 passed[39m[22m[90m (144)[39m;
[2026-08-06 13:27:07] 前端全部通过
[2026-08-06 13:27:08] ===== 第 66 轮结束，sleep 120 =====
[2026-08-06 13:29:08] ===== 第 67 轮开始 =====
[2026-08-06 13:30:25] 后端结果:   /workspace/agent-engine/app/models/users.py:136: PydanticDeprecatedSince20: Support for class-based `config` is deprecated, use ConfigDict instead. Deprecated in Pydantic V2.0 to be removed in V3.0. See Pydantic V2 Migration Guide at https://errors.pydantic.dev/2.13/migration/;  /workspace/agent-engine/app/models/users.py:210: PydanticDeprecatedSince20: Support for class-based `config` is deprecated, use ConfigDict instead. Deprecated in Pydantic V2.0 to be removed in V3.0. See Pydantic V2 Migration Guide at https://errors.pydantic.dev/2.13/migration/;56 passed, 2 skipped, 7 warnings in 68.67s (0:01:08);
[2026-08-06 13:30:25] 后端全部通过
[2026-08-06 13:31:02] 前端结果: [2m Test Files [22m [1m[32m32 passed[39m[22m[90m (32)[39m;[2m      Tests [22m [1m[32m144 passed[39m[22m[90m (144)[39m;
[2026-08-06 13:31:02] 前端全部通过
[2026-08-06 13:31:03] ===== 第 67 轮结束，sleep 120 =====
[2026-08-06 13:33:03] ===== 第 68 轮开始 =====
[2026-08-06 13:34:57] 后端结果:   /workspace/agent-engine/app/models/users.py:136: PydanticDeprecatedSince20: Support for class-based `config` is deprecated, use ConfigDict instead. Deprecated in Pydantic V2.0 to be removed in V3.0. See Pydantic V2 Migration Guide at https://errors.pydantic.dev/2.13/migration/;  /workspace/agent-engine/app/models/users.py:210: PydanticDeprecatedSince20: Support for class-based `config` is deprecated, use ConfigDict instead. Deprecated in Pydantic V2.0 to be removed in V3.0. See Pydantic V2 Migration Guide at https://errors.pydantic.dev/2.13/migration/;56 passed, 2 skipped, 7 warnings in 78.80s (0:01:18);
[2026-08-06 13:34:57] 后端全部通过
[2026-08-06 13:35:40] 前端结果: [2m Test Files [22m [1m[32m32 passed[39m[22m[90m (32)[39m;[2m      Tests [22m [1m[32m144 passed[39m[22m[90m (144)[39m;
[2026-08-06 13:35:40] 前端全部通过
[2026-08-06 13:35:41] ===== 第 68 轮结束，sleep 120 =====
[2026-08-06 13:37:41] ===== 第 69 轮开始 =====
[2026-08-06 13:38:37] 后端结果:   /workspace/agent-engine/app/models/users.py:136: PydanticDeprecatedSince20: Support for class-based `config` is deprecated, use ConfigDict instead. Deprecated in Pydantic V2.0 to be removed in V3.0. See Pydantic V2 Migration Guide at https://errors.pydantic.dev/2.13/migration/;  /workspace/agent-engine/app/models/users.py:210: PydanticDeprecatedSince20: Support for class-based `config` is deprecated, use ConfigDict instead. Deprecated in Pydantic V2.0 to be removed in V3.0. See Pydantic V2 Migration Guide at https://errors.pydantic.dev/2.13/migration/;56 passed, 2 skipped, 7 warnings in 43.05s;
[2026-08-06 13:38:37] 后端全部通过
[2026-08-06 13:39:29] 前端结果: [2m Test Files [22m [1m[32m32 passed[39m[22m[90m (32)[39m;[2m      Tests [22m [1m[32m144 passed[39m[22m[90m (144)[39m;
[2026-08-06 13:39:29] 前端全部通过
[2026-08-06 13:39:30] ===== 第 69 轮结束，sleep 120 =====
[2026-08-06 13:41:30] ===== 第 70 轮开始 =====
[2026-08-06 13:42:41] 后端结果:   /workspace/agent-engine/app/models/users.py:136: PydanticDeprecatedSince20: Support for class-based `config` is deprecated, use ConfigDict instead. Deprecated in Pydantic V2.0 to be removed in V3.0. See Pydantic V2 Migration Guide at https://errors.pydantic.dev/2.13/migration/;  /workspace/agent-engine/app/models/users.py:210: PydanticDeprecatedSince20: Support for class-based `config` is deprecated, use ConfigDict instead. Deprecated in Pydantic V2.0 to be removed in V3.0. See Pydantic V2 Migration Guide at https://errors.pydantic.dev/2.13/migration/;56 passed, 2 skipped, 7 warnings in 58.23s;
[2026-08-06 13:42:41] 后端全部通过
[2026-08-06 13:43:50] 前端结果: [2m Test Files [22m [1m[32m32 passed[39m[22m[90m (32)[39m;[2m      Tests [22m [1m[32m144 passed[39m[22m[90m (144)[39m;
[2026-08-06 13:43:50] 前端全部通过
[2026-08-06 13:43:51] ===== 第 70 轮结束，sleep 120 =====
[2026-08-06 13:45:56] ===== 第 71 轮开始 =====
[2026-08-06 13:47:16] 后端结果:   /workspace/agent-engine/app/models/users.py:136: PydanticDeprecatedSince20: Support for class-based `config` is deprecated, use ConfigDict instead. Deprecated in Pydantic V2.0 to be removed in V3.0. See Pydantic V2 Migration Guide at https://errors.pydantic.dev/2.13/migration/;  /workspace/agent-engine/app/models/users.py:210: PydanticDeprecatedSince20: Support for class-based `config` is deprecated, use ConfigDict instead. Deprecated in Pydantic V2.0 to be removed in V3.0. See Pydantic V2 Migration Guide at https://errors.pydantic.dev/2.13/migration/;56 passed, 2 skipped, 7 warnings in 44.76s;
[2026-08-06 13:47:16] 后端全部通过
[2026-08-06 13:48:16] 前端结果: [2m Test Files [22m [1m[32m32 passed[39m[22m[90m (32)[39m;[2m      Tests [22m [1m[32m144 passed[39m[22m[90m (144)[39m;
[2026-08-06 13:48:16] 前端全部通过
[2026-08-06 13:48:16] ===== 第 71 轮结束，sleep 120 =====
[2026-08-06 13:50:16] ===== 第 72 轮开始 =====
[2026-08-06 13:53:20] 后端结果:   /workspace/agent-engine/app/models/users.py:136: PydanticDeprecatedSince20: Support for class-based `config` is deprecated, use ConfigDict instead. Deprecated in Pydantic V2.0 to be removed in V3.0. See Pydantic V2 Migration Guide at https://errors.pydantic.dev/2.13/migration/;  /workspace/agent-engine/app/models/users.py:210: PydanticDeprecatedSince20: Support for class-based `config` is deprecated, use ConfigDict instead. Deprecated in Pydantic V2.0 to be removed in V3.0. See Pydantic V2 Migration Guide at https://errors.pydantic.dev/2.13/migration/;56 passed, 2 skipped, 7 warnings in 171.57s (0:02:51);
[2026-08-06 13:53:20] 后端全部通过
[2026-08-06 13:54:36] 前端结果: [2m Test Files [22m [1m[32m32 passed[39m[22m[90m (32)[39m;[2m      Tests [22m [1m[32m144 passed[39m[22m[90m (144)[39m;
[2026-08-06 13:54:36] 前端全部通过
[2026-08-06 13:54:37] ===== 第 72 轮结束，sleep 120 =====
[2026-08-06 13:56:37] ===== 第 73 轮开始 =====
[2026-08-06 13:58:05] 后端结果:   /workspace/agent-engine/app/models/users.py:136: PydanticDeprecatedSince20: Support for class-based `config` is deprecated, use ConfigDict instead. Deprecated in Pydantic V2.0 to be removed in V3.0. See Pydantic V2 Migration Guide at https://errors.pydantic.dev/2.13/migration/;  /workspace/agent-engine/app/models/users.py:210: PydanticDeprecatedSince20: Support for class-based `config` is deprecated, use ConfigDict instead. Deprecated in Pydantic V2.0 to be removed in V3.0. See Pydantic V2 Migration Guide at https://errors.pydantic.dev/2.13/migration/;56 passed, 2 skipped, 7 warnings in 75.01s (0:01:15);
[2026-08-06 13:58:05] 后端全部通过
[2026-08-06 13:58:35] 前端结果: [2m Test Files [22m [1m[32m32 passed[39m[22m[90m (32)[39m;[2m      Tests [22m [1m[32m144 passed[39m[22m[90m (144)[39m;
[2026-08-06 13:58:35] 前端全部通过
[2026-08-06 13:58:35] ===== 第 73 轮结束，sleep 120 =====
[2026-08-06 14:00:35] ===== 第 74 轮开始 =====
[2026-08-06 14:01:50] 后端结果:   /workspace/agent-engine/app/models/users.py:136: PydanticDeprecatedSince20: Support for class-based `config` is deprecated, use ConfigDict instead. Deprecated in Pydantic V2.0 to be removed in V3.0. See Pydantic V2 Migration Guide at https://errors.pydantic.dev/2.13/migration/;  /workspace/agent-engine/app/models/users.py:210: PydanticDeprecatedSince20: Support for class-based `config` is deprecated, use ConfigDict instead. Deprecated in Pydantic V2.0 to be removed in V3.0. See Pydantic V2 Migration Guide at https://errors.pydantic.dev/2.13/migration/;56 passed, 2 skipped, 7 warnings in 62.79s (0:01:02);
[2026-08-06 14:01:50] 后端全部通过
[2026-08-06 14:02:24] 前端结果: [2m Test Files [22m [1m[32m32 passed[39m[22m[90m (32)[39m;[2m      Tests [22m [1m[32m144 passed[39m[22m[90m (144)[39m;
[2026-08-06 14:02:24] 前端全部通过
[2026-08-06 14:02:24] ===== 第 74 轮结束，sleep 120 =====
[2026-08-06 14:04:24] ===== 第 75 轮开始 =====
[2026-08-06 14:05:39] 后端结果:   /workspace/agent-engine/app/models/users.py:136: PydanticDeprecatedSince20: Support for class-based `config` is deprecated, use ConfigDict instead. Deprecated in Pydantic V2.0 to be removed in V3.0. See Pydantic V2 Migration Guide at https://errors.pydantic.dev/2.13/migration/;  /workspace/agent-engine/app/models/users.py:210: PydanticDeprecatedSince20: Support for class-based `config` is deprecated, use ConfigDict instead. Deprecated in Pydantic V2.0 to be removed in V3.0. See Pydantic V2 Migration Guide at https://errors.pydantic.dev/2.13/migration/;56 passed, 2 skipped, 7 warnings in 62.86s (0:01:02);
[2026-08-06 14:05:39] 后端全部通过
[2026-08-06 14:06:12] 前端结果: [2m Test Files [22m [1m[32m32 passed[39m[22m[90m (32)[39m;[2m      Tests [22m [1m[32m144 passed[39m[22m[90m (144)[39m;
[2026-08-06 14:06:12] 前端全部通过
[2026-08-06 14:06:12] ===== 第 75 轮结束，sleep 120 =====
[2026-08-06 14:08:12] ===== 第 76 轮开始 =====
[2026-08-06 14:09:26] 后端结果:   /workspace/agent-engine/app/models/users.py:136: PydanticDeprecatedSince20: Support for class-based `config` is deprecated, use ConfigDict instead. Deprecated in Pydantic V2.0 to be removed in V3.0. See Pydantic V2 Migration Guide at https://errors.pydantic.dev/2.13/migration/;  /workspace/agent-engine/app/models/users.py:210: PydanticDeprecatedSince20: Support for class-based `config` is deprecated, use ConfigDict instead. Deprecated in Pydantic V2.0 to be removed in V3.0. See Pydantic V2 Migration Guide at https://errors.pydantic.dev/2.13/migration/;56 passed, 2 skipped, 7 warnings in 62.03s (0:01:02);
[2026-08-06 14:09:26] 后端全部通过
[2026-08-06 14:10:01] 前端结果: [2m Test Files [22m [1m[32m32 passed[39m[22m[90m (32)[39m;[2m      Tests [22m [1m[32m144 passed[39m[22m[90m (144)[39m;
[2026-08-06 14:10:01] 前端全部通过
[2026-08-06 14:10:04] ===== 第 76 轮结束，sleep 120 =====
[2026-08-06 14:12:04] ===== 第 77 轮开始 =====
[2026-08-06 14:13:29] 后端结果:   /workspace/agent-engine/app/models/users.py:136: PydanticDeprecatedSince20: Support for class-based `config` is deprecated, use ConfigDict instead. Deprecated in Pydantic V2.0 to be removed in V3.0. See Pydantic V2 Migration Guide at https://errors.pydantic.dev/2.13/migration/;  /workspace/agent-engine/app/models/users.py:210: PydanticDeprecatedSince20: Support for class-based `config` is deprecated, use ConfigDict instead. Deprecated in Pydantic V2.0 to be removed in V3.0. See Pydantic V2 Migration Guide at https://errors.pydantic.dev/2.13/migration/;56 passed, 2 skipped, 7 warnings in 71.52s (0:01:11);
[2026-08-06 14:13:29] 后端全部通过
[2026-08-06 14:14:23] 前端结果: [2m Test Files [22m [1m[32m32 passed[39m[22m[90m (32)[39m;[2m      Tests [22m [1m[32m144 passed[39m[22m[90m (144)[39m;
[2026-08-06 14:14:23] 前端全部通过
[2026-08-06 14:14:24] ===== 第 77 轮结束，sleep 120 =====
[2026-08-06 14:16:24] ===== 第 78 轮开始 =====
[2026-08-06 14:18:51] 后端结果:   /workspace/agent-engine/app/models/users.py:136: PydanticDeprecatedSince20: Support for class-based `config` is deprecated, use ConfigDict instead. Deprecated in Pydantic V2.0 to be removed in V3.0. See Pydantic V2 Migration Guide at https://errors.pydantic.dev/2.13/migration/;  /workspace/agent-engine/app/models/users.py:210: PydanticDeprecatedSince20: Support for class-based `config` is deprecated, use ConfigDict instead. Deprecated in Pydantic V2.0 to be removed in V3.0. See Pydantic V2 Migration Guide at https://errors.pydantic.dev/2.13/migration/;56 passed, 2 skipped, 7 warnings in 111.82s (0:01:51);
[2026-08-06 14:18:51] 后端全部通过
[2026-08-06 14:19:46] 前端结果: [2m Test Files [22m [1m[32m32 passed[39m[22m[90m (32)[39m;[2m      Tests [22m [1m[32m144 passed[39m[22m[90m (144)[39m;
[2026-08-06 14:19:46] 前端全部通过
[2026-08-06 14:19:47] ===== 第 78 轮结束，sleep 120 =====
[2026-08-06 14:21:47] ===== 第 79 轮开始 =====
[2026-08-06 14:23:00] 后端结果:   /workspace/agent-engine/app/models/users.py:136: PydanticDeprecatedSince20: Support for class-based `config` is deprecated, use ConfigDict instead. Deprecated in Pydantic V2.0 to be removed in V3.0. See Pydantic V2 Migration Guide at https://errors.pydantic.dev/2.13/migration/;  /workspace/agent-engine/app/models/users.py:210: PydanticDeprecatedSince20: Support for class-based `config` is deprecated, use ConfigDict instead. Deprecated in Pydantic V2.0 to be removed in V3.0. See Pydantic V2 Migration Guide at https://errors.pydantic.dev/2.13/migration/;56 passed, 2 skipped, 7 warnings in 61.01s (0:01:01);
[2026-08-06 14:23:01] 后端全部通过
[2026-08-06 14:23:34] 前端结果: [2m Test Files [22m [1m[32m32 passed[39m[22m[90m (32)[39m;[2m      Tests [22m [1m[32m144 passed[39m[22m[90m (144)[39m;
[2026-08-06 14:23:34] 前端全部通过
[2026-08-06 14:23:35] ===== 第 79 轮结束，sleep 120 =====
[2026-08-06 14:25:35] ===== 第 80 轮开始 =====
[2026-08-06 14:26:48] 后端结果:   /workspace/agent-engine/app/models/users.py:136: PydanticDeprecatedSince20: Support for class-based `config` is deprecated, use ConfigDict instead. Deprecated in Pydantic V2.0 to be removed in V3.0. See Pydantic V2 Migration Guide at https://errors.pydantic.dev/2.13/migration/;  /workspace/agent-engine/app/models/users.py:210: PydanticDeprecatedSince20: Support for class-based `config` is deprecated, use ConfigDict instead. Deprecated in Pydantic V2.0 to be removed in V3.0. See Pydantic V2 Migration Guide at https://errors.pydantic.dev/2.13/migration/;56 passed, 2 skipped, 7 warnings in 61.03s (0:01:01);
[2026-08-06 14:26:49] 后端全部通过
[2026-08-06 14:27:23] 前端结果: [2m Test Files [22m [1m[32m32 passed[39m[22m[90m (32)[39m;[2m      Tests [22m [1m[32m144 passed[39m[22m[90m (144)[39m;
[2026-08-06 14:27:23] 前端全部通过
[2026-08-06 14:27:23] ===== 第 80 轮结束，sleep 120 =====
[2026-08-06 14:29:23] ===== 第 81 轮开始 =====
[2026-08-06 14:30:27] 后端结果:   /workspace/agent-engine/app/models/users.py:136: PydanticDeprecatedSince20: Support for class-based `config` is deprecated, use ConfigDict instead. Deprecated in Pydantic V2.0 to be removed in V3.0. See Pydantic V2 Migration Guide at https://errors.pydantic.dev/2.13/migration/;  /workspace/agent-engine/app/models/users.py:210: PydanticDeprecatedSince20: Support for class-based `config` is deprecated, use ConfigDict instead. Deprecated in Pydantic V2.0 to be removed in V3.0. See Pydantic V2 Migration Guide at https://errors.pydantic.dev/2.13/migration/;56 passed, 2 skipped, 7 warnings in 52.33s;
[2026-08-06 14:30:28] 后端全部通过
[2026-08-06 14:31:27] 前端结果: [2m Test Files [22m [1m[32m32 passed[39m[22m[90m (32)[39m;[2m      Tests [22m [1m[32m144 passed[39m[22m[90m (144)[39m;
[2026-08-06 14:31:27] 前端全部通过
[2026-08-06 14:31:28] ===== 第 81 轮结束，sleep 120 =====
[2026-08-06 14:33:28] ===== 第 82 轮开始 =====
[2026-08-06 14:34:40] 后端结果:   /workspace/agent-engine/app/models/users.py:136: PydanticDeprecatedSince20: Support for class-based `config` is deprecated, use ConfigDict instead. Deprecated in Pydantic V2.0 to be removed in V3.0. See Pydantic V2 Migration Guide at https://errors.pydantic.dev/2.13/migration/;  /workspace/agent-engine/app/models/users.py:210: PydanticDeprecatedSince20: Support for class-based `config` is deprecated, use ConfigDict instead. Deprecated in Pydantic V2.0 to be removed in V3.0. See Pydantic V2 Migration Guide at https://errors.pydantic.dev/2.13/migration/;56 passed, 2 skipped, 7 warnings in 58.98s;
[2026-08-06 14:34:40] 后端全部通过
[2026-08-06 14:35:14] 前端结果: [2m Test Files [22m [1m[32m32 passed[39m[22m[90m (32)[39m;[2m      Tests [22m [1m[32m144 passed[39m[22m[90m (144)[39m;
[2026-08-06 14:35:14] 前端全部通过
[2026-08-06 14:35:15] ===== 第 82 轮结束，sleep 120 =====
[2026-08-06 14:37:15] ===== 第 83 轮开始 =====
[2026-08-06 14:38:28] 后端结果:   /workspace/agent-engine/app/models/users.py:136: PydanticDeprecatedSince20: Support for class-based `config` is deprecated, use ConfigDict instead. Deprecated in Pydantic V2.0 to be removed in V3.0. See Pydantic V2 Migration Guide at https://errors.pydantic.dev/2.13/migration/;  /workspace/agent-engine/app/models/users.py:210: PydanticDeprecatedSince20: Support for class-based `config` is deprecated, use ConfigDict instead. Deprecated in Pydantic V2.0 to be removed in V3.0. See Pydantic V2 Migration Guide at https://errors.pydantic.dev/2.13/migration/;56 passed, 2 skipped, 7 warnings in 60.78s (0:01:00);
[2026-08-06 14:38:28] 后端全部通过
[2026-08-06 14:39:03] 前端结果: [2m Test Files [22m [1m[32m32 passed[39m[22m[90m (32)[39m;[2m      Tests [22m [1m[32m144 passed[39m[22m[90m (144)[39m;
[2026-08-06 14:39:03] 前端全部通过
[2026-08-06 14:39:03] ===== 第 83 轮结束，sleep 120 =====
[2026-08-06 14:41:03] ===== 第 84 轮开始 =====
[2026-08-06 14:43:26] 后端结果:   /workspace/agent-engine/app/models/users.py:136: PydanticDeprecatedSince20: Support for class-based `config` is deprecated, use ConfigDict instead. Deprecated in Pydantic V2.0 to be removed in V3.0. See Pydantic V2 Migration Guide at https://errors.pydantic.dev/2.13/migration/;  /workspace/agent-engine/app/models/users.py:210: PydanticDeprecatedSince20: Support for class-based `config` is deprecated, use ConfigDict instead. Deprecated in Pydantic V2.0 to be removed in V3.0. See Pydantic V2 Migration Guide at https://errors.pydantic.dev/2.13/migration/;56 passed, 2 skipped, 7 warnings in 52.84s;
[2026-08-06 14:43:26] 后端全部通过
[2026-08-06 14:44:58] 前端结果: [2m Test Files [22m [1m[32m32 passed[39m[22m[90m (32)[39m;[2m      Tests [22m [1m[32m144 passed[39m[22m[90m (144)[39m;
[2026-08-06 14:44:58] 前端全部通过
[2026-08-06 14:44:58] ===== 第 84 轮结束，sleep 120 =====
[2026-08-06 14:46:58] ===== 第 85 轮开始 =====
[2026-08-06 14:48:49] 后端结果:   /workspace/agent-engine/app/models/users.py:136: PydanticDeprecatedSince20: Support for class-based `config` is deprecated, use ConfigDict instead. Deprecated in Pydantic V2.0 to be removed in V3.0. See Pydantic V2 Migration Guide at https://errors.pydantic.dev/2.13/migration/;  /workspace/agent-engine/app/models/users.py:210: PydanticDeprecatedSince20: Support for class-based `config` is deprecated, use ConfigDict instead. Deprecated in Pydantic V2.0 to be removed in V3.0. See Pydantic V2 Migration Guide at https://errors.pydantic.dev/2.13/migration/;56 passed, 2 skipped, 7 warnings in 96.04s (0:01:36);
[2026-08-06 14:48:50] 后端全部通过
[2026-08-06 14:50:13] 前端结果: [31m⎯⎯⎯⎯⎯⎯⎯[39m[1m[41m Failed Tests 1 [49m[22m[31m⎯⎯⎯⎯⎯⎯⎯[39m;[2m Test Files [22m [1m[31m1 failed[39m[22m[2m | [22m[1m[32m31 passed[39m[22m[90m (32)[39m;[2m      Tests [22m [1m[31m1 failed[39m[22m[2m | [22m[1m[32m143 passed[39m[22m[90m (144)[39m;
[2026-08-06 14:50:13] 前端全部通过
[2026-08-06 14:50:14] ===== 第 85 轮结束，sleep 120 =====
[2026-08-06 14:52:14] ===== 第 86 轮开始 =====
[2026-08-06 14:53:30] 后端结果:   /workspace/agent-engine/app/models/users.py:136: PydanticDeprecatedSince20: Support for class-based `config` is deprecated, use ConfigDict instead. Deprecated in Pydantic V2.0 to be removed in V3.0. See Pydantic V2 Migration Guide at https://errors.pydantic.dev/2.13/migration/;  /workspace/agent-engine/app/models/users.py:210: PydanticDeprecatedSince20: Support for class-based `config` is deprecated, use ConfigDict instead. Deprecated in Pydantic V2.0 to be removed in V3.0. See Pydantic V2 Migration Guide at https://errors.pydantic.dev/2.13/migration/;56 passed, 2 skipped, 7 warnings in 63.41s (0:01:03);
[2026-08-06 14:53:30] 后端全部通过
[2026-08-06 14:54:05] 前端结果: [2m Test Files [22m [1m[32m32 passed[39m[22m[90m (32)[39m;[2m      Tests [22m [1m[32m144 passed[39m[22m[90m (144)[39m;
[2026-08-06 14:54:05] 前端全部通过
[2026-08-06 14:54:05] ===== 第 86 轮结束，sleep 120 =====
[2026-08-06 14:56:05] ===== 第 87 轮开始 =====
[2026-08-06 14:57:18] 后端结果:   /workspace/agent-engine/app/models/users.py:136: PydanticDeprecatedSince20: Support for class-based `config` is deprecated, use ConfigDict instead. Deprecated in Pydantic V2.0 to be removed in V3.0. See Pydantic V2 Migration Guide at https://errors.pydantic.dev/2.13/migration/;  /workspace/agent-engine/app/models/users.py:210: PydanticDeprecatedSince20: Support for class-based `config` is deprecated, use ConfigDict instead. Deprecated in Pydantic V2.0 to be removed in V3.0. See Pydantic V2 Migration Guide at https://errors.pydantic.dev/2.13/migration/;56 passed, 2 skipped, 7 warnings in 60.67s (0:01:00);
[2026-08-06 14:57:18] 后端全部通过
[2026-08-06 14:57:51] 前端结果: [2m Test Files [22m [1m[32m32 passed[39m[22m[90m (32)[39m;[2m      Tests [22m [1m[32m144 passed[39m[22m[90m (144)[39m;
[2026-08-06 14:57:51] 前端全部通过
[2026-08-06 14:57:51] ===== 第 87 轮结束，sleep 120 =====
[2026-08-06 14:59:51] ===== 第 88 轮开始 =====
[2026-08-06 15:00:57] 后端结果:   /workspace/agent-engine/app/models/users.py:136: PydanticDeprecatedSince20: Support for class-based `config` is deprecated, use ConfigDict instead. Deprecated in Pydantic V2.0 to be removed in V3.0. See Pydantic V2 Migration Guide at https://errors.pydantic.dev/2.13/migration/;  /workspace/agent-engine/app/models/users.py:210: PydanticDeprecatedSince20: Support for class-based `config` is deprecated, use ConfigDict instead. Deprecated in Pydantic V2.0 to be removed in V3.0. See Pydantic V2 Migration Guide at https://errors.pydantic.dev/2.13/migration/;56 passed, 2 skipped, 7 warnings in 52.39s;
[2026-08-06 15:00:57] 后端全部通过
[2026-08-06 15:01:32] 前端结果: [2m Test Files [22m [1m[32m32 passed[39m[22m[90m (32)[39m;[2m      Tests [22m [1m[32m144 passed[39m[22m[90m (144)[39m;
[2026-08-06 15:01:32] 前端全部通过
[2026-08-06 15:01:33] ===== 第 88 轮结束，sleep 120 =====
[2026-08-06 15:03:33] ===== 第 89 轮开始 =====
[2026-08-06 15:04:40] 后端结果:   /workspace/agent-engine/app/models/users.py:136: PydanticDeprecatedSince20: Support for class-based `config` is deprecated, use ConfigDict instead. Deprecated in Pydantic V2.0 to be removed in V3.0. See Pydantic V2 Migration Guide at https://errors.pydantic.dev/2.13/migration/;  /workspace/agent-engine/app/models/users.py:210: PydanticDeprecatedSince20: Support for class-based `config` is deprecated, use ConfigDict instead. Deprecated in Pydantic V2.0 to be removed in V3.0. See Pydantic V2 Migration Guide at https://errors.pydantic.dev/2.13/migration/;56 passed, 2 skipped, 7 warnings in 53.97s;
[2026-08-06 15:04:40] 后端全部通过
[2026-08-06 15:05:14] 前端结果: [2m Test Files [22m [1m[32m32 passed[39m[22m[90m (32)[39m;[2m      Tests [22m [1m[32m144 passed[39m[22m[90m (144)[39m;
[2026-08-06 15:05:14] 前端全部通过
[2026-08-06 15:05:14] ===== 第 89 轮结束，sleep 120 =====
[2026-08-06 15:07:14] ===== 第 90 轮开始 =====
[2026-08-06 15:08:30] 后端结果:   /workspace/agent-engine/app/models/users.py:136: PydanticDeprecatedSince20: Support for class-based `config` is deprecated, use ConfigDict instead. Deprecated in Pydantic V2.0 to be removed in V3.0. See Pydantic V2 Migration Guide at https://errors.pydantic.dev/2.13/migration/;  /workspace/agent-engine/app/models/users.py:210: PydanticDeprecatedSince20: Support for class-based `config` is deprecated, use ConfigDict instead. Deprecated in Pydantic V2.0 to be removed in V3.0. See Pydantic V2 Migration Guide at https://errors.pydantic.dev/2.13/migration/;56 passed, 2 skipped, 7 warnings in 62.98s (0:01:02);
[2026-08-06 15:08:30] 后端全部通过
[2026-08-06 15:09:04] 前端结果: [2m Test Files [22m [1m[32m32 passed[39m[22m[90m (32)[39m;[2m      Tests [22m [1m[32m144 passed[39m[22m[90m (144)[39m;
[2026-08-06 15:09:04] 前端全部通过
[2026-08-06 15:09:04] ===== 第 90 轮结束，sleep 120 =====
[2026-08-06 15:11:04] ===== 第 91 轮开始 =====
[2026-08-06 15:12:18] 后端结果:   /workspace/agent-engine/app/models/users.py:136: PydanticDeprecatedSince20: Support for class-based `config` is deprecated, use ConfigDict instead. Deprecated in Pydantic V2.0 to be removed in V3.0. See Pydantic V2 Migration Guide at https://errors.pydantic.dev/2.13/migration/;  /workspace/agent-engine/app/models/users.py:210: PydanticDeprecatedSince20: Support for class-based `config` is deprecated, use ConfigDict instead. Deprecated in Pydantic V2.0 to be removed in V3.0. See Pydantic V2 Migration Guide at https://errors.pydantic.dev/2.13/migration/;56 passed, 2 skipped, 7 warnings in 61.24s (0:01:01);
[2026-08-06 15:12:18] 后端全部通过
[2026-08-06 15:12:52] 前端结果: [2m Test Files [22m [1m[32m32 passed[39m[22m[90m (32)[39m;[2m      Tests [22m [1m[32m144 passed[39m[22m[90m (144)[39m;
[2026-08-06 15:12:52] 前端全部通过
[2026-08-06 15:12:52] ===== 第 91 轮结束，sleep 120 =====
[2026-08-06 15:14:52] ===== 第 92 轮开始 =====
[2026-08-06 15:16:02] 后端结果:   /workspace/agent-engine/app/models/users.py:136: PydanticDeprecatedSince20: Support for class-based `config` is deprecated, use ConfigDict instead. Deprecated in Pydantic V2.0 to be removed in V3.0. See Pydantic V2 Migration Guide at https://errors.pydantic.dev/2.13/migration/;  /workspace/agent-engine/app/models/users.py:210: PydanticDeprecatedSince20: Support for class-based `config` is deprecated, use ConfigDict instead. Deprecated in Pydantic V2.0 to be removed in V3.0. See Pydantic V2 Migration Guide at https://errors.pydantic.dev/2.13/migration/;56 passed, 2 skipped, 7 warnings in 57.00s;
[2026-08-06 15:16:02] 后端全部通过
[2026-08-06 15:16:36] 前端结果: [2m Test Files [22m [1m[32m32 passed[39m[22m[90m (32)[39m;[2m      Tests [22m [1m[32m144 passed[39m[22m[90m (144)[39m;
[2026-08-06 15:16:36] 前端全部通过
[2026-08-06 15:16:37] ===== 第 92 轮结束，sleep 120 =====
[2026-08-06 15:18:37] ===== 第 93 轮开始 =====
[2026-08-06 15:19:40] 后端结果:   /workspace/agent-engine/app/models/users.py:136: PydanticDeprecatedSince20: Support for class-based `config` is deprecated, use ConfigDict instead. Deprecated in Pydantic V2.0 to be removed in V3.0. See Pydantic V2 Migration Guide at https://errors.pydantic.dev/2.13/migration/;  /workspace/agent-engine/app/models/users.py:210: PydanticDeprecatedSince20: Support for class-based `config` is deprecated, use ConfigDict instead. Deprecated in Pydantic V2.0 to be removed in V3.0. See Pydantic V2 Migration Guide at https://errors.pydantic.dev/2.13/migration/;56 passed, 2 skipped, 7 warnings in 50.17s;
[2026-08-06 15:19:40] 后端全部通过
[2026-08-06 15:20:16] 前端结果: [2m Test Files [22m [1m[32m32 passed[39m[22m[90m (32)[39m;[2m      Tests [22m [1m[32m144 passed[39m[22m[90m (144)[39m;
[2026-08-06 15:20:16] 前端全部通过
[2026-08-06 15:20:16] ===== 第 93 轮结束，sleep 120 =====
[2026-08-06 15:22:16] ===== 第 94 轮开始 =====
[2026-08-06 15:23:56] 后端结果:   /workspace/agent-engine/app/models/users.py:136: PydanticDeprecatedSince20: Support for class-based `config` is deprecated, use ConfigDict instead. Deprecated in Pydantic V2.0 to be removed in V3.0. See Pydantic V2 Migration Guide at https://errors.pydantic.dev/2.13/migration/;  /workspace/agent-engine/app/models/users.py:210: PydanticDeprecatedSince20: Support for class-based `config` is deprecated, use ConfigDict instead. Deprecated in Pydantic V2.0 to be removed in V3.0. See Pydantic V2 Migration Guide at https://errors.pydantic.dev/2.13/migration/;56 passed, 2 skipped, 7 warnings in 74.95s (0:01:14);
[2026-08-06 15:23:56] 后端全部通过
[2026-08-06 15:26:27] 前端结果: [2m Test Files [22m [1m[32m32 passed[39m[22m[90m (32)[39m;[2m      Tests [22m [1m[32m144 passed[39m[22m[90m (144)[39m;
[2026-08-06 15:26:27] 前端全部通过
[2026-08-06 15:26:28] ===== 第 94 轮结束，sleep 120 =====
[2026-08-06 15:28:29] ===== 第 95 轮开始 =====
[2026-08-06 15:30:23] 后端结果:   /workspace/agent-engine/app/models/users.py:136: PydanticDeprecatedSince20: Support for class-based `config` is deprecated, use ConfigDict instead. Deprecated in Pydantic V2.0 to be removed in V3.0. See Pydantic V2 Migration Guide at https://errors.pydantic.dev/2.13/migration/;  /workspace/agent-engine/app/models/users.py:210: PydanticDeprecatedSince20: Support for class-based `config` is deprecated, use ConfigDict instead. Deprecated in Pydantic V2.0 to be removed in V3.0. See Pydantic V2 Migration Guide at https://errors.pydantic.dev/2.13/migration/;56 passed, 2 skipped, 7 warnings in 78.45s (0:01:18);
[2026-08-06 15:30:23] 后端全部通过
[2026-08-06 15:30:55] 前端结果: [2m Test Files [22m [1m[32m32 passed[39m[22m[90m (32)[39m;[2m      Tests [22m [1m[32m144 passed[39m[22m[90m (144)[39m;
[2026-08-06 15:30:55] 前端全部通过
[2026-08-06 15:30:55] ===== 第 95 轮结束，sleep 120 =====
[2026-08-06 15:32:55] ===== 第 96 轮开始 =====
[2026-08-06 15:34:38] 后端结果:   /workspace/agent-engine/app/models/users.py:136: PydanticDeprecatedSince20: Support for class-based `config` is deprecated, use ConfigDict instead. Deprecated in Pydantic V2.0 to be removed in V3.0. See Pydantic V2 Migration Guide at https://errors.pydantic.dev/2.13/migration/;  /workspace/agent-engine/app/models/users.py:210: PydanticDeprecatedSince20: Support for class-based `config` is deprecated, use ConfigDict instead. Deprecated in Pydantic V2.0 to be removed in V3.0. See Pydantic V2 Migration Guide at https://errors.pydantic.dev/2.13/migration/;56 passed, 2 skipped, 7 warnings in 89.05s (0:01:29);
[2026-08-06 15:34:38] 后端全部通过
[2026-08-06 15:36:11] 前端结果: [2m Test Files [22m [1m[32m32 passed[39m[22m[90m (32)[39m;[2m      Tests [22m [1m[32m144 passed[39m[22m[90m (144)[39m;
[2026-08-06 15:36:11] 前端全部通过
[2026-08-06 15:36:15] ===== 第 96 轮结束，sleep 120 =====
[2026-08-06 15:38:15] ===== 第 97 轮开始 =====
[2026-08-06 15:40:07] 后端结果:   /workspace/agent-engine/app/models/users.py:136: PydanticDeprecatedSince20: Support for class-based `config` is deprecated, use ConfigDict instead. Deprecated in Pydantic V2.0 to be removed in V3.0. See Pydantic V2 Migration Guide at https://errors.pydantic.dev/2.13/migration/;  /workspace/agent-engine/app/models/users.py:210: PydanticDeprecatedSince20: Support for class-based `config` is deprecated, use ConfigDict instead. Deprecated in Pydantic V2.0 to be removed in V3.0. See Pydantic V2 Migration Guide at https://errors.pydantic.dev/2.13/migration/;56 passed, 2 skipped, 7 warnings in 54.18s;
[2026-08-06 15:40:07] 后端全部通过
[2026-08-06 15:41:56] 前端结果: [31m⎯⎯⎯⎯⎯⎯⎯[39m[1m[41m Failed Tests 1 [49m[22m[31m⎯⎯⎯⎯⎯⎯⎯[39m;[2m Test Files [22m [1m[31m1 failed[39m[22m[2m | [22m[1m[32m31 passed[39m[22m[90m (32)[39m;[2m      Tests [22m [1m[31m1 failed[39m[22m[2m | [22m[1m[32m143 passed[39m[22m[90m (144)[39m;
[2026-08-06 15:41:56] 前端全部通过
[2026-08-06 15:41:57] ===== 第 97 轮结束，sleep 120 =====
[2026-08-06 15:43:58] ===== 第 98 轮开始 =====
[2026-08-06 15:46:15] 后端结果:   /workspace/agent-engine/app/models/users.py:136: PydanticDeprecatedSince20: Support for class-based `config` is deprecated, use ConfigDict instead. Deprecated in Pydantic V2.0 to be removed in V3.0. See Pydantic V2 Migration Guide at https://errors.pydantic.dev/2.13/migration/;  /workspace/agent-engine/app/models/users.py:210: PydanticDeprecatedSince20: Support for class-based `config` is deprecated, use ConfigDict instead. Deprecated in Pydantic V2.0 to be removed in V3.0. See Pydantic V2 Migration Guide at https://errors.pydantic.dev/2.13/migration/;56 passed, 2 skipped, 7 warnings in 55.12s;
[2026-08-06 15:46:15] 后端全部通过
[2026-08-06 15:47:42] 前端结果: [2m Test Files [22m [1m[32m32 passed[39m[22m[90m (32)[39m;[2m      Tests [22m [1m[32m144 passed[39m[22m[90m (144)[39m;
[2026-08-06 15:47:42] 前端全部通过
[2026-08-06 15:47:43] ===== 第 98 轮结束，sleep 120 =====
[2026-08-06 15:49:50] ===== 第 99 轮开始 =====
[2026-08-06 15:50:58] 后端结果:   /workspace/agent-engine/app/models/users.py:136: PydanticDeprecatedSince20: Support for class-based `config` is deprecated, use ConfigDict instead. Deprecated in Pydantic V2.0 to be removed in V3.0. See Pydantic V2 Migration Guide at https://errors.pydantic.dev/2.13/migration/;  /workspace/agent-engine/app/models/users.py:210: PydanticDeprecatedSince20: Support for class-based `config` is deprecated, use ConfigDict instead. Deprecated in Pydantic V2.0 to be removed in V3.0. See Pydantic V2 Migration Guide at https://errors.pydantic.dev/2.13/migration/;56 passed, 2 skipped, 7 warnings in 40.63s;
[2026-08-06 15:50:58] 后端全部通过
[2026-08-06 15:51:37] 前端结果: [2m Test Files [22m [1m[32m32 passed[39m[22m[90m (32)[39m;[2m      Tests [22m [1m[32m144 passed[39m[22m[90m (144)[39m;
[2026-08-06 15:51:37] 前端全部通过
[2026-08-06 15:51:37] ===== 第 99 轮结束，sleep 120 =====
[2026-08-06 15:53:37] ===== 第 100 轮开始 =====
[2026-08-06 15:55:08] 后端结果:   /workspace/agent-engine/app/models/users.py:136: PydanticDeprecatedSince20: Support for class-based `config` is deprecated, use ConfigDict instead. Deprecated in Pydantic V2.0 to be removed in V3.0. See Pydantic V2 Migration Guide at https://errors.pydantic.dev/2.13/migration/;  /workspace/agent-engine/app/models/users.py:210: PydanticDeprecatedSince20: Support for class-based `config` is deprecated, use ConfigDict instead. Deprecated in Pydantic V2.0 to be removed in V3.0. See Pydantic V2 Migration Guide at https://errors.pydantic.dev/2.13/migration/;56 passed, 2 skipped, 7 warnings in 75.95s (0:01:15);
[2026-08-06 15:55:08] 后端全部通过
[2026-08-06 15:56:18] 前端结果: [2m Test Files [22m [1m[32m32 passed[39m[22m[90m (32)[39m;[2m      Tests [22m [1m[32m144 passed[39m[22m[90m (144)[39m;
[2026-08-06 15:56:18] 前端全部通过
[2026-08-06 15:56:19] ===== 第 100 轮结束，sleep 120 =====
[2026-08-06 15:58:19] ===== 第 101 轮开始 =====
[2026-08-06 16:00:24] 后端结果:   /workspace/agent-engine/app/models/users.py:136: PydanticDeprecatedSince20: Support for class-based `config` is deprecated, use ConfigDict instead. Deprecated in Pydantic V2.0 to be removed in V3.0. See Pydantic V2 Migration Guide at https://errors.pydantic.dev/2.13/migration/;  /workspace/agent-engine/app/models/users.py:210: PydanticDeprecatedSince20: Support for class-based `config` is deprecated, use ConfigDict instead. Deprecated in Pydantic V2.0 to be removed in V3.0. See Pydantic V2 Migration Guide at https://errors.pydantic.dev/2.13/migration/;56 passed, 2 skipped, 7 warnings in 93.60s (0:01:33);
[2026-08-06 16:00:24] 后端全部通过
[2026-08-06 16:01:49] 前端结果: [2m Test Files [22m [1m[32m32 passed[39m[22m[90m (32)[39m;[2m      Tests [22m [1m[32m144 passed[39m[22m[90m (144)[39m;
[2026-08-06 16:01:49] 前端全部通过
[2026-08-06 16:01:50] ===== 第 101 轮结束，sleep 120 =====
[2026-08-06 16:03:51] ===== 第 102 轮开始 =====
[2026-08-06 16:06:07] 后端结果:   /workspace/agent-engine/app/models/users.py:136: PydanticDeprecatedSince20: Support for class-based `config` is deprecated, use ConfigDict instead. Deprecated in Pydantic V2.0 to be removed in V3.0. See Pydantic V2 Migration Guide at https://errors.pydantic.dev/2.13/migration/;  /workspace/agent-engine/app/models/users.py:210: PydanticDeprecatedSince20: Support for class-based `config` is deprecated, use ConfigDict instead. Deprecated in Pydantic V2.0 to be removed in V3.0. See Pydantic V2 Migration Guide at https://errors.pydantic.dev/2.13/migration/;56 passed, 2 skipped, 7 warnings in 98.04s (0:01:38);
[2026-08-06 16:06:07] 后端全部通过
[2026-08-06 16:07:12] 前端结果: [2m Test Files [22m [1m[32m32 passed[39m[22m[90m (32)[39m;[2m      Tests [22m [1m[32m144 passed[39m[22m[90m (144)[39m;
[2026-08-06 16:07:12] 前端全部通过
[2026-08-06 16:07:13] ===== 第 102 轮结束，sleep 120 =====
[2026-08-06 16:09:17] ===== 第 103 轮开始 =====
[2026-08-06 16:10:52] 后端结果:   /workspace/agent-engine/app/models/users.py:136: PydanticDeprecatedSince20: Support for class-based `config` is deprecated, use ConfigDict instead. Deprecated in Pydantic V2.0 to be removed in V3.0. See Pydantic V2 Migration Guide at https://errors.pydantic.dev/2.13/migration/;  /workspace/agent-engine/app/models/users.py:210: PydanticDeprecatedSince20: Support for class-based `config` is deprecated, use ConfigDict instead. Deprecated in Pydantic V2.0 to be removed in V3.0. See Pydantic V2 Migration Guide at https://errors.pydantic.dev/2.13/migration/;56 passed, 2 skipped, 7 warnings in 59.28s;
[2026-08-06 16:10:52] 后端全部通过
[2026-08-06 16:12:01] 前端结果: [2m Test Files [22m [1m[32m32 passed[39m[22m[90m (32)[39m;[2m      Tests [22m [1m[32m144 passed[39m[22m[90m (144)[39m;
[2026-08-06 16:12:01] 前端全部通过
[2026-08-06 16:12:02] ===== 第 103 轮结束，sleep 120 =====
[2026-08-06 16:14:02] ===== 第 104 轮开始 =====
[2026-08-06 16:15:24] 后端结果:   /workspace/agent-engine/app/models/users.py:136: PydanticDeprecatedSince20: Support for class-based `config` is deprecated, use ConfigDict instead. Deprecated in Pydantic V2.0 to be removed in V3.0. See Pydantic V2 Migration Guide at https://errors.pydantic.dev/2.13/migration/;  /workspace/agent-engine/app/models/users.py:210: PydanticDeprecatedSince20: Support for class-based `config` is deprecated, use ConfigDict instead. Deprecated in Pydantic V2.0 to be removed in V3.0. See Pydantic V2 Migration Guide at https://errors.pydantic.dev/2.13/migration/;56 passed, 2 skipped, 7 warnings in 53.34s;
[2026-08-06 16:15:25] 后端全部通过
[2026-08-06 16:16:59] 前端结果: [2m Test Files [22m [1m[32m32 passed[39m[22m[90m (32)[39m;[2m      Tests [22m [1m[32m144 passed[39m[22m[90m (144)[39m;
[2026-08-06 16:16:59] 前端全部通过
[2026-08-06 16:17:00] ===== 第 104 轮结束，sleep 120 =====
[2026-08-06 16:19:00] ===== 第 105 轮开始 =====
[2026-08-06 16:20:28] 后端结果:   /workspace/agent-engine/app/models/users.py:136: PydanticDeprecatedSince20: Support for class-based `config` is deprecated, use ConfigDict instead. Deprecated in Pydantic V2.0 to be removed in V3.0. See Pydantic V2 Migration Guide at https://errors.pydantic.dev/2.13/migration/;  /workspace/agent-engine/app/models/users.py:210: PydanticDeprecatedSince20: Support for class-based `config` is deprecated, use ConfigDict instead. Deprecated in Pydantic V2.0 to be removed in V3.0. See Pydantic V2 Migration Guide at https://errors.pydantic.dev/2.13/migration/;56 passed, 2 skipped, 7 warnings in 71.89s (0:01:11);
[2026-08-06 16:20:28] 后端全部通过
[2026-08-06 16:22:17] 前端结果: [31m⎯⎯⎯⎯⎯⎯⎯[39m[1m[41m Failed Tests 1 [49m[22m[31m⎯⎯⎯⎯⎯⎯⎯[39m;[2m Test Files [22m [1m[31m1 failed[39m[22m[2m | [22m[1m[32m31 passed[39m[22m[90m (32)[39m;[2m      Tests [22m [1m[31m1 failed[39m[22m[2m | [22m[1m[32m143 passed[39m[22m[90m (144)[39m;
[2026-08-06 16:22:17] 前端全部通过
[2026-08-06 16:22:19] ===== 第 105 轮结束，sleep 120 =====
[2026-08-06 16:24:19] ===== 第 106 轮开始 =====
[2026-08-06 16:26:10] 后端结果:   /workspace/agent-engine/app/models/users.py:136: PydanticDeprecatedSince20: Support for class-based `config` is deprecated, use ConfigDict instead. Deprecated in Pydantic V2.0 to be removed in V3.0. See Pydantic V2 Migration Guide at https://errors.pydantic.dev/2.13/migration/;  /workspace/agent-engine/app/models/users.py:210: PydanticDeprecatedSince20: Support for class-based `config` is deprecated, use ConfigDict instead. Deprecated in Pydantic V2.0 to be removed in V3.0. See Pydantic V2 Migration Guide at https://errors.pydantic.dev/2.13/migration/;56 passed, 2 skipped, 7 warnings in 72.17s (0:01:12);
[2026-08-06 16:26:10] 后端全部通过
[2026-08-06 16:26:46] 前端结果: [2m Test Files [22m [1m[32m32 passed[39m[22m[90m (32)[39m;[2m      Tests [22m [1m[32m144 passed[39m[22m[90m (144)[39m;
[2026-08-06 16:26:46] 前端全部通过
[2026-08-06 16:26:46] ===== 第 106 轮结束，sleep 120 =====
[2026-08-06 16:28:46] ===== 第 107 轮开始 =====
[2026-08-06 16:30:07] 后端结果:   /workspace/agent-engine/app/models/users.py:136: PydanticDeprecatedSince20: Support for class-based `config` is deprecated, use ConfigDict instead. Deprecated in Pydantic V2.0 to be removed in V3.0. See Pydantic V2 Migration Guide at https://errors.pydantic.dev/2.13/migration/;  /workspace/agent-engine/app/models/users.py:210: PydanticDeprecatedSince20: Support for class-based `config` is deprecated, use ConfigDict instead. Deprecated in Pydantic V2.0 to be removed in V3.0. See Pydantic V2 Migration Guide at https://errors.pydantic.dev/2.13/migration/;56 passed, 2 skipped, 7 warnings in 48.95s;
[2026-08-06 16:30:07] 后端全部通过
[2026-08-06 16:31:38] 前端结果: [2m Test Files [22m [1m[32m32 passed[39m[22m[90m (32)[39m;[2m      Tests [22m [1m[32m144 passed[39m[22m[90m (144)[39m;
[2026-08-06 16:31:38] 前端全部通过
[2026-08-06 16:31:39] ===== 第 107 轮结束，sleep 120 =====
[2026-08-06 16:33:39] ===== 第 108 轮开始 =====
[2026-08-06 16:35:11] 后端结果:   /workspace/agent-engine/app/models/users.py:136: PydanticDeprecatedSince20: Support for class-based `config` is deprecated, use ConfigDict instead. Deprecated in Pydantic V2.0 to be removed in V3.0. See Pydantic V2 Migration Guide at https://errors.pydantic.dev/2.13/migration/;  /workspace/agent-engine/app/models/users.py:210: PydanticDeprecatedSince20: Support for class-based `config` is deprecated, use ConfigDict instead. Deprecated in Pydantic V2.0 to be removed in V3.0. See Pydantic V2 Migration Guide at https://errors.pydantic.dev/2.13/migration/;56 passed, 2 skipped, 7 warnings in 60.73s (0:01:00);
[2026-08-06 16:35:11] 后端全部通过
[2026-08-06 16:36:35] 前端结果: [2m Test Files [22m [1m[32m32 passed[39m[22m[90m (32)[39m;[2m      Tests [22m [1m[32m144 passed[39m[22m[90m (144)[39m;
[2026-08-06 16:36:35] 前端全部通过
[2026-08-06 16:36:36] ===== 第 108 轮结束，sleep 120 =====
[2026-08-06 16:38:37] ===== 第 109 轮开始 =====
[2026-08-06 16:40:16] 后端结果:   /workspace/agent-engine/app/models/users.py:136: PydanticDeprecatedSince20: Support for class-based `config` is deprecated, use ConfigDict instead. Deprecated in Pydantic V2.0 to be removed in V3.0. See Pydantic V2 Migration Guide at https://errors.pydantic.dev/2.13/migration/;  /workspace/agent-engine/app/models/users.py:210: PydanticDeprecatedSince20: Support for class-based `config` is deprecated, use ConfigDict instead. Deprecated in Pydantic V2.0 to be removed in V3.0. See Pydantic V2 Migration Guide at https://errors.pydantic.dev/2.13/migration/;56 passed, 2 skipped, 7 warnings in 54.41s;
[2026-08-06 16:40:16] 后端全部通过
[2026-08-06 16:42:05] 前端结果: [2m Test Files [22m [1m[32m32 passed[39m[22m[90m (32)[39m;[2m      Tests [22m [1m[32m144 passed[39m[22m[90m (144)[39m;
[2026-08-06 16:42:05] 前端全部通过
[2026-08-06 16:42:06] ===== 第 109 轮结束，sleep 120 =====
[2026-08-06 16:44:06] ===== 第 110 轮开始 =====
[2026-08-06 16:45:24] 后端结果:   /workspace/agent-engine/app/models/users.py:136: PydanticDeprecatedSince20: Support for class-based `config` is deprecated, use ConfigDict instead. Deprecated in Pydantic V2.0 to be removed in V3.0. See Pydantic V2 Migration Guide at https://errors.pydantic.dev/2.13/migration/;  /workspace/agent-engine/app/models/users.py:210: PydanticDeprecatedSince20: Support for class-based `config` is deprecated, use ConfigDict instead. Deprecated in Pydantic V2.0 to be removed in V3.0. See Pydantic V2 Migration Guide at https://errors.pydantic.dev/2.13/migration/;56 passed, 2 skipped, 7 warnings in 63.07s (0:01:03);
[2026-08-06 16:45:24] 后端全部通过
[2026-08-06 16:46:57] 前端结果: [31m⎯⎯⎯⎯⎯⎯⎯[39m[1m[41m Failed Tests 1 [49m[22m[31m⎯⎯⎯⎯⎯⎯⎯[39m;[2m Test Files [22m [1m[31m1 failed[39m[22m[2m | [22m[1m[32m31 passed[39m[22m[90m (32)[39m;[2m      Tests [22m [1m[31m1 failed[39m[22m[2m | [22m[1m[32m143 passed[39m[22m[90m (144)[39m;
[2026-08-06 16:46:57] 前端全部通过
[2026-08-06 16:46:58] ===== 第 110 轮结束，sleep 120 =====
[2026-08-06 16:48:59] ===== 第 111 轮开始 =====
[2026-08-06 16:50:16] 后端结果:   /workspace/agent-engine/app/models/users.py:136: PydanticDeprecatedSince20: Support for class-based `config` is deprecated, use ConfigDict instead. Deprecated in Pydantic V2.0 to be removed in V3.0. See Pydantic V2 Migration Guide at https://errors.pydantic.dev/2.13/migration/;  /workspace/agent-engine/app/models/users.py:210: PydanticDeprecatedSince20: Support for class-based `config` is deprecated, use ConfigDict instead. Deprecated in Pydantic V2.0 to be removed in V3.0. See Pydantic V2 Migration Guide at https://errors.pydantic.dev/2.13/migration/;56 passed, 2 skipped, 7 warnings in 53.72s;
[2026-08-06 16:50:16] 后端全部通过
[2026-08-06 16:51:24] 前端结果: [2m Test Files [22m [1m[32m32 passed[39m[22m[90m (32)[39m;[2m      Tests [22m [1m[32m144 passed[39m[22m[90m (144)[39m;
[2026-08-06 16:51:24] 前端全部通过
[2026-08-06 16:51:25] ===== 第 111 轮结束，sleep 120 =====
[2026-08-06 16:53:26] ===== 第 112 轮开始 =====
[2026-08-06 16:55:14] 后端结果:   /workspace/agent-engine/app/models/users.py:136: PydanticDeprecatedSince20: Support for class-based `config` is deprecated, use ConfigDict instead. Deprecated in Pydantic V2.0 to be removed in V3.0. See Pydantic V2 Migration Guide at https://errors.pydantic.dev/2.13/migration/;  /workspace/agent-engine/app/models/users.py:210: PydanticDeprecatedSince20: Support for class-based `config` is deprecated, use ConfigDict instead. Deprecated in Pydantic V2.0 to be removed in V3.0. See Pydantic V2 Migration Guide at https://errors.pydantic.dev/2.13/migration/;56 passed, 2 skipped, 7 warnings in 53.20s;
[2026-08-06 16:55:14] 后端全部通过
[2026-08-06 16:57:25] 前端结果: [31m⎯⎯⎯⎯⎯⎯⎯[39m[1m[41m Failed Tests 1 [49m[22m[31m⎯⎯⎯⎯⎯⎯⎯[39m;[2m Test Files [22m [1m[31m1 failed[39m[22m[2m | [22m[1m[32m30 passed[39m[22m[90m (31)[39m;[2m      Tests [22m [1m[31m1 failed[39m[22m[2m | [22m[1m[32m134 passed[39m[22m[90m (135)[39m;
[2026-08-06 16:57:25] 前端全部通过
[2026-08-06 16:57:27] ===== 第 112 轮结束，sleep 120 =====
[2026-08-06 16:59:27] ===== 第 113 轮开始 =====
[2026-08-06 17:00:46] 后端结果:   /workspace/agent-engine/app/models/users.py:136: PydanticDeprecatedSince20: Support for class-based `config` is deprecated, use ConfigDict instead. Deprecated in Pydantic V2.0 to be removed in V3.0. See Pydantic V2 Migration Guide at https://errors.pydantic.dev/2.13/migration/;  /workspace/agent-engine/app/models/users.py:210: PydanticDeprecatedSince20: Support for class-based `config` is deprecated, use ConfigDict instead. Deprecated in Pydantic V2.0 to be removed in V3.0. See Pydantic V2 Migration Guide at https://errors.pydantic.dev/2.13/migration/;56 passed, 2 skipped, 7 warnings in 53.80s;
[2026-08-06 17:00:46] 后端全部通过
[2026-08-06 17:02:16] 前端结果: [2m Test Files [22m [1m[32m32 passed[39m[22m[90m (32)[39m;[2m      Tests [22m [1m[32m144 passed[39m[22m[90m (144)[39m;
[2026-08-06 17:02:16] 前端全部通过
[2026-08-06 17:02:17] ===== 第 113 轮结束，sleep 120 =====
[2026-08-06 17:04:18] ===== 第 114 轮开始 =====
[2026-08-06 17:04:28] 后端结果: ;
[2026-08-06 17:04:28] 后端全部通过
[2026-08-06 17:06:45] 前端结果: [2m Test Files [22m [1m[32m32 passed[39m[22m[90m (32)[39m;[2m      Tests [22m [1m[32m144 passed[39m[22m[90m (144)[39m;
[2026-08-06 17:06:45] 前端全部通过
[2026-08-06 17:06:47] ===== 第 114 轮结束，sleep 120 =====
[2026-08-06 17:08:47] ===== 第 115 轮开始 =====
[2026-08-06 17:09:10] 后端结果: ;
[2026-08-06 17:09:10] 后端全部通过
[2026-08-06 17:10:59] 前端结果: [2m Test Files [22m [1m[32m32 passed[39m[22m[90m (32)[39m;[2m      Tests [22m [1m[32m144 passed[39m[22m[90m (144)[39m;
[2026-08-06 17:10:59] 前端全部通过
[2026-08-06 17:11:00] ===== 第 115 轮结束，sleep 120 =====
[2026-08-06 17:13:00] ===== 第 116 轮开始 =====
[2026-08-06 17:13:14] 后端结果: ;
[2026-08-06 17:13:14] 后端全部通过
[2026-08-06 17:14:12] 前端结果: [2m Test Files [22m [1m[32m32 passed[39m[22m[90m (32)[39m;[2m      Tests [22m [1m[32m144 passed[39m[22m[90m (144)[39m;
[2026-08-06 17:14:12] 前端全部通过
[2026-08-06 17:14:13] ===== 第 116 轮结束，sleep 120 =====
[2026-08-06 17:16:13] ===== 第 117 轮开始 =====
[2026-08-06 17:16:26] 后端结果: ;
[2026-08-06 17:16:26] 后端全部通过
[2026-08-06 17:17:13] 前端结果: [2m Test Files [22m [1m[32m32 passed[39m[22m[90m (32)[39m;[2m      Tests [22m [1m[32m144 passed[39m[22m[90m (144)[39m;
[2026-08-06 17:17:13] 前端全部通过
[2026-08-06 17:17:14] ===== 第 117 轮结束，sleep 120 =====
[2026-08-06 17:19:14] ===== 第 118 轮开始 =====
[2026-08-06 17:19:22] 后端结果: ;
[2026-08-06 17:19:22] 后端全部通过
[2026-08-06 17:19:55] 前端结果: [2m Test Files [22m [1m[32m32 passed[39m[22m[90m (32)[39m;[2m      Tests [22m [1m[32m144 passed[39m[22m[90m (144)[39m;
[2026-08-06 17:19:55] 前端全部通过
[2026-08-06 17:19:55] ===== 第 118 轮结束，sleep 120 =====
[2026-08-06 17:21:55] ===== 第 119 轮开始 =====
[2026-08-06 17:21:57] 后端结果: ;
[2026-08-06 17:21:57] 后端全部通过
[2026-08-06 17:22:23] 前端结果: [2m Test Files [22m [1m[32m32 passed[39m[22m[90m (32)[39m;[2m      Tests [22m [1m[32m144 passed[39m[22m[90m (144)[39m;
[2026-08-06 17:22:23] 前端全部通过
[2026-08-06 17:22:23] ===== 第 119 轮结束，sleep 120 =====
[2026-08-06 17:24:23] ===== 第 120 轮开始 =====
[2026-08-06 17:24:25] 后端结果: ;
[2026-08-06 17:24:25] 后端全部通过
[2026-08-06 17:24:51] 前端结果: [2m Test Files [22m [1m[32m32 passed[39m[22m[90m (32)[39m;[2m      Tests [22m [1m[32m144 passed[39m[22m[90m (144)[39m;
[2026-08-06 17:24:51] 前端全部通过
[2026-08-06 17:24:51] ===== 第 120 轮结束，sleep 120 =====
[2026-08-06 17:26:51] ===== 第 121 轮开始 =====
[2026-08-06 17:26:53] 后端结果: ;
[2026-08-06 17:26:53] 后端全部通过
[2026-08-06 17:27:34] 前端结果: [2m Test Files [22m [1m[32m32 passed[39m[22m[90m (32)[39m;[2m      Tests [22m [1m[32m144 passed[39m[22m[90m (144)[39m;
[2026-08-06 17:27:34] 前端全部通过
[2026-08-06 17:27:34] ===== 第 121 轮结束，sleep 120 =====
[2026-08-06 17:29:34] ===== 第 122 轮开始 =====
[2026-08-06 17:29:41] 后端结果: ;
[2026-08-06 17:29:41] 后端全部通过
[2026-08-06 17:30:35] 前端结果: [2m Test Files [22m [1m[32m32 passed[39m[22m[90m (32)[39m;[2m      Tests [22m [1m[32m144 passed[39m[22m[90m (144)[39m;
[2026-08-06 17:30:35] 前端全部通过
[2026-08-06 17:30:36] ===== 第 122 轮结束，sleep 120 =====
[2026-08-06 17:32:36] ===== 第 123 轮开始 =====
[2026-08-06 17:32:43] 后端结果: ;
[2026-08-06 17:32:43] 后端全部通过
[2026-08-06 17:33:36] 前端结果: [2m Test Files [22m [1m[32m32 passed[39m[22m[90m (32)[39m;[2m      Tests [22m [1m[32m144 passed[39m[22m[90m (144)[39m;
[2026-08-06 17:33:36] 前端全部通过
[2026-08-06 17:33:36] ===== 第 123 轮结束，sleep 120 =====
[2026-08-06 17:35:36] ===== 第 124 轮开始 =====
[2026-08-06 17:35:43] 后端结果: ;
[2026-08-06 17:35:43] 后端全部通过
[2026-08-06 17:36:42] 前端结果: [2m Test Files [22m [1m[32m32 passed[39m[22m[90m (32)[39m;[2m      Tests [22m [1m[32m144 passed[39m[22m[90m (144)[39m;
[2026-08-06 17:36:42] 前端全部通过
[2026-08-06 17:36:42] ===== 第 124 轮结束，sleep 120 =====
[2026-08-06 17:38:42] ===== 第 125 轮开始 =====
[2026-08-06 17:38:49] 后端结果: ;
[2026-08-06 17:38:49] 后端全部通过
[2026-08-06 17:39:44] 前端结果: [2m Test Files [22m [1m[32m32 passed[39m[22m[90m (32)[39m;[2m      Tests [22m [1m[32m144 passed[39m[22m[90m (144)[39m;
[2026-08-06 17:39:44] 前端全部通过
[2026-08-06 17:39:45] ===== 第 125 轮结束，sleep 120 =====
[2026-08-06 17:41:45] ===== 第 126 轮开始 =====
[2026-08-06 17:41:51] 后端结果: ;
[2026-08-06 17:41:51] 后端全部通过
[2026-08-06 17:42:35] 前端结果: [2m Test Files [22m [1m[32m32 passed[39m[22m[90m (32)[39m;[2m      Tests [22m [1m[32m144 passed[39m[22m[90m (144)[39m;
[2026-08-06 17:42:35] 前端全部通过
[2026-08-06 17:42:36] ===== 第 126 轮结束，sleep 120 =====
[2026-08-06 17:44:36] ===== 第 127 轮开始 =====
[2026-08-06 17:44:43] 后端结果: ;
[2026-08-06 17:44:43] 后端全部通过
[2026-08-06 17:45:35] 前端结果: [2m Test Files [22m [1m[32m32 passed[39m[22m[90m (32)[39m;[2m      Tests [22m [1m[32m144 passed[39m[22m[90m (144)[39m;
[2026-08-06 17:45:35] 前端全部通过
[2026-08-06 17:45:36] ===== 第 127 轮结束，sleep 120 =====
[2026-08-06 17:47:36] ===== 第 128 轮开始 =====
[2026-08-06 17:47:43] 后端结果: ;
[2026-08-06 17:47:43] 后端全部通过
[2026-08-06 17:48:54] 前端结果: [2m Test Files [22m [1m[32m32 passed[39m[22m[90m (32)[39m;[2m      Tests [22m [1m[32m144 passed[39m[22m[90m (144)[39m;
[2026-08-06 17:48:54] 前端全部通过
[2026-08-06 17:48:55] ===== 第 128 轮结束，sleep 120 =====
[2026-08-06 17:50:55] ===== 第 129 轮开始 =====
[2026-08-06 17:51:02] 后端结果: ;
[2026-08-06 17:51:02] 后端全部通过
[2026-08-06 17:51:40] 前端结果: [2m Test Files [22m [1m[32m32 passed[39m[22m[90m (32)[39m;[2m      Tests [22m [1m[32m144 passed[39m[22m[90m (144)[39m;
[2026-08-06 17:51:40] 前端全部通过
[2026-08-06 17:51:41] ===== 第 129 轮结束，sleep 120 =====
[2026-08-06 17:53:41] ===== 第 130 轮开始 =====
[2026-08-06 17:53:48] 后端结果: ;
[2026-08-06 17:53:48] 后端全部通过
[2026-08-06 17:54:44] 前端结果: [2m Test Files [22m [1m[32m32 passed[39m[22m[90m (32)[39m;[2m      Tests [22m [1m[32m144 passed[39m[22m[90m (144)[39m;
[2026-08-06 17:54:44] 前端全部通过
[2026-08-06 17:54:44] ===== 第 130 轮结束，sleep 120 =====
[2026-08-06 17:56:44] ===== 第 131 轮开始 =====
[2026-08-06 17:56:51] 后端结果: ;
[2026-08-06 17:56:51] 后端全部通过
[2026-08-06 17:57:38] 前端结果: [2m Test Files [22m [1m[32m32 passed[39m[22m[90m (32)[39m;[2m      Tests [22m [1m[32m144 passed[39m[22m[90m (144)[39m;
[2026-08-06 17:57:38] 前端全部通过
[2026-08-06 17:57:39] ===== 第 131 轮结束，sleep 120 =====
[2026-08-06 17:59:39] ===== 第 132 轮开始 =====
[2026-08-06 17:59:46] 后端结果: ;
[2026-08-06 17:59:46] 后端全部通过
[2026-08-06 18:00:39] 前端结果: [2m Test Files [22m [1m[32m32 passed[39m[22m[90m (32)[39m;[2m      Tests [22m [1m[32m144 passed[39m[22m[90m (144)[39m;
[2026-08-06 18:00:39] 前端全部通过
[2026-08-06 18:00:40] ===== 第 132 轮结束，sleep 120 =====
[2026-08-06 18:02:40] ===== 第 133 轮开始 =====
[2026-08-06 18:02:46] 后端结果: ;
[2026-08-06 18:02:46] 后端全部通过
[2026-08-06 18:03:46] 前端结果: [2m Test Files [22m [1m[32m32 passed[39m[22m[90m (32)[39m;[2m      Tests [22m [1m[32m144 passed[39m[22m[90m (144)[39m;
[2026-08-06 18:03:46] 前端全部通过
[2026-08-06 18:03:47] ===== 第 133 轮结束，sleep 120 =====
[2026-08-06 18:05:47] ===== 第 134 轮开始 =====
[2026-08-06 18:05:54] 后端结果: ;
[2026-08-06 18:05:54] 后端全部通过
[2026-08-06 18:06:43] 前端结果: [2m Test Files [22m [1m[32m32 passed[39m[22m[90m (32)[39m;[2m      Tests [22m [1m[32m144 passed[39m[22m[90m (144)[39m;
[2026-08-06 18:06:43] 前端全部通过
[2026-08-06 18:06:44] ===== 第 134 轮结束，sleep 120 =====
[2026-08-06 18:08:44] ===== 第 135 轮开始 =====
[2026-08-06 18:08:51] 后端结果: ;
[2026-08-06 18:08:51] 后端全部通过
[2026-08-06 18:09:43] 前端结果: [2m Test Files [22m [1m[32m32 passed[39m[22m[90m (32)[39m;[2m      Tests [22m [1m[32m144 passed[39m[22m[90m (144)[39m;
[2026-08-06 18:09:43] 前端全部通过
[2026-08-06 18:09:44] ===== 第 135 轮结束，sleep 120 =====
[2026-08-06 18:11:44] ===== 第 136 轮开始 =====
[2026-08-06 18:11:51] 后端结果: ;
[2026-08-06 18:11:51] 后端全部通过
[2026-08-06 18:12:40] 前端结果: [2m Test Files [22m [1m[32m32 passed[39m[22m[90m (32)[39m;[2m      Tests [22m [1m[32m144 passed[39m[22m[90m (144)[39m;
[2026-08-06 18:12:40] 前端全部通过
[2026-08-06 18:12:41] ===== 第 136 轮结束，sleep 120 =====
[2026-08-06 18:14:41] ===== 第 137 轮开始 =====
[2026-08-06 18:14:48] 后端结果: ;
[2026-08-06 18:14:48] 后端全部通过
[2026-08-06 18:15:36] 前端结果: [2m Test Files [22m [1m[32m32 passed[39m[22m[90m (32)[39m;[2m      Tests [22m [1m[32m144 passed[39m[22m[90m (144)[39m;
[2026-08-06 18:15:36] 前端全部通过
[2026-08-06 18:15:37] ===== 第 137 轮结束，sleep 120 =====
[2026-08-06 18:17:37] ===== 第 138 轮开始 =====
[2026-08-06 18:17:44] 后端结果: ;
[2026-08-06 18:17:44] 后端全部通过
[2026-08-06 18:18:36] 前端结果: [2m Test Files [22m [1m[32m32 passed[39m[22m[90m (32)[39m;[2m      Tests [22m [1m[32m144 passed[39m[22m[90m (144)[39m;
[2026-08-06 18:18:36] 前端全部通过
[2026-08-06 18:18:37] ===== 第 138 轮结束，sleep 120 =====
[2026-08-06 18:20:37] ===== 第 139 轮开始 =====
[2026-08-06 18:20:44] 后端结果: ;
[2026-08-06 18:20:44] 后端全部通过
[2026-08-06 18:21:44] 前端结果: [2m Test Files [22m [1m[32m32 passed[39m[22m[90m (32)[39m;[2m      Tests [22m [1m[32m144 passed[39m[22m[90m (144)[39m;
[2026-08-06 18:21:44] 前端全部通过
[2026-08-06 18:21:45] ===== 第 139 轮结束，sleep 120 =====
[2026-08-06 18:23:45] ===== 第 140 轮开始 =====
[2026-08-06 18:23:51] 后端结果: ;
[2026-08-06 18:23:52] 后端全部通过
[2026-08-06 18:24:44] 前端结果: [2m Test Files [22m [1m[32m32 passed[39m[22m[90m (32)[39m;[2m      Tests [22m [1m[32m144 passed[39m[22m[90m (144)[39m;
[2026-08-06 18:24:44] 前端全部通过
[2026-08-06 18:24:45] ===== 第 140 轮结束，sleep 120 =====
[2026-08-06 18:26:45] ===== 第 141 轮开始 =====
[2026-08-06 18:26:52] 后端结果: ;
[2026-08-06 18:26:52] 后端全部通过
[2026-08-06 18:28:00] 前端结果: [2m Test Files [22m [1m[32m32 passed[39m[22m[90m (32)[39m;[2m      Tests [22m [1m[32m144 passed[39m[22m[90m (144)[39m;
[2026-08-06 18:28:00] 前端全部通过
[2026-08-06 18:28:01] ===== 第 141 轮结束，sleep 120 =====
[2026-08-06 18:30:01] ===== 第 142 轮开始 =====
[2026-08-06 18:30:08] 后端结果: ;
[2026-08-06 18:30:08] 后端全部通过
[2026-08-06 18:30:53] 前端结果: [2m Test Files [22m [1m[32m32 passed[39m[22m[90m (32)[39m;[2m      Tests [22m [1m[32m144 passed[39m[22m[90m (144)[39m;
[2026-08-06 18:30:53] 前端全部通过
[2026-08-06 18:30:54] ===== 第 142 轮结束，sleep 120 =====
[2026-08-06 18:32:54] ===== 第 143 轮开始 =====
[2026-08-06 18:33:00] 后端结果: ;
[2026-08-06 18:33:00] 后端全部通过
[2026-08-06 18:33:52] 前端结果: [2m Test Files [22m [1m[32m32 passed[39m[22m[90m (32)[39m;[2m      Tests [22m [1m[32m144 passed[39m[22m[90m (144)[39m;
[2026-08-06 18:33:52] 前端全部通过
[2026-08-06 18:33:53] ===== 第 143 轮结束，sleep 120 =====
[2026-08-06 18:35:53] ===== 第 144 轮开始 =====
[2026-08-06 18:36:00] 后端结果: ;
[2026-08-06 18:36:00] 后端全部通过
[2026-08-06 18:36:39] 前端结果: [2m Test Files [22m [1m[32m32 passed[39m[22m[90m (32)[39m;[2m      Tests [22m [1m[32m144 passed[39m[22m[90m (144)[39m;
[2026-08-06 18:36:39] 前端全部通过
[2026-08-06 18:36:40] ===== 第 144 轮结束，sleep 120 =====
[2026-08-06 18:38:40] ===== 第 145 轮开始 =====
[2026-08-06 18:38:47] 后端结果: ;
[2026-08-06 18:38:47] 后端全部通过
[2026-08-06 18:39:33] 前端结果: [2m Test Files [22m [1m[32m32 passed[39m[22m[90m (32)[39m;[2m      Tests [22m [1m[32m144 passed[39m[22m[90m (144)[39m;
[2026-08-06 18:39:33] 前端全部通过
[2026-08-06 18:39:34] ===== 第 145 轮结束，sleep 120 =====
[2026-08-06 18:41:34] ===== 第 146 轮开始 =====
[2026-08-06 18:41:41] 后端结果: ;
[2026-08-06 18:41:41] 后端全部通过
[2026-08-06 18:42:31] 前端结果: [2m Test Files [22m [1m[32m32 passed[39m[22m[90m (32)[39m;[2m      Tests [22m [1m[32m144 passed[39m[22m[90m (144)[39m;
[2026-08-06 18:42:31] 前端全部通过
[2026-08-06 18:42:32] ===== 第 146 轮结束，sleep 120 =====
[2026-08-06 18:44:32] ===== 第 147 轮开始 =====
[2026-08-06 18:44:39] 后端结果: ;
[2026-08-06 18:44:39] 后端全部通过
[2026-08-06 18:45:22] 前端结果: [2m Test Files [22m [1m[32m32 passed[39m[22m[90m (32)[39m;[2m      Tests [22m [1m[32m144 passed[39m[22m[90m (144)[39m;
[2026-08-06 18:45:22] 前端全部通过
[2026-08-06 18:45:23] ===== 第 147 轮结束，sleep 120 =====
[2026-08-06 18:47:23] ===== 第 148 轮开始 =====
[2026-08-06 18:47:30] 后端结果: ;
[2026-08-06 18:47:30] 后端全部通过
[2026-08-06 18:48:24] 前端结果: [2m Test Files [22m [1m[32m32 passed[39m[22m[90m (32)[39m;[2m      Tests [22m [1m[32m144 passed[39m[22m[90m (144)[39m;
[2026-08-06 18:48:24] 前端全部通过
[2026-08-06 18:48:25] ===== 第 148 轮结束，sleep 120 =====
[2026-08-06 18:50:25] ===== 第 149 轮开始 =====
[2026-08-06 18:50:32] 后端结果: ;
[2026-08-06 18:50:32] 后端全部通过
[2026-08-06 18:51:40] 前端结果: [2m Test Files [22m [1m[32m32 passed[39m[22m[90m (32)[39m;[2m      Tests [22m [1m[32m144 passed[39m[22m[90m (144)[39m;
[2026-08-06 18:51:40] 前端全部通过
[2026-08-06 18:51:41] ===== 第 149 轮结束，sleep 120 =====
[2026-08-06 18:53:41] ===== 第 150 轮开始 =====
[2026-08-06 18:53:48] 后端结果: ;
[2026-08-06 18:53:48] 后端全部通过
[2026-08-06 18:54:33] 前端结果: [2m Test Files [22m [1m[32m32 passed[39m[22m[90m (32)[39m;[2m      Tests [22m [1m[32m144 passed[39m[22m[90m (144)[39m;
[2026-08-06 18:54:33] 前端全部通过
[2026-08-06 18:54:34] ===== 第 150 轮结束，sleep 120 =====
[2026-08-06 18:56:34] ===== 第 151 轮开始 =====
[2026-08-06 18:56:41] 后端结果: ;
[2026-08-06 18:56:41] 后端全部通过
[2026-08-06 18:57:33] 前端结果: [2m Test Files [22m [1m[32m32 passed[39m[22m[90m (32)[39m;[2m      Tests [22m [1m[32m144 passed[39m[22m[90m (144)[39m;
[2026-08-06 18:57:33] 前端全部通过
[2026-08-06 18:57:34] ===== 第 151 轮结束，sleep 120 =====
[2026-08-06 18:59:34] ===== 第 152 轮开始 =====
[2026-08-06 18:59:40] 后端结果: ;
[2026-08-06 18:59:40] 后端全部通过
[2026-08-06 19:00:21] 前端结果: [2m Test Files [22m [1m[32m32 passed[39m[22m[90m (32)[39m;[2m      Tests [22m [1m[32m144 passed[39m[22m[90m (144)[39m;
[2026-08-06 19:00:21] 前端全部通过
[2026-08-06 19:00:22] ===== 第 152 轮结束，sleep 120 =====
[2026-08-06 19:02:22] ===== 第 153 轮开始 =====
[2026-08-06 19:02:28] 后端结果: ;
[2026-08-06 19:02:28] 后端全部通过
[2026-08-06 19:03:23] 前端结果: [2m Test Files [22m [1m[32m32 passed[39m[22m[90m (32)[39m;[2m      Tests [22m [1m[32m144 passed[39m[22m[90m (144)[39m;
[2026-08-06 19:03:23] 前端全部通过
[2026-08-06 19:03:24] ===== 第 153 轮结束，sleep 120 =====
[2026-08-06 19:05:24] ===== 第 154 轮开始 =====
[2026-08-06 19:05:30] 后端结果: ;
[2026-08-06 19:05:30] 后端全部通过
[2026-08-06 19:06:26] 前端结果: [2m Test Files [22m [1m[32m32 passed[39m[22m[90m (32)[39m;[2m      Tests [22m [1m[32m144 passed[39m[22m[90m (144)[39m;
[2026-08-06 19:06:26] 前端全部通过
[2026-08-06 19:06:27] ===== 第 154 轮结束，sleep 120 =====
[2026-08-06 19:08:27] ===== 第 155 轮开始 =====
[2026-08-06 19:08:34] 后端结果: ;
[2026-08-06 19:08:34] 后端全部通过
[2026-08-06 19:09:34] 前端结果: [2m Test Files [22m [1m[32m32 passed[39m[22m[90m (32)[39m;[2m      Tests [22m [1m[32m144 passed[39m[22m[90m (144)[39m;
[2026-08-06 19:09:34] 前端全部通过
[2026-08-06 19:09:35] ===== 第 155 轮结束，sleep 120 =====
[2026-08-06 19:11:35] ===== 第 156 轮开始 =====
[2026-08-06 19:11:42] 后端结果: ;
[2026-08-06 19:11:42] 后端全部通过
[2026-08-06 19:12:33] 前端结果: [2m Test Files [22m [1m[32m32 passed[39m[22m[90m (32)[39m;[2m      Tests [22m [1m[32m144 passed[39m[22m[90m (144)[39m;
[2026-08-06 19:12:33] 前端全部通过
[2026-08-06 19:12:34] ===== 第 156 轮结束，sleep 120 =====
[2026-08-06 19:14:34] ===== 第 157 轮开始 =====
[2026-08-06 19:14:41] 后端结果: ;
[2026-08-06 19:14:41] 后端全部通过
[2026-08-06 19:15:33] 前端结果: [2m Test Files [22m [1m[32m32 passed[39m[22m[90m (32)[39m;[2m      Tests [22m [1m[32m144 passed[39m[22m[90m (144)[39m;
[2026-08-06 19:15:33] 前端全部通过
[2026-08-06 19:15:34] ===== 第 157 轮结束，sleep 120 =====
[2026-08-06 19:17:34] ===== 第 158 轮开始 =====
[2026-08-06 19:17:40] 后端结果: ;
[2026-08-06 19:17:40] 后端全部通过
[2026-08-06 19:18:30] 前端结果: [2m Test Files [22m [1m[32m32 passed[39m[22m[90m (32)[39m;[2m      Tests [22m [1m[32m144 passed[39m[22m[90m (144)[39m;
[2026-08-06 19:18:30] 前端全部通过
[2026-08-06 19:18:31] ===== 第 158 轮结束，sleep 120 =====
[2026-08-06 19:20:31] ===== 第 159 轮开始 =====
[2026-08-06 19:20:38] 后端结果: ;
[2026-08-06 19:20:38] 后端全部通过
[2026-08-06 19:21:43] 前端结果: [2m Test Files [22m [1m[32m32 passed[39m[22m[90m (32)[39m;[2m      Tests [22m [1m[32m144 passed[39m[22m[90m (144)[39m;
[2026-08-06 19:21:43] 前端全部通过
[2026-08-06 19:21:44] ===== 第 159 轮结束，sleep 120 =====
[2026-08-06 19:23:44] ===== 第 160 轮开始 =====
[2026-08-06 19:23:51] 后端结果: ;
[2026-08-06 19:23:51] 后端全部通过
[2026-08-06 19:24:33] 前端结果: [2m Test Files [22m [1m[32m32 passed[39m[22m[90m (32)[39m;[2m      Tests [22m [1m[32m144 passed[39m[22m[90m (144)[39m;
[2026-08-06 19:24:34] 前端全部通过
[2026-08-06 19:24:34] ===== 第 160 轮结束，sleep 120 =====
[2026-08-06 19:26:34] ===== 第 161 轮开始 =====
[2026-08-06 19:26:41] 后端结果: ;
[2026-08-06 19:26:41] 后端全部通过
[2026-08-06 19:27:34] 前端结果: [2m Test Files [22m [1m[32m32 passed[39m[22m[90m (32)[39m;[2m      Tests [22m [1m[32m144 passed[39m[22m[90m (144)[39m;
[2026-08-06 19:27:34] 前端全部通过
[2026-08-06 19:27:35] ===== 第 161 轮结束，sleep 120 =====
[2026-08-06 19:29:35] ===== 第 162 轮开始 =====
[2026-08-06 19:29:41] 后端结果: ;
[2026-08-06 19:29:41] 后端全部通过
[2026-08-06 19:30:52] 前端结果: [2m Test Files [22m [1m[32m32 passed[39m[22m[90m (32)[39m;[2m      Tests [22m [1m[32m144 passed[39m[22m[90m (144)[39m;
[2026-08-06 19:30:52] 前端全部通过
[2026-08-06 19:30:53] ===== 第 162 轮结束，sleep 120 =====
[2026-08-06 19:32:53] ===== 第 163 轮开始 =====
[2026-08-06 19:32:59] 后端结果: ;
[2026-08-06 19:32:59] 后端全部通过
[2026-08-06 19:33:44] 前端结果: [2m Test Files [22m [1m[32m32 passed[39m[22m[90m (32)[39m;[2m      Tests [22m [1m[32m144 passed[39m[22m[90m (144)[39m;
[2026-08-06 19:33:44] 前端全部通过
[2026-08-06 19:33:45] ===== 第 163 轮结束，sleep 120 =====
[2026-08-06 19:35:45] ===== 第 164 轮开始 =====
[2026-08-06 19:35:52] 后端结果: ;
[2026-08-06 19:35:52] 后端全部通过
[2026-08-06 19:36:43] 前端结果: [2m Test Files [22m [1m[32m32 passed[39m[22m[90m (32)[39m;[2m      Tests [22m [1m[32m144 passed[39m[22m[90m (144)[39m;
[2026-08-06 19:36:43] 前端全部通过
[2026-08-06 19:36:44] ===== 第 164 轮结束，sleep 120 =====
[2026-08-06 19:38:44] ===== 第 165 轮开始 =====
[2026-08-06 19:38:51] 后端结果: ;
[2026-08-06 19:38:51] 后端全部通过
[2026-08-06 19:39:42] 前端结果: [2m Test Files [22m [1m[32m32 passed[39m[22m[90m (32)[39m;[2m      Tests [22m [1m[32m144 passed[39m[22m[90m (144)[39m;
[2026-08-06 19:39:42] 前端全部通过
[2026-08-06 19:39:43] ===== 第 165 轮结束，sleep 120 =====
[2026-08-06 19:41:43] ===== 第 166 轮开始 =====
[2026-08-06 19:41:50] 后端结果: ;
[2026-08-06 19:41:50] 后端全部通过
[2026-08-06 19:42:46] 前端结果: [2m Test Files [22m [1m[32m32 passed[39m[22m[90m (32)[39m;[2m      Tests [22m [1m[32m144 passed[39m[22m[90m (144)[39m;
[2026-08-06 19:42:46] 前端全部通过
[2026-08-06 19:42:47] ===== 第 166 轮结束，sleep 120 =====
[2026-08-06 19:44:47] ===== 第 167 轮开始 =====
[2026-08-06 19:44:54] 后端结果: ;
[2026-08-06 19:44:54] 后端全部通过
[2026-08-06 19:45:53] 前端结果: [2m Test Files [22m [1m[32m32 passed[39m[22m[90m (32)[39m;[2m      Tests [22m [1m[32m144 passed[39m[22m[90m (144)[39m;
[2026-08-06 19:45:53] 前端全部通过
[2026-08-06 19:45:54] ===== 第 167 轮结束，sleep 120 =====
[2026-08-06 19:47:54] ===== 第 168 轮开始 =====
[2026-08-06 19:48:01] 后端结果: ;
[2026-08-06 19:48:01] 后端全部通过
[2026-08-06 19:48:46] 前端结果: [2m Test Files [22m [1m[32m32 passed[39m[22m[90m (32)[39m;[2m      Tests [22m [1m[32m144 passed[39m[22m[90m (144)[39m;
[2026-08-06 19:48:46] 前端全部通过
[2026-08-06 19:48:47] ===== 第 168 轮结束，sleep 120 =====
[2026-08-06 19:50:47] ===== 第 169 轮开始 =====
[2026-08-06 19:50:53] 后端结果: ;
[2026-08-06 19:50:53] 后端全部通过
[2026-08-06 19:51:45] 前端结果: [2m Test Files [22m [1m[32m32 passed[39m[22m[90m (32)[39m;[2m      Tests [22m [1m[32m144 passed[39m[22m[90m (144)[39m;
[2026-08-06 19:51:45] 前端全部通过
[2026-08-06 19:51:46] ===== 第 169 轮结束，sleep 120 =====
[2026-08-06 19:53:46] ===== 第 170 轮开始 =====
[2026-08-06 19:53:53] 后端结果: ;
[2026-08-06 19:53:53] 后端全部通过
[2026-08-06 19:54:45] 前端结果: [2m Test Files [22m [1m[32m32 passed[39m[22m[90m (32)[39m;[2m      Tests [22m [1m[32m144 passed[39m[22m[90m (144)[39m;
[2026-08-06 19:54:46] 前端全部通过
[2026-08-06 19:54:47] ===== 第 170 轮结束，sleep 120 =====
[2026-08-06 19:56:47] ===== 第 171 轮开始 =====
[2026-08-06 19:56:54] 后端结果: ;
[2026-08-06 19:56:54] 后端全部通过
[2026-08-06 19:57:54] 前端结果: [2m Test Files [22m [1m[32m32 passed[39m[22m[90m (32)[39m;[2m      Tests [22m [1m[32m144 passed[39m[22m[90m (144)[39m;
[2026-08-06 19:57:54] 前端全部通过
[2026-08-06 19:57:54] ===== 第 171 轮结束，sleep 120 =====
[2026-08-06 19:59:55] ===== 第 172 轮开始 =====
[2026-08-06 20:00:01] 后端结果: ;
[2026-08-06 20:00:01] 后端全部通过
[2026-08-06 20:00:54] 前端结果: [2m Test Files [22m [1m[32m32 passed[39m[22m[90m (32)[39m;[2m      Tests [22m [1m[32m144 passed[39m[22m[90m (144)[39m;
[2026-08-06 20:00:54] 前端全部通过
[2026-08-06 20:00:55] ===== 第 172 轮结束，sleep 120 =====
[2026-08-06 20:02:55] ===== 第 173 轮开始 =====
[2026-08-06 20:03:01] 后端结果: ;
[2026-08-06 20:03:01] 后端全部通过
[2026-08-06 20:04:00] 前端结果: [2m Test Files [22m [1m[32m32 passed[39m[22m[90m (32)[39m;[2m      Tests [22m [1m[32m144 passed[39m[22m[90m (144)[39m;
[2026-08-06 20:04:00] 前端全部通过
[2026-08-06 20:04:01] ===== 第 173 轮结束，sleep 120 =====
[2026-08-06 20:06:01] ===== 第 174 轮开始 =====
[2026-08-06 20:06:08] 后端结果: ;
[2026-08-06 20:06:08] 后端全部通过
[2026-08-06 20:07:03] 前端结果: [2m Test Files [22m [1m[32m32 passed[39m[22m[90m (32)[39m;[2m      Tests [22m [1m[32m144 passed[39m[22m[90m (144)[39m;
[2026-08-06 20:07:03] 前端全部通过
[2026-08-06 20:07:03] ===== 第 174 轮结束，sleep 120 =====
[2026-08-06 20:09:03] ===== 第 175 轮开始 =====
[2026-08-06 20:09:10] 后端结果: ;
[2026-08-06 20:09:10] 后端全部通过
[2026-08-06 20:10:01] 前端结果: [2m Test Files [22m [1m[32m32 passed[39m[22m[90m (32)[39m;[2m      Tests [22m [1m[32m144 passed[39m[22m[90m (144)[39m;
[2026-08-06 20:10:01] 前端全部通过
[2026-08-06 20:10:02] ===== 第 175 轮结束，sleep 120 =====
[2026-08-06 20:12:02] ===== 第 176 轮开始 =====
[2026-08-06 20:12:09] 后端结果: ;
[2026-08-06 20:12:09] 后端全部通过
[2026-08-06 20:12:54] 前端结果: [2m Test Files [22m [1m[32m32 passed[39m[22m[90m (32)[39m;[2m      Tests [22m [1m[32m144 passed[39m[22m[90m (144)[39m;
[2026-08-06 20:12:54] 前端全部通过
[2026-08-06 20:12:54] ===== 第 176 轮结束，sleep 120 =====
[2026-08-06 20:14:54] ===== 第 177 轮开始 =====
[2026-08-06 20:15:01] 后端结果: ;
[2026-08-06 20:15:01] 后端全部通过
[2026-08-06 20:15:53] 前端结果: [2m Test Files [22m [1m[32m32 passed[39m[22m[90m (32)[39m;[2m      Tests [22m [1m[32m144 passed[39m[22m[90m (144)[39m;
[2026-08-06 20:15:53] 前端全部通过
[2026-08-06 20:15:54] ===== 第 177 轮结束，sleep 120 =====
[2026-08-06 20:17:54] ===== 第 178 轮开始 =====
[2026-08-06 20:18:01] 后端结果: ;
[2026-08-06 20:18:01] 后端全部通过
[2026-08-06 20:18:58] 前端结果: [2m Test Files [22m [1m[32m32 passed[39m[22m[90m (32)[39m;[2m      Tests [22m [1m[32m144 passed[39m[22m[90m (144)[39m;
[2026-08-06 20:18:58] 前端全部通过
[2026-08-06 20:18:59] ===== 第 178 轮结束，sleep 120 =====
[2026-08-06 20:20:59] ===== 第 179 轮开始 =====
[2026-08-06 20:21:07] 后端结果: ;
[2026-08-06 20:21:07] 后端全部通过
[2026-08-06 20:22:54] 前端结果: [2m Test Files [22m [1m[32m32 passed[39m[22m[90m (32)[39m;[2m      Tests [22m [1m[32m144 passed[39m[22m[90m (144)[39m;
[2026-08-06 20:22:54] 前端全部通过
[2026-08-06 20:22:55] ===== 第 179 轮结束，sleep 120 =====
[2026-08-06 20:24:55] ===== 第 180 轮开始 =====
[2026-08-06 20:25:03] 后端结果: ;
[2026-08-06 20:25:03] 后端全部通过
[2026-08-06 20:25:42] 前端结果: [2m Test Files [22m [1m[32m32 passed[39m[22m[90m (32)[39m;[2m      Tests [22m [1m[32m144 passed[39m[22m[90m (144)[39m;
[2026-08-06 20:25:42] 前端全部通过
[2026-08-06 20:25:43] ===== 第 180 轮结束，sleep 120 =====
[2026-08-06 20:27:43] ===== 第 181 轮开始 =====
[2026-08-06 20:27:51] 后端结果: ;
[2026-08-06 20:27:51] 后端全部通过
[2026-08-06 20:28:45] 前端结果: [2m Test Files [22m [1m[32m32 passed[39m[22m[90m (32)[39m;[2m      Tests [22m [1m[32m144 passed[39m[22m[90m (144)[39m;
[2026-08-06 20:28:45] 前端全部通过
[2026-08-06 20:28:46] ===== 第 181 轮结束，sleep 120 =====
[2026-08-06 20:30:46] ===== 第 182 轮开始 =====
[2026-08-06 20:30:53] 后端结果: ;
[2026-08-06 20:30:53] 后端全部通过
[2026-08-06 20:31:43] 前端结果: [2m Test Files [22m [1m[32m32 passed[39m[22m[90m (32)[39m;[2m      Tests [22m [1m[32m144 passed[39m[22m[90m (144)[39m;
[2026-08-06 20:31:43] 前端全部通过
[2026-08-06 20:31:44] ===== 第 182 轮结束，sleep 120 =====
[2026-08-06 20:33:44] ===== 第 183 轮开始 =====
[2026-08-06 20:33:51] 后端结果: ;
[2026-08-06 20:33:51] 后端全部通过
[2026-08-06 20:34:42] 前端结果: [2m Test Files [22m [1m[32m32 passed[39m[22m[90m (32)[39m;[2m      Tests [22m [1m[32m144 passed[39m[22m[90m (144)[39m;
[2026-08-06 20:34:42] 前端全部通过
[2026-08-06 20:34:43] ===== 第 183 轮结束，sleep 120 =====
[2026-08-06 20:36:43] ===== 第 184 轮开始 =====
[2026-08-06 20:36:50] 后端结果: ;
[2026-08-06 20:36:50] 后端全部通过
[2026-08-06 20:37:31] 前端结果: [2m Test Files [22m [1m[32m32 passed[39m[22m[90m (32)[39m;[2m      Tests [22m [1m[32m144 passed[39m[22m[90m (144)[39m;
[2026-08-06 20:37:31] 前端全部通过
[2026-08-06 20:37:32] ===== 第 184 轮结束，sleep 120 =====
[2026-08-06 20:39:32] ===== 第 185 轮开始 =====
[2026-08-06 20:39:39] 后端结果: ;
[2026-08-06 20:39:39] 后端全部通过
[2026-08-06 20:40:22] 前端结果: [2m Test Files [22m [1m[32m32 passed[39m[22m[90m (32)[39m;[2m      Tests [22m [1m[32m144 passed[39m[22m[90m (144)[39m;
[2026-08-06 20:40:22] 前端全部通过
[2026-08-06 20:40:22] ===== 第 185 轮结束，sleep 120 =====
[2026-08-06 20:42:22] ===== 第 186 轮开始 =====
[2026-08-06 20:42:29] 后端结果: ;
[2026-08-06 20:42:29] 后端全部通过
[2026-08-06 20:43:24] 前端结果: [2m Test Files [22m [1m[32m32 passed[39m[22m[90m (32)[39m;[2m      Tests [22m [1m[32m144 passed[39m[22m[90m (144)[39m;
[2026-08-06 20:43:24] 前端全部通过
[2026-08-06 20:43:25] ===== 第 186 轮结束，sleep 120 =====
[2026-08-06 20:45:25] ===== 第 187 轮开始 =====
[2026-08-06 20:45:32] 后端结果: ;
[2026-08-06 20:45:32] 后端全部通过
[2026-08-06 20:46:15] 前端结果: [2m Test Files [22m [1m[32m32 passed[39m[22m[90m (32)[39m;[2m      Tests [22m [1m[32m144 passed[39m[22m[90m (144)[39m;
[2026-08-06 20:46:15] 前端全部通过
[2026-08-06 20:46:16] ===== 第 187 轮结束，sleep 120 =====
[2026-08-06 20:48:16] ===== 第 188 轮开始 =====
[2026-08-06 20:48:22] 后端结果: ;
[2026-08-06 20:48:22] 后端全部通过
[2026-08-06 20:49:14] 前端结果: [2m Test Files [22m [1m[32m32 passed[39m[22m[90m (32)[39m;[2m      Tests [22m [1m[32m144 passed[39m[22m[90m (144)[39m;
[2026-08-06 20:49:14] 前端全部通过
[2026-08-06 20:49:15] ===== 第 188 轮结束，sleep 120 =====
[2026-08-06 20:51:15] ===== 第 189 轮开始 =====
[2026-08-06 20:51:21] 后端结果: ;
[2026-08-06 20:51:22] 后端全部通过
[2026-08-06 20:52:22] 前端结果: [2m Test Files [22m [1m[32m32 passed[39m[22m[90m (32)[39m;[2m      Tests [22m [1m[32m144 passed[39m[22m[90m (144)[39m;
[2026-08-06 20:52:22] 前端全部通过
[2026-08-06 20:52:23] ===== 第 189 轮结束，sleep 120 =====
[2026-08-06 20:54:23] ===== 第 190 轮开始 =====
[2026-08-06 20:54:30] 后端结果: ;
[2026-08-06 20:54:30] 后端全部通过
[2026-08-06 20:55:24] 前端结果: [2m Test Files [22m [1m[32m32 passed[39m[22m[90m (32)[39m;[2m      Tests [22m [1m[32m144 passed[39m[22m[90m (144)[39m;
[2026-08-06 20:55:24] 前端全部通过
[2026-08-06 20:55:25] ===== 第 190 轮结束，sleep 120 =====
[2026-08-06 20:57:25] ===== 第 191 轮开始 =====
[2026-08-06 20:57:31] 后端结果: ;
[2026-08-06 20:57:31] 后端全部通过
[2026-08-06 20:58:22] 前端结果: [2m Test Files [22m [1m[32m32 passed[39m[22m[90m (32)[39m;[2m      Tests [22m [1m[32m144 passed[39m[22m[90m (144)[39m;
[2026-08-06 20:58:22] 前端全部通过
[2026-08-06 20:58:23] ===== 第 191 轮结束，sleep 120 =====
[2026-08-06 21:00:23] ===== 第 192 轮开始 =====
[2026-08-06 21:00:30] 后端结果: ;
[2026-08-06 21:00:30] 后端全部通过
[2026-08-06 21:01:13] 前端结果: [2m Test Files [22m [1m[32m32 passed[39m[22m[90m (32)[39m;[2m      Tests [22m [1m[32m144 passed[39m[22m[90m (144)[39m;
[2026-08-06 21:01:13] 前端全部通过
[2026-08-06 21:01:13] ===== 第 192 轮结束，sleep 120 =====
[2026-08-06 21:03:13] ===== 第 193 轮开始 =====
[2026-08-06 21:03:20] 后端结果: ;
[2026-08-06 21:03:20] 后端全部通过
[2026-08-06 21:04:11] 前端结果: [2m Test Files [22m [1m[32m32 passed[39m[22m[90m (32)[39m;[2m      Tests [22m [1m[32m144 passed[39m[22m[90m (144)[39m;
[2026-08-06 21:04:11] 前端全部通过
[2026-08-06 21:04:12] ===== 第 193 轮结束，sleep 120 =====
[2026-08-06 21:06:12] ===== 第 194 轮开始 =====
[2026-08-06 21:06:19] 后端结果: ;
[2026-08-06 21:06:19] 后端全部通过
[2026-08-06 21:07:03] 前端结果: [2m Test Files [22m [1m[32m32 passed[39m[22m[90m (32)[39m;[2m      Tests [22m [1m[32m144 passed[39m[22m[90m (144)[39m;
[2026-08-06 21:07:03] 前端全部通过
[2026-08-06 21:07:04] ===== 第 194 轮结束，sleep 120 =====
[2026-08-06 21:09:04] ===== 第 195 轮开始 =====
[2026-08-06 21:09:11] 后端结果: ;
[2026-08-06 21:09:11] 后端全部通过
[2026-08-06 21:09:49] 前端结果: [2m Test Files [22m [1m[32m32 passed[39m[22m[90m (32)[39m;[2m      Tests [22m [1m[32m144 passed[39m[22m[90m (144)[39m;
[2026-08-06 21:09:49] 前端全部通过
[2026-08-06 21:09:50] ===== 第 195 轮结束，sleep 120 =====
[2026-08-06 21:11:50] ===== 第 196 轮开始 =====
[2026-08-06 21:11:57] 后端结果: ;
[2026-08-06 21:11:57] 后端全部通过
[2026-08-06 21:12:54] 前端结果: [2m Test Files [22m [1m[32m32 passed[39m[22m[90m (32)[39m;[2m      Tests [22m [1m[32m144 passed[39m[22m[90m (144)[39m;
[2026-08-06 21:12:54] 前端全部通过
[2026-08-06 21:12:54] ===== 第 196 轮结束，sleep 120 =====
[2026-08-06 21:14:55] ===== 第 197 轮开始 =====
[2026-08-06 21:15:01] 后端结果: ;
[2026-08-06 21:15:01] 后端全部通过
[2026-08-06 21:15:45] 前端结果: [2m Test Files [22m [1m[32m32 passed[39m[22m[90m (32)[39m;[2m      Tests [22m [1m[32m144 passed[39m[22m[90m (144)[39m;
[2026-08-06 21:15:45] 前端全部通过
[2026-08-06 21:15:46] ===== 第 197 轮结束，sleep 120 =====
[2026-08-06 21:17:46] ===== 第 198 轮开始 =====
[2026-08-06 21:17:53] 后端结果: ;
[2026-08-06 21:17:53] 后端全部通过
[2026-08-06 21:18:45] 前端结果: [2m Test Files [22m [1m[32m32 passed[39m[22m[90m (32)[39m;[2m      Tests [22m [1m[32m144 passed[39m[22m[90m (144)[39m;
[2026-08-06 21:18:45] 前端全部通过
[2026-08-06 21:18:46] ===== 第 198 轮结束，sleep 120 =====
[2026-08-06 21:20:46] ===== 第 199 轮开始 =====
[2026-08-06 21:20:52] 后端结果: ;
[2026-08-06 21:20:52] 后端全部通过
[2026-08-06 21:21:47] 前端结果: [2m Test Files [22m [1m[32m32 passed[39m[22m[90m (32)[39m;[2m      Tests [22m [1m[32m144 passed[39m[22m[90m (144)[39m;
[2026-08-06 21:21:47] 前端全部通过
[2026-08-06 21:21:48] ===== 第 199 轮结束，sleep 120 =====
[2026-08-06 21:23:48] ===== 第 200 轮开始 =====
[2026-08-06 21:23:54] 后端结果: ;
[2026-08-06 21:23:54] 后端全部通过
[2026-08-06 21:24:54] 前端结果: [2m Test Files [22m [1m[32m32 passed[39m[22m[90m (32)[39m;[2m      Tests [22m [1m[32m144 passed[39m[22m[90m (144)[39m;
[2026-08-06 21:24:54] 前端全部通过
[2026-08-06 21:24:55] ===== 第 200 轮结束，sleep 120 =====
[2026-08-06 21:26:55] ===== 第 201 轮开始 =====
[2026-08-06 21:27:02] 后端结果: ;
[2026-08-06 21:27:02] 后端全部通过
[2026-08-06 21:27:52] 前端结果: [2m Test Files [22m [1m[32m32 passed[39m[22m[90m (32)[39m;[2m      Tests [22m [1m[32m144 passed[39m[22m[90m (144)[39m;
[2026-08-06 21:27:52] 前端全部通过
[2026-08-06 21:27:53] ===== 第 201 轮结束，sleep 120 =====
[2026-08-06 21:29:53] ===== 第 202 轮开始 =====
[2026-08-06 21:29:59] 后端结果: ;
[2026-08-06 21:29:59] 后端全部通过
[2026-08-06 21:30:42] 前端结果: [2m Test Files [22m [1m[32m32 passed[39m[22m[90m (32)[39m;[2m      Tests [22m [1m[32m144 passed[39m[22m[90m (144)[39m;
[2026-08-06 21:30:42] 前端全部通过
[2026-08-06 21:30:43] ===== 第 202 轮结束，sleep 120 =====
[2026-08-06 21:32:43] ===== 第 203 轮开始 =====
[2026-08-06 21:32:49] 后端结果: ;
[2026-08-06 21:32:49] 后端全部通过
[2026-08-06 21:33:31] 前端结果: [2m Test Files [22m [1m[32m32 passed[39m[22m[90m (32)[39m;[2m      Tests [22m [1m[32m144 passed[39m[22m[90m (144)[39m;
[2026-08-06 21:33:31] 前端全部通过
[2026-08-06 21:33:32] ===== 第 203 轮结束，sleep 120 =====
[2026-08-06 21:35:32] ===== 第 204 轮开始 =====
[2026-08-06 21:35:39] 后端结果: ;
[2026-08-06 21:35:39] 后端全部通过
[2026-08-06 21:36:31] 前端结果: [2m Test Files [22m [1m[32m32 passed[39m[22m[90m (32)[39m;[2m      Tests [22m [1m[32m144 passed[39m[22m[90m (144)[39m;
[2026-08-06 21:36:31] 前端全部通过
[2026-08-06 21:36:32] ===== 第 204 轮结束，sleep 120 =====
[2026-08-06 21:38:32] ===== 第 205 轮开始 =====
[2026-08-06 21:38:39] 后端结果: ;
[2026-08-06 21:38:39] 后端全部通过
[2026-08-06 21:39:21] 前端结果: [2m Test Files [22m [1m[32m32 passed[39m[22m[90m (32)[39m;[2m      Tests [22m [1m[32m144 passed[39m[22m[90m (144)[39m;
[2026-08-06 21:39:21] 前端全部通过
[2026-08-06 21:39:22] ===== 第 205 轮结束，sleep 120 =====
[2026-08-06 21:41:22] ===== 第 206 轮开始 =====
[2026-08-06 21:41:29] 后端结果: ;
[2026-08-06 21:41:29] 后端全部通过
[2026-08-06 21:42:22] 前端结果: [2m Test Files [22m [1m[32m32 passed[39m[22m[90m (32)[39m;[2m      Tests [22m [1m[32m144 passed[39m[22m[90m (144)[39m;
[2026-08-06 21:42:22] 前端全部通过
[2026-08-06 21:42:23] ===== 第 206 轮结束，sleep 120 =====
[2026-08-06 21:44:23] ===== 第 207 轮开始 =====
[2026-08-06 21:44:29] 后端结果: ;
[2026-08-06 21:44:29] 后端全部通过
[2026-08-06 21:45:10] 前端结果: [2m Test Files [22m [1m[32m32 passed[39m[22m[90m (32)[39m;[2m      Tests [22m [1m[32m144 passed[39m[22m[90m (144)[39m;
[2026-08-06 21:45:10] 前端全部通过
[2026-08-06 21:45:11] ===== 第 207 轮结束，sleep 120 =====
[2026-08-06 21:47:11] ===== 第 208 轮开始 =====
[2026-08-06 21:47:17] 后端结果: ;
[2026-08-06 21:47:17] 后端全部通过
[2026-08-06 21:48:00] 前端结果: [2m Test Files [22m [1m[32m32 passed[39m[22m[90m (32)[39m;[2m      Tests [22m [1m[32m144 passed[39m[22m[90m (144)[39m;
[2026-08-06 21:48:00] 前端全部通过
[2026-08-06 21:48:01] ===== 第 208 轮结束，sleep 120 =====
[2026-08-06 21:50:01] ===== 第 209 轮开始 =====
[2026-08-06 21:50:07] 后端结果: ;
[2026-08-06 21:50:07] 后端全部通过
[2026-08-06 21:51:00] 前端结果: [2m Test Files [22m [1m[32m32 passed[39m[22m[90m (32)[39m;[2m      Tests [22m [1m[32m144 passed[39m[22m[90m (144)[39m;
[2026-08-06 21:51:00] 前端全部通过
[2026-08-06 21:51:01] ===== 第 209 轮结束，sleep 120 =====
[2026-08-06 21:53:01] ===== 第 210 轮开始 =====
[2026-08-06 21:53:07] 后端结果: ;
[2026-08-06 21:53:07] 后端全部通过
[2026-08-06 21:53:52] 前端结果: [2m Test Files [22m [1m[32m32 passed[39m[22m[90m (32)[39m;[2m      Tests [22m [1m[32m144 passed[39m[22m[90m (144)[39m;
[2026-08-06 21:53:52] 前端全部通过
[2026-08-06 21:53:53] ===== 第 210 轮结束，sleep 120 =====
[2026-08-06 21:55:53] ===== 第 211 轮开始 =====
[2026-08-06 21:56:00] 后端结果: ;
[2026-08-06 21:56:00] 后端全部通过
[2026-08-06 21:56:48] 前端结果: [2m Test Files [22m [1m[32m32 passed[39m[22m[90m (32)[39m;[2m      Tests [22m [1m[32m144 passed[39m[22m[90m (144)[39m;
[2026-08-06 21:56:48] 前端全部通过
[2026-08-06 21:56:49] ===== 第 211 轮结束，sleep 120 =====
[2026-08-06 21:58:49] ===== 第 212 轮开始 =====
[2026-08-06 21:58:55] 后端结果: ;
[2026-08-06 21:58:55] 后端全部通过
[2026-08-06 21:59:42] 前端结果: [2m Test Files [22m [1m[32m32 passed[39m[22m[90m (32)[39m;[2m      Tests [22m [1m[32m144 passed[39m[22m[90m (144)[39m;
[2026-08-06 21:59:42] 前端全部通过
[2026-08-06 21:59:42] ===== 第 212 轮结束，sleep 120 =====
[2026-08-06 22:01:42] ===== 第 213 轮开始 =====
[2026-08-06 22:01:49] 后端结果: ;
[2026-08-06 22:01:49] 后端全部通过
[2026-08-06 22:02:32] 前端结果: [2m Test Files [22m [1m[32m32 passed[39m[22m[90m (32)[39m;[2m      Tests [22m [1m[32m144 passed[39m[22m[90m (144)[39m;
[2026-08-06 22:02:32] 前端全部通过
[2026-08-06 22:02:33] ===== 第 213 轮结束，sleep 120 =====
[2026-08-06 22:04:33] ===== 第 214 轮开始 =====
[2026-08-06 22:04:39] 后端结果: ;
[2026-08-06 22:04:39] 后端全部通过
[2026-08-06 22:05:30] 前端结果: [2m Test Files [22m [1m[32m32 passed[39m[22m[90m (32)[39m;[2m      Tests [22m [1m[32m144 passed[39m[22m[90m (144)[39m;
[2026-08-06 22:05:30] 前端全部通过
[2026-08-06 22:05:30] ===== 第 214 轮结束，sleep 120 =====
[2026-08-06 22:07:30] ===== 第 215 轮开始 =====
[2026-08-06 22:07:37] 后端结果: ;
[2026-08-06 22:07:37] 后端全部通过
[2026-08-06 22:08:22] 前端结果: [2m Test Files [22m [1m[32m32 passed[39m[22m[90m (32)[39m;[2m      Tests [22m [1m[32m144 passed[39m[22m[90m (144)[39m;
[2026-08-06 22:08:22] 前端全部通过
[2026-08-06 22:08:22] ===== 第 215 轮结束，sleep 120 =====
[2026-08-06 22:10:22] ===== 第 216 轮开始 =====
[2026-08-06 22:10:29] 后端结果: ;
[2026-08-06 22:10:29] 后端全部通过
[2026-08-06 22:11:22] 前端结果: [2m Test Files [22m [1m[32m32 passed[39m[22m[90m (32)[39m;[2m      Tests [22m [1m[32m144 passed[39m[22m[90m (144)[39m;
[2026-08-06 22:11:22] 前端全部通过
[2026-08-06 22:11:23] ===== 第 216 轮结束，sleep 120 =====
[2026-08-06 22:13:23] ===== 第 217 轮开始 =====
[2026-08-06 22:13:30] 后端结果: ;
[2026-08-06 22:13:30] 后端全部通过
[2026-08-06 22:14:10] 前端结果: [2m Test Files [22m [1m[32m32 passed[39m[22m[90m (32)[39m;[2m      Tests [22m [1m[32m144 passed[39m[22m[90m (144)[39m;
[2026-08-06 22:14:10] 前端全部通过
[2026-08-06 22:14:11] ===== 第 217 轮结束，sleep 120 =====
[2026-08-06 22:16:11] ===== 第 218 轮开始 =====
[2026-08-06 22:16:18] 后端结果: ;
[2026-08-06 22:16:18] 后端全部通过
[2026-08-06 22:17:00] 前端结果: [2m Test Files [22m [1m[32m32 passed[39m[22m[90m (32)[39m;[2m      Tests [22m [1m[32m144 passed[39m[22m[90m (144)[39m;
[2026-08-06 22:17:00] 前端全部通过
[2026-08-06 22:17:01] ===== 第 218 轮结束，sleep 120 =====
[2026-08-06 22:19:01] ===== 第 219 轮开始 =====
[2026-08-06 22:19:07] 后端结果: ;
[2026-08-06 22:19:07] 后端全部通过
[2026-08-06 22:20:02] 前端结果: [2m Test Files [22m [1m[32m32 passed[39m[22m[90m (32)[39m;[2m      Tests [22m [1m[32m144 passed[39m[22m[90m (144)[39m;
[2026-08-06 22:20:02] 前端全部通过
[2026-08-06 22:20:03] ===== 第 219 轮结束，sleep 120 =====
[2026-08-06 22:22:03] ===== 第 220 轮开始 =====
[2026-08-06 22:22:10] 后端结果: ;
[2026-08-06 22:22:10] 后端全部通过
[2026-08-06 22:22:49] 前端结果: [2m Test Files [22m [1m[32m32 passed[39m[22m[90m (32)[39m;[2m      Tests [22m [1m[32m144 passed[39m[22m[90m (144)[39m;
[2026-08-06 22:22:49] 前端全部通过
[2026-08-06 22:22:50] ===== 第 220 轮结束，sleep 120 =====
[2026-08-06 22:24:50] ===== 第 221 轮开始 =====
[2026-08-06 22:24:57] 后端结果: ;
[2026-08-06 22:24:57] 后端全部通过
[2026-08-06 22:25:49] 前端结果: [2m Test Files [22m [1m[32m32 passed[39m[22m[90m (32)[39m;[2m      Tests [22m [1m[32m144 passed[39m[22m[90m (144)[39m;
[2026-08-06 22:25:49] 前端全部通过
[2026-08-06 22:25:50] ===== 第 221 轮结束，sleep 120 =====
[2026-08-06 22:27:50] ===== 第 222 轮开始 =====
[2026-08-06 22:27:56] 后端结果: ;
[2026-08-06 22:27:56] 后端全部通过
[2026-08-06 22:28:41] 前端结果: [2m Test Files [22m [1m[32m32 passed[39m[22m[90m (32)[39m;[2m      Tests [22m [1m[32m144 passed[39m[22m[90m (144)[39m;
[2026-08-06 22:28:41] 前端全部通过
[2026-08-06 22:28:42] ===== 第 222 轮结束，sleep 120 =====
[2026-08-06 22:30:42] ===== 第 223 轮开始 =====
[2026-08-06 22:30:48] 后端结果: ;
[2026-08-06 22:30:48] 后端全部通过
[2026-08-06 22:31:33] 前端结果: [2m Test Files [22m [1m[32m32 passed[39m[22m[90m (32)[39m;[2m      Tests [22m [1m[32m144 passed[39m[22m[90m (144)[39m;
[2026-08-06 22:31:33] 前端全部通过
[2026-08-06 22:31:34] ===== 第 223 轮结束，sleep 120 =====
[2026-08-06 22:33:34] ===== 第 224 轮开始 =====
[2026-08-06 22:33:41] 后端结果: ;
[2026-08-06 22:33:41] 后端全部通过
[2026-08-06 22:34:31] 前端结果: [2m Test Files [22m [1m[32m32 passed[39m[22m[90m (32)[39m;[2m      Tests [22m [1m[32m144 passed[39m[22m[90m (144)[39m;
[2026-08-06 22:34:32] 前端全部通过
[2026-08-06 22:34:32] ===== 第 224 轮结束，sleep 120 =====
[2026-08-06 22:36:32] ===== 第 225 轮开始 =====
[2026-08-06 22:36:39] 后端结果: ;
[2026-08-06 22:36:39] 后端全部通过
[2026-08-06 22:37:20] 前端结果: [2m Test Files [22m [1m[32m32 passed[39m[22m[90m (32)[39m;[2m      Tests [22m [1m[32m144 passed[39m[22m[90m (144)[39m;
[2026-08-06 22:37:20] 前端全部通过
[2026-08-06 22:37:20] ===== 第 225 轮结束，sleep 120 =====
[2026-08-06 22:39:20] ===== 第 226 轮开始 =====
[2026-08-06 22:39:27] 后端结果: ;
[2026-08-06 22:39:27] 后端全部通过
[2026-08-06 22:40:22] 前端结果: [2m Test Files [22m [1m[32m32 passed[39m[22m[90m (32)[39m;[2m      Tests [22m [1m[32m144 passed[39m[22m[90m (144)[39m;
[2026-08-06 22:40:22] 前端全部通过
[2026-08-06 22:40:23] ===== 第 226 轮结束，sleep 120 =====
[2026-08-06 22:42:23] ===== 第 227 轮开始 =====
[2026-08-06 22:42:29] 后端结果: ;
[2026-08-06 22:42:29] 后端全部通过
[2026-08-06 22:43:12] 前端结果: [2m Test Files [22m [1m[32m32 passed[39m[22m[90m (32)[39m;[2m      Tests [22m [1m[32m144 passed[39m[22m[90m (144)[39m;
[2026-08-06 22:43:12] 前端全部通过
[2026-08-06 22:43:13] ===== 第 227 轮结束，sleep 120 =====
[2026-08-06 22:45:13] ===== 第 228 轮开始 =====
[2026-08-06 22:45:20] 后端结果: ;
[2026-08-06 22:45:20] 后端全部通过
[2026-08-06 22:46:01] 前端结果: [2m Test Files [22m [1m[32m32 passed[39m[22m[90m (32)[39m;[2m      Tests [22m [1m[32m144 passed[39m[22m[90m (144)[39m;
[2026-08-06 22:46:01] 前端全部通过
[2026-08-06 22:46:02] ===== 第 228 轮结束，sleep 120 =====
[2026-08-06 22:48:02] ===== 第 229 轮开始 =====
[2026-08-06 22:48:08] 后端结果: ;
[2026-08-06 22:48:08] 后端全部通过
[2026-08-06 22:49:02] 前端结果: [2m Test Files [22m [1m[32m32 passed[39m[22m[90m (32)[39m;[2m      Tests [22m [1m[32m144 passed[39m[22m[90m (144)[39m;
[2026-08-06 22:49:02] 前端全部通过
[2026-08-06 22:49:03] ===== 第 229 轮结束，sleep 120 =====
[2026-08-06 22:51:03] ===== 第 230 轮开始 =====
[2026-08-06 22:51:10] 后端结果: ;
[2026-08-06 22:51:10] 后端全部通过
[2026-08-06 22:51:50] 前端结果: [2m Test Files [22m [1m[32m32 passed[39m[22m[90m (32)[39m;[2m      Tests [22m [1m[32m144 passed[39m[22m[90m (144)[39m;
[2026-08-06 22:51:50] 前端全部通过
[2026-08-06 22:51:50] ===== 第 230 轮结束，sleep 120 =====
[2026-08-06 22:53:50] ===== 第 231 轮开始 =====
[2026-08-06 22:53:57] 后端结果: ;
[2026-08-06 22:53:57] 后端全部通过
[2026-08-06 22:54:52] 前端结果: [2m Test Files [22m [1m[32m32 passed[39m[22m[90m (32)[39m;[2m      Tests [22m [1m[32m144 passed[39m[22m[90m (144)[39m;
[2026-08-06 22:54:52] 前端全部通过
[2026-08-06 22:54:53] ===== 第 231 轮结束，sleep 120 =====
[2026-08-06 22:56:53] ===== 第 232 轮开始 =====
[2026-08-06 22:56:59] 后端结果: ;
[2026-08-06 22:56:59] 后端全部通过
[2026-08-06 22:57:40] 前端结果: [2m Test Files [22m [1m[32m32 passed[39m[22m[90m (32)[39m;[2m      Tests [22m [1m[32m144 passed[39m[22m[90m (144)[39m;
[2026-08-06 22:57:40] 前端全部通过
[2026-08-06 22:57:41] ===== 第 232 轮结束，sleep 120 =====
[2026-08-06 22:59:41] ===== 第 233 轮开始 =====
[2026-08-06 22:59:48] 后端结果: ;
[2026-08-06 22:59:48] 后端全部通过
[2026-08-06 23:00:32] 前端结果: [2m Test Files [22m [1m[32m32 passed[39m[22m[90m (32)[39m;[2m      Tests [22m [1m[32m144 passed[39m[22m[90m (144)[39m;
[2026-08-06 23:00:33] 前端全部通过
[2026-08-06 23:00:33] ===== 第 233 轮结束，sleep 120 =====
[2026-08-06 23:02:33] ===== 第 234 轮开始 =====
[2026-08-06 23:02:40] 后端结果: ;
[2026-08-06 23:02:40] 后端全部通过
[2026-08-06 23:03:31] 前端结果: [2m Test Files [22m [1m[32m32 passed[39m[22m[90m (32)[39m;[2m      Tests [22m [1m[32m144 passed[39m[22m[90m (144)[39m;
[2026-08-06 23:03:32] 前端全部通过
[2026-08-06 23:03:32] ===== 第 234 轮结束，sleep 120 =====
[2026-08-06 23:05:32] ===== 第 235 轮开始 =====
[2026-08-06 23:05:39] 后端结果: ;
[2026-08-06 23:05:39] 后端全部通过
[2026-08-06 23:06:22] 前端结果: [2m Test Files [22m [1m[32m32 passed[39m[22m[90m (32)[39m;[2m      Tests [22m [1m[32m144 passed[39m[22m[90m (144)[39m;
[2026-08-06 23:06:22] 前端全部通过
[2026-08-06 23:06:22] ===== 第 235 轮结束，sleep 120 =====
[2026-08-06 23:08:22] ===== 第 236 轮开始 =====
[2026-08-06 23:08:29] 后端结果: ;
[2026-08-06 23:08:29] 后端全部通过
[2026-08-06 23:09:22] 前端结果: [2m Test Files [22m [1m[32m32 passed[39m[22m[90m (32)[39m;[2m      Tests [22m [1m[32m144 passed[39m[22m[90m (144)[39m;
[2026-08-06 23:09:22] 前端全部通过
[2026-08-06 23:09:23] ===== 第 236 轮结束，sleep 120 =====
[2026-08-06 23:11:23] ===== 第 237 轮开始 =====
[2026-08-06 23:11:30] 后端结果: ;
[2026-08-06 23:11:30] 后端全部通过
[2026-08-06 23:12:11] 前端结果: [2m Test Files [22m [1m[32m32 passed[39m[22m[90m (32)[39m;[2m      Tests [22m [1m[32m144 passed[39m[22m[90m (144)[39m;
[2026-08-06 23:12:11] 前端全部通过
[2026-08-06 23:12:12] ===== 第 237 轮结束，sleep 120 =====
[2026-08-06 23:14:12] ===== 第 238 轮开始 =====
[2026-08-06 23:14:19] 后端结果: ;
[2026-08-06 23:14:19] 后端全部通过
[2026-08-06 23:15:04] 前端结果: [2m Test Files [22m [1m[32m32 passed[39m[22m[90m (32)[39m;[2m      Tests [22m [1m[32m144 passed[39m[22m[90m (144)[39m;
[2026-08-06 23:15:04] 前端全部通过
[2026-08-06 23:15:05] ===== 第 238 轮结束，sleep 120 =====
[2026-08-06 23:17:05] ===== 第 239 轮开始 =====
[2026-08-06 23:17:12] 后端结果: ;
[2026-08-06 23:17:12] 后端全部通过
[2026-08-06 23:18:02] 前端结果: [2m Test Files [22m [1m[32m32 passed[39m[22m[90m (32)[39m;[2m      Tests [22m [1m[32m144 passed[39m[22m[90m (144)[39m;
[2026-08-06 23:18:02] 前端全部通过
[2026-08-06 23:18:03] ===== 第 239 轮结束，sleep 120 =====
[2026-08-06 23:20:03] ===== 第 240 轮开始 =====
[2026-08-06 23:20:09] 后端结果: ;
[2026-08-06 23:20:09] 后端全部通过
[2026-08-06 23:20:53] 前端结果: [2m Test Files [22m [1m[32m32 passed[39m[22m[90m (32)[39m;[2m      Tests [22m [1m[32m144 passed[39m[22m[90m (144)[39m;
[2026-08-06 23:20:53] 前端全部通过
[2026-08-06 23:20:54] ===== 第 240 轮结束，sleep 120 =====
[2026-08-06 23:22:54] ===== 第 241 轮开始 =====
[2026-08-06 23:23:01] 后端结果: ;
[2026-08-06 23:23:01] 后端全部通过
[2026-08-06 23:23:54] 前端结果: [2m Test Files [22m [1m[32m32 passed[39m[22m[90m (32)[39m;[2m      Tests [22m [1m[32m144 passed[39m[22m[90m (144)[39m;
[2026-08-06 23:23:54] 前端全部通过
[2026-08-06 23:23:55] ===== 第 241 轮结束，sleep 120 =====
[2026-08-06 23:25:55] ===== 第 242 轮开始 =====
[2026-08-06 23:26:02] 后端结果: ;
[2026-08-06 23:26:02] 后端全部通过
[2026-08-06 23:27:03] 前端结果: [2m Test Files [22m [1m[32m32 passed[39m[22m[90m (32)[39m;[2m      Tests [22m [1m[32m144 passed[39m[22m[90m (144)[39m;
[2026-08-06 23:27:03] 前端全部通过
[2026-08-06 23:27:04] ===== 第 242 轮结束，sleep 120 =====
[2026-08-06 23:29:04] ===== 第 243 轮开始 =====
[2026-08-06 23:29:10] 后端结果: ;
[2026-08-06 23:29:10] 后端全部通过
[2026-08-06 23:30:03] 前端结果: [2m Test Files [22m [1m[32m32 passed[39m[22m[90m (32)[39m;[2m      Tests [22m [1m[32m144 passed[39m[22m[90m (144)[39m;
[2026-08-06 23:30:03] 前端全部通过
[2026-08-06 23:30:04] ===== 第 243 轮结束，sleep 120 =====
[2026-08-06 23:32:04] ===== 第 244 轮开始 =====
[2026-08-06 23:32:10] 后端结果: ;
[2026-08-06 23:32:10] 后端全部通过
[2026-08-06 23:33:01] 前端结果: [2m Test Files [22m [1m[32m32 passed[39m[22m[90m (32)[39m;[2m      Tests [22m [1m[32m144 passed[39m[22m[90m (144)[39m;
[2026-08-06 23:33:01] 前端全部通过
[2026-08-06 23:33:02] ===== 第 244 轮结束，sleep 120 =====
[2026-08-06 23:35:02] ===== 第 245 轮开始 =====
[2026-08-06 23:35:09] 后端结果: ;
[2026-08-06 23:35:09] 后端全部通过
[2026-08-06 23:35:55] 前端结果: [2m Test Files [22m [1m[32m32 passed[39m[22m[90m (32)[39m;[2m      Tests [22m [1m[32m144 passed[39m[22m[90m (144)[39m;
[2026-08-06 23:35:55] 前端全部通过
[2026-08-06 23:35:55] ===== 第 245 轮结束，sleep 120 =====
[2026-08-06 23:37:55] ===== 第 246 轮开始 =====
[2026-08-06 23:38:02] 后端结果: ;
[2026-08-06 23:38:02] 后端全部通过
[2026-08-06 23:38:51] 前端结果: [2m Test Files [22m [1m[32m32 passed[39m[22m[90m (32)[39m;[2m      Tests [22m [1m[32m144 passed[39m[22m[90m (144)[39m;
[2026-08-06 23:38:51] 前端全部通过
[2026-08-06 23:38:51] ===== 第 246 轮结束，sleep 120 =====
[2026-08-06 23:40:51] ===== 第 247 轮开始 =====
[2026-08-06 23:40:58] 后端结果: ;
[2026-08-06 23:40:58] 后端全部通过
[2026-08-06 23:41:44] 前端结果: [2m Test Files [22m [1m[32m32 passed[39m[22m[90m (32)[39m;[2m      Tests [22m [1m[32m144 passed[39m[22m[90m (144)[39m;
[2026-08-06 23:41:44] 前端全部通过
[2026-08-06 23:41:45] ===== 第 247 轮结束，sleep 120 =====
[2026-08-06 23:43:45] ===== 第 248 轮开始 =====
[2026-08-06 23:43:52] 后端结果: ;
[2026-08-06 23:43:52] 后端全部通过
[2026-08-06 23:44:31] 前端结果: [2m Test Files [22m [1m[32m32 passed[39m[22m[90m (32)[39m;[2m      Tests [22m [1m[32m144 passed[39m[22m[90m (144)[39m;
[2026-08-06 23:44:31] 前端全部通过
[2026-08-06 23:44:32] ===== 第 248 轮结束，sleep 120 =====
[2026-08-06 23:46:32] ===== 第 249 轮开始 =====
[2026-08-06 23:46:39] 后端结果: ;
[2026-08-06 23:46:39] 后端全部通过
[2026-08-06 23:47:33] 前端结果: [2m Test Files [22m [1m[32m32 passed[39m[22m[90m (32)[39m;[2m      Tests [22m [1m[32m144 passed[39m[22m[90m (144)[39m;
[2026-08-06 23:47:33] 前端全部通过
[2026-08-06 23:47:34] ===== 第 249 轮结束，sleep 120 =====
[2026-08-06 23:49:34] ===== 第 250 轮开始 =====
[2026-08-06 23:49:41] 后端结果: ;
[2026-08-06 23:49:41] 后端全部通过
[2026-08-06 23:50:23] 前端结果: [2m Test Files [22m [1m[32m32 passed[39m[22m[90m (32)[39m;[2m      Tests [22m [1m[32m144 passed[39m[22m[90m (144)[39m;
[2026-08-06 23:50:23] 前端全部通过
[2026-08-06 23:50:23] ===== 第 250 轮结束，sleep 120 =====
[2026-08-06 23:52:23] ===== 第 251 轮开始 =====
[2026-08-06 23:52:30] 后端结果: ;
[2026-08-06 23:52:30] 后端全部通过
[2026-08-06 23:53:21] 前端结果: [2m Test Files [22m [1m[32m32 passed[39m[22m[90m (32)[39m;[2m      Tests [22m [1m[32m144 passed[39m[22m[90m (144)[39m;
[2026-08-06 23:53:21] 前端全部通过
[2026-08-06 23:53:22] ===== 第 251 轮结束，sleep 120 =====
[2026-08-06 23:55:22] ===== 第 252 轮开始 =====
[2026-08-06 23:55:28] 后端结果: ;
[2026-08-06 23:55:28] 后端全部通过
[2026-08-06 23:56:11] 前端结果: [2m Test Files [22m [1m[32m32 passed[39m[22m[90m (32)[39m;[2m      Tests [22m [1m[32m144 passed[39m[22m[90m (144)[39m;
[2026-08-06 23:56:11] 前端全部通过
[2026-08-06 23:56:12] ===== 第 252 轮结束，sleep 120 =====
[2026-08-06 23:58:12] ===== 第 253 轮开始 =====
[2026-08-06 23:58:18] 后端结果: ;
[2026-08-06 23:58:18] 后端全部通过
[2026-08-06 23:59:00] 前端结果: [2m Test Files [22m [1m[32m32 passed[39m[22m[90m (32)[39m;[2m      Tests [22m [1m[32m144 passed[39m[22m[90m (144)[39m;
[2026-08-06 23:59:00] 前端全部通过
[2026-08-06 23:59:01] ===== 第 253 轮结束，sleep 120 =====
[2026-08-07 00:01:01] ===== 第 254 轮开始 =====
[2026-08-07 00:01:08] 后端结果: ;
[2026-08-07 00:01:08] 后端全部通过
[2026-08-07 00:02:03] 前端结果: [2m Test Files [22m [1m[32m32 passed[39m[22m[90m (32)[39m;[2m      Tests [22m [1m[32m144 passed[39m[22m[90m (144)[39m;
[2026-08-07 00:02:03] 前端全部通过
[2026-08-07 00:02:04] ===== 第 254 轮结束，sleep 120 =====
[2026-08-07 00:04:04] ===== 第 255 轮开始 =====
[2026-08-07 00:04:11] 后端结果: ;
[2026-08-07 00:04:11] 后端全部通过
[2026-08-07 00:04:50] 前端结果: [2m Test Files [22m [1m[32m32 passed[39m[22m[90m (32)[39m;[2m      Tests [22m [1m[32m144 passed[39m[22m[90m (144)[39m;
[2026-08-07 00:04:50] 前端全部通过
[2026-08-07 00:04:51] ===== 第 255 轮结束，sleep 120 =====
[2026-08-07 00:06:51] ===== 第 256 轮开始 =====
[2026-08-07 00:06:58] 后端结果: ;
[2026-08-07 00:06:58] 后端全部通过
[2026-08-07 00:07:52] 前端结果: [2m Test Files [22m [1m[32m32 passed[39m[22m[90m (32)[39m;[2m      Tests [22m [1m[32m144 passed[39m[22m[90m (144)[39m;
[2026-08-07 00:07:52] 前端全部通过
[2026-08-07 00:07:53] ===== 第 256 轮结束，sleep 120 =====
[2026-08-07 00:09:53] ===== 第 257 轮开始 =====
[2026-08-07 00:09:59] 后端结果: ;
[2026-08-07 00:09:59] 后端全部通过
[2026-08-07 00:10:40] 前端结果: [2m Test Files [22m [1m[32m32 passed[39m[22m[90m (32)[39m;[2m      Tests [22m [1m[32m144 passed[39m[22m[90m (144)[39m;
[2026-08-07 00:10:40] 前端全部通过
[2026-08-07 00:10:41] ===== 第 257 轮结束，sleep 120 =====
[2026-08-07 00:12:41] ===== 第 258 轮开始 =====
[2026-08-07 00:12:48] 后端结果: ;
[2026-08-07 00:12:48] 后端全部通过
[2026-08-07 00:13:31] 前端结果: [2m Test Files [22m [1m[32m32 passed[39m[22m[90m (32)[39m;[2m      Tests [22m [1m[32m144 passed[39m[22m[90m (144)[39m;
[2026-08-07 00:13:31] 前端全部通过
[2026-08-07 00:13:32] ===== 第 258 轮结束，sleep 120 =====
[2026-08-07 00:15:32] ===== 第 259 轮开始 =====
[2026-08-07 00:15:39] 后端结果: ;
[2026-08-07 00:15:39] 后端全部通过
[2026-08-07 00:16:29] 前端结果: [2m Test Files [22m [1m[32m32 passed[39m[22m[90m (32)[39m;[2m      Tests [22m [1m[32m144 passed[39m[22m[90m (144)[39m;
[2026-08-07 00:16:29] 前端全部通过
[2026-08-07 00:16:30] ===== 第 259 轮结束，sleep 120 =====
[2026-08-07 00:18:30] ===== 第 260 轮开始 =====
[2026-08-07 00:18:37] 后端结果: ;
[2026-08-07 00:18:37] 后端全部通过
[2026-08-07 00:19:24] 前端结果: [2m Test Files [22m [1m[32m32 passed[39m[22m[90m (32)[39m;[2m      Tests [22m [1m[32m144 passed[39m[22m[90m (144)[39m;
[2026-08-07 00:19:24] 前端全部通过
[2026-08-07 00:19:25] ===== 第 260 轮结束，sleep 120 =====
[2026-08-07 00:21:25] ===== 第 261 轮开始 =====
[2026-08-07 00:21:32] 后端结果: ;
[2026-08-07 00:21:32] 后端全部通过
[2026-08-07 00:22:20] 前端结果: [2m Test Files [22m [1m[32m32 passed[39m[22m[90m (32)[39m;[2m      Tests [22m [1m[32m144 passed[39m[22m[90m (144)[39m;
[2026-08-07 00:22:20] 前端全部通过
[2026-08-07 00:22:21] ===== 第 261 轮结束，sleep 120 =====
[2026-08-07 00:24:21] ===== 第 262 轮开始 =====
[2026-08-07 00:24:27] 后端结果: ;
[2026-08-07 00:24:27] 后端全部通过
[2026-08-07 00:25:15] 前端结果: [2m Test Files [22m [1m[32m32 passed[39m[22m[90m (32)[39m;[2m      Tests [22m [1m[32m144 passed[39m[22m[90m (144)[39m;
[2026-08-07 00:25:15] 前端全部通过
[2026-08-07 00:25:16] ===== 第 262 轮结束，sleep 120 =====
[2026-08-07 00:27:16] ===== 第 263 轮开始 =====
[2026-08-07 00:27:23] 后端结果: ;
[2026-08-07 00:27:23] 后端全部通过
[2026-08-07 00:28:08] 前端结果: [2m Test Files [22m [1m[32m32 passed[39m[22m[90m (32)[39m;[2m      Tests [22m [1m[32m144 passed[39m[22m[90m (144)[39m;
[2026-08-07 00:28:08] 前端全部通过
[2026-08-07 00:28:09] ===== 第 263 轮结束，sleep 120 =====
[2026-08-07 00:30:09] ===== 第 264 轮开始 =====
[2026-08-07 00:30:16] 后端结果: ;
[2026-08-07 00:30:16] 后端全部通过
[2026-08-07 00:30:58] 前端结果: [2m Test Files [22m [1m[32m32 passed[39m[22m[90m (32)[39m;[2m      Tests [22m [1m[32m144 passed[39m[22m[90m (144)[39m;
[2026-08-07 00:30:59] 前端全部通过
[2026-08-07 00:30:59] ===== 第 264 轮结束，sleep 120 =====
[2026-08-07 00:32:59] ===== 第 265 轮开始 =====
[2026-08-07 00:33:06] 后端结果: ;
[2026-08-07 00:33:06] 后端全部通过
[2026-08-07 00:33:56] 前端结果: [2m Test Files [22m [1m[32m32 passed[39m[22m[90m (32)[39m;[2m      Tests [22m [1m[32m144 passed[39m[22m[90m (144)[39m;
[2026-08-07 00:33:56] 前端全部通过
[2026-08-07 00:33:57] ===== 第 265 轮结束，sleep 120 =====
[2026-08-07 00:35:57] ===== 第 266 轮开始 =====
[2026-08-07 00:36:04] 后端结果: ;
[2026-08-07 00:36:04] 后端全部通过
[2026-08-07 00:36:54] 前端结果: [2m Test Files [22m [1m[32m32 passed[39m[22m[90m (32)[39m;[2m      Tests [22m [1m[32m144 passed[39m[22m[90m (144)[39m;
[2026-08-07 00:36:54] 前端全部通过
[2026-08-07 00:36:55] ===== 第 266 轮结束，sleep 120 =====
[2026-08-07 00:38:55] ===== 第 267 轮开始 =====
[2026-08-07 00:39:01] 后端结果: ;
[2026-08-07 00:39:01] 后端全部通过
[2026-08-07 00:40:36] 前端结果: [31m⎯⎯⎯⎯⎯⎯⎯[39m[1m[41m Failed Tests 1 [49m[22m[31m⎯⎯⎯⎯⎯⎯⎯[39m;[2m Test Files [22m [1m[31m1 failed[39m[22m[2m | [22m[1m[32m31 passed[39m[22m[90m (32)[39m;[2m      Tests [22m [1m[31m1 failed[39m[22m[2m | [22m[1m[32m143 passed[39m[22m[90m (144)[39m;
[2026-08-07 00:40:36] 前端全部通过
[2026-08-07 00:40:36] ===== 第 267 轮结束，sleep 120 =====
[2026-08-07 00:42:36] ===== 第 268 轮开始 =====
[2026-08-07 00:42:43] 后端结果: ;
[2026-08-07 00:42:43] 后端全部通过
[2026-08-07 00:43:32] 前端结果: [2m Test Files [22m [1m[32m32 passed[39m[22m[90m (32)[39m;[2m      Tests [22m [1m[32m144 passed[39m[22m[90m (144)[39m;
[2026-08-07 00:43:32] 前端全部通过
[2026-08-07 00:43:33] ===== 第 268 轮结束，sleep 120 =====
[2026-08-07 00:45:33] ===== 第 269 轮开始 =====
[2026-08-07 00:45:39] 后端结果: ;
[2026-08-07 00:45:39] 后端全部通过
[2026-08-07 00:46:32] 前端结果: [2m Test Files [22m [1m[32m32 passed[39m[22m[90m (32)[39m;[2m      Tests [22m [1m[32m144 passed[39m[22m[90m (144)[39m;
[2026-08-07 00:46:32] 前端全部通过
[2026-08-07 00:46:33] ===== 第 269 轮结束，sleep 120 =====
[2026-08-07 00:48:33] ===== 第 270 轮开始 =====
[2026-08-07 00:48:40] 后端结果: ;
[2026-08-07 00:48:40] 后端全部通过
[2026-08-07 00:49:30] 前端结果: [2m Test Files [22m [1m[32m32 passed[39m[22m[90m (32)[39m;[2m      Tests [22m [1m[32m144 passed[39m[22m[90m (144)[39m;
[2026-08-07 00:49:30] 前端全部通过
[2026-08-07 00:49:31] ===== 第 270 轮结束，sleep 120 =====
[2026-08-07 00:51:31] ===== 第 271 轮开始 =====
[2026-08-07 00:51:38] 后端结果: ;
[2026-08-07 00:51:38] 后端全部通过
[2026-08-07 00:52:23] 前端结果: [2m Test Files [22m [1m[32m32 passed[39m[22m[90m (32)[39m;[2m      Tests [22m [1m[32m144 passed[39m[22m[90m (144)[39m;
[2026-08-07 00:52:23] 前端全部通过
[2026-08-07 00:52:24] ===== 第 271 轮结束，sleep 120 =====
[2026-08-07 00:54:24] ===== 第 272 轮开始 =====
[2026-08-07 00:54:31] 后端结果: ;
[2026-08-07 00:54:31] 后端全部通过
[2026-08-07 00:55:18] 前端结果: [2m Test Files [22m [1m[32m32 passed[39m[22m[90m (32)[39m;[2m      Tests [22m [1m[32m144 passed[39m[22m[90m (144)[39m;
[2026-08-07 00:55:19] 前端全部通过
[2026-08-07 00:55:19] ===== 第 272 轮结束，sleep 120 =====
[2026-08-07 00:57:19] ===== 第 273 轮开始 =====
[2026-08-07 00:57:26] 后端结果: ;
[2026-08-07 00:57:26] 后端全部通过
[2026-08-07 00:58:11] 前端结果: [2m Test Files [22m [1m[32m32 passed[39m[22m[90m (32)[39m;[2m      Tests [22m [1m[32m144 passed[39m[22m[90m (144)[39m;
[2026-08-07 00:58:11] 前端全部通过
[2026-08-07 00:58:12] ===== 第 273 轮结束，sleep 120 =====
[2026-08-07 01:00:12] ===== 第 274 轮开始 =====
[2026-08-07 01:00:19] 后端结果: ;
[2026-08-07 01:00:19] 后端全部通过
[2026-08-07 01:01:10] 前端结果: [2m Test Files [22m [1m[32m32 passed[39m[22m[90m (32)[39m;[2m      Tests [22m [1m[32m144 passed[39m[22m[90m (144)[39m;
[2026-08-07 01:01:10] 前端全部通过
[2026-08-07 01:01:11] ===== 第 274 轮结束，sleep 120 =====
[2026-08-07 01:03:11] ===== 第 275 轮开始 =====
[2026-08-07 01:03:17] 后端结果: ;
[2026-08-07 01:03:17] 后端全部通过
[2026-08-07 01:04:20] 前端结果: [2m Test Files [22m [1m[32m32 passed[39m[22m[90m (32)[39m;[2m      Tests [22m [1m[32m144 passed[39m[22m[90m (144)[39m;
[2026-08-07 01:04:21] 前端全部通过
[2026-08-07 01:04:21] ===== 第 275 轮结束，sleep 120 =====
[2026-08-07 01:06:21] ===== 第 276 轮开始 =====
[2026-08-07 01:06:29] 后端结果: ;
[2026-08-07 01:06:29] 后端全部通过
[2026-08-07 01:07:14] 前端结果: [2m Test Files [22m [1m[32m32 passed[39m[22m[90m (32)[39m;[2m      Tests [22m [1m[32m144 passed[39m[22m[90m (144)[39m;
[2026-08-07 01:07:14] 前端全部通过
[2026-08-07 01:07:15] ===== 第 276 轮结束，sleep 120 =====
[2026-08-07 01:09:15] ===== 第 277 轮开始 =====
[2026-08-07 01:09:21] 后端结果: ;
[2026-08-07 01:09:21] 后端全部通过
[2026-08-07 01:10:12] 前端结果: [2m Test Files [22m [1m[32m32 passed[39m[22m[90m (32)[39m;[2m      Tests [22m [1m[32m144 passed[39m[22m[90m (144)[39m;
[2026-08-07 01:10:12] 前端全部通过
[2026-08-07 01:10:13] ===== 第 277 轮结束，sleep 120 =====
[2026-08-07 01:12:13] ===== 第 278 轮开始 =====
[2026-08-07 01:12:20] 后端结果: ;
[2026-08-07 01:12:20] 后端全部通过
[2026-08-07 01:13:02] 前端结果: [2m Test Files [22m [1m[32m32 passed[39m[22m[90m (32)[39m;[2m      Tests [22m [1m[32m144 passed[39m[22m[90m (144)[39m;
[2026-08-07 01:13:02] 前端全部通过
[2026-08-07 01:13:03] ===== 第 278 轮结束，sleep 120 =====
[2026-08-07 01:15:03] ===== 第 279 轮开始 =====
[2026-08-07 01:15:10] 后端结果: ;
[2026-08-07 01:15:10] 后端全部通过
[2026-08-07 01:15:53] 前端结果: [2m Test Files [22m [1m[32m32 passed[39m[22m[90m (32)[39m;[2m      Tests [22m [1m[32m144 passed[39m[22m[90m (144)[39m;
[2026-08-07 01:15:53] 前端全部通过
[2026-08-07 01:15:54] ===== 第 279 轮结束，sleep 120 =====
[2026-08-07 01:17:54] ===== 第 280 轮开始 =====
[2026-08-07 01:18:11] 后端结果: ;
[2026-08-07 01:18:11] 后端全部通过
[2026-08-07 01:19:21] 前端结果: [2m Test Files [22m [1m[32m32 passed[39m[22m[90m (32)[39m;[2m      Tests [22m [1m[32m144 passed[39m[22m[90m (144)[39m;
[2026-08-07 01:19:21] 前端全部通过
[2026-08-07 01:19:22] ===== 第 280 轮结束，sleep 120 =====
[2026-08-07 01:21:22] ===== 第 281 轮开始 =====
[2026-08-07 01:21:30] 后端结果: ;
[2026-08-07 01:21:30] 后端全部通过
[2026-08-07 01:22:36] 前端结果: [2m Test Files [22m [1m[32m32 passed[39m[22m[90m (32)[39m;[2m      Tests [22m [1m[32m144 passed[39m[22m[90m (144)[39m;
[2026-08-07 01:22:36] 前端全部通过
[2026-08-07 01:22:37] ===== 第 281 轮结束，sleep 120 =====
[2026-08-07 01:24:37] ===== 第 282 轮开始 =====
[2026-08-07 01:24:45] 后端结果: ;
[2026-08-07 01:24:45] 后端全部通过
[2026-08-07 01:25:42] 前端结果: [2m Test Files [22m [1m[32m32 passed[39m[22m[90m (32)[39m;[2m      Tests [22m [1m[32m144 passed[39m[22m[90m (144)[39m;
[2026-08-07 01:25:42] 前端全部通过
[2026-08-07 01:25:44] ===== 第 282 轮结束，sleep 120 =====
[2026-08-07 01:27:44] ===== 第 283 轮开始 =====
[2026-08-07 01:27:52] 后端结果: ;
[2026-08-07 01:27:52] 后端全部通过
[2026-08-07 01:28:27] 前端结果: [2m Test Files [22m [1m[32m32 passed[39m[22m[90m (32)[39m;[2m      Tests [22m [1m[32m144 passed[39m[22m[90m (144)[39m;
[2026-08-07 01:28:27] 前端全部通过
[2026-08-07 01:28:27] ===== 第 283 轮结束，sleep 120 =====
[2026-08-07 01:30:28] ===== 第 284 轮开始 =====
[2026-08-07 01:30:37] 后端结果: ;
[2026-08-07 01:30:37] 后端全部通过
[2026-08-07 01:32:37] 前端结果: [2m Test Files [22m [1m[32m32 passed[39m[22m[90m (32)[39m;[2m      Tests [22m [1m[32m144 passed[39m[22m[90m (144)[39m;
[2026-08-07 01:32:37] 前端全部通过
[2026-08-07 01:32:38] ===== 第 284 轮结束，sleep 120 =====
[2026-08-07 01:34:42] ===== 第 285 轮开始 =====
[2026-08-07 01:35:17] 后端结果: ;
[2026-08-07 01:35:17] 后端全部通过
[2026-08-07 01:36:44] 前端结果: [2m Test Files [22m [1m[32m32 passed[39m[22m[90m (32)[39m;[2m      Tests [22m [1m[32m144 passed[39m[22m[90m (144)[39m;
[2026-08-07 01:36:44] 前端全部通过
[2026-08-07 01:36:45] ===== 第 285 轮结束，sleep 120 =====
[2026-08-07 01:38:45] ===== 第 286 轮开始 =====
[2026-08-07 01:39:15] 后端结果: ;
[2026-08-07 01:39:15] 后端全部通过
[2026-08-07 01:40:26] 前端结果: [2m Test Files [22m [1m[32m32 passed[39m[22m[90m (32)[39m;[2m      Tests [22m [1m[32m144 passed[39m[22m[90m (144)[39m;
[2026-08-07 01:40:26] 前端全部通过
[2026-08-07 01:40:26] ===== 第 286 轮结束，sleep 120 =====
[2026-08-07 01:42:27] ===== 第 287 轮开始 =====
[2026-08-07 01:42:44] 后端结果:   /workspace/agent-engine/app/models/users.py:136: PydanticDeprecatedSince20: Support for class-based `config` is deprecated, use ConfigDict instead. Deprecated in Pydantic V2.0 to be removed in V3.0. See Pydantic V2 Migration Guide at https://errors.pydantic.dev/2.13/migration/;  /workspace/agent-engine/app/models/users.py:210: PydanticDeprecatedSince20: Support for class-based `config` is deprecated, use ConfigDict instead. Deprecated in Pydantic V2.0 to be removed in V3.0. See Pydantic V2 Migration Guide at https://errors.pydantic.dev/2.13/migration/;!!!!!!!!!!!!!!!!!!!! Interrupted: 1 error during collection !!!!!!!!!!!!!!!!!!!!;4 warnings, 1 error in 0.73s;
[2026-08-07 01:42:44] backend: 记录 2 个失败到 /workspace/.monkeycode/loop/backend_fail_20260807_014244.txt
[2026-08-07 01:42:47] 后端复验:   /workspace/agent-engine/app/models/users.py:136: PydanticDeprecatedSince20: Support for class-based `config` is deprecated, use ConfigDict instead. Deprecated in Pydantic V2.0 to be removed in V3.0. See Pydantic V2 Migration Guide at https://errors.pydantic.dev/2.13/migration/;  /workspace/agent-engine/app/models/users.py:210: PydanticDeprecatedSince20: Support for class-based `config` is deprecated, use ConfigDict instead. Deprecated in Pydantic V2.0 to be removed in V3.0. See Pydantic V2 Migration Guide at https://errors.pydantic.dev/2.13/migration/;!!!!!!!!!!!!!!!!!!!! Interrupted: 1 error during collection !!!!!!!!!!!!!!!!!!!!;4 warnings, 1 error in 0.31s;
[2026-08-07 01:42:47] 后端复验通过
[2026-08-07 01:44:02] 前端结果: [2m Test Files [22m [1m[32m32 passed[39m[22m[90m (32)[39m;[2m      Tests [22m [1m[32m144 passed[39m[22m[90m (144)[39m;
[2026-08-07 01:44:02] 前端全部通过
[2026-08-07 01:44:03] ===== 第 287 轮结束，sleep 120 =====
[2026-08-07 01:46:03] ===== 第 288 轮开始 =====
[2026-08-07 01:46:34] 后端结果:   /workspace/agent-engine/app/models/users.py:136: PydanticDeprecatedSince20: Support for class-based `config` is deprecated, use ConfigDict instead. Deprecated in Pydantic V2.0 to be removed in V3.0. See Pydantic V2 Migration Guide at https://errors.pydantic.dev/2.13/migration/;  /workspace/agent-engine/app/models/users.py:210: PydanticDeprecatedSince20: Support for class-based `config` is deprecated, use ConfigDict instead. Deprecated in Pydantic V2.0 to be removed in V3.0. See Pydantic V2 Migration Guide at https://errors.pydantic.dev/2.13/migration/;!!!!!!!!!!!!!!!!!!!! Interrupted: 1 error during collection !!!!!!!!!!!!!!!!!!!!;4 warnings, 1 error in 0.89s;
[2026-08-07 01:46:34] backend: 记录 2 个失败到 /workspace/.monkeycode/loop/backend_fail_20260807_014634.txt
[2026-08-07 01:46:37] 后端复验:   /workspace/agent-engine/app/models/users.py:136: PydanticDeprecatedSince20: Support for class-based `config` is deprecated, use ConfigDict instead. Deprecated in Pydantic V2.0 to be removed in V3.0. See Pydantic V2 Migration Guide at https://errors.pydantic.dev/2.13/migration/;  /workspace/agent-engine/app/models/users.py:210: PydanticDeprecatedSince20: Support for class-based `config` is deprecated, use ConfigDict instead. Deprecated in Pydantic V2.0 to be removed in V3.0. See Pydantic V2 Migration Guide at https://errors.pydantic.dev/2.13/migration/;!!!!!!!!!!!!!!!!!!!! Interrupted: 1 error during collection !!!!!!!!!!!!!!!!!!!!;4 warnings, 1 error in 0.27s;
[2026-08-07 01:46:37] 后端复验通过
[2026-08-07 01:47:43] 前端结果: [2m Test Files [22m [1m[32m32 passed[39m[22m[90m (32)[39m;[2m      Tests [22m [1m[32m144 passed[39m[22m[90m (144)[39m;
[2026-08-07 01:47:43] 前端全部通过
[2026-08-07 01:47:43] ===== 第 288 轮结束，sleep 120 =====
[2026-08-07 01:49:43] ===== 第 289 轮开始 =====
[2026-08-07 01:49:57] 后端结果:   /workspace/agent-engine/app/models/users.py:136: PydanticDeprecatedSince20: Support for class-based `config` is deprecated, use ConfigDict instead. Deprecated in Pydantic V2.0 to be removed in V3.0. See Pydantic V2 Migration Guide at https://errors.pydantic.dev/2.13/migration/;  /workspace/agent-engine/app/models/users.py:210: PydanticDeprecatedSince20: Support for class-based `config` is deprecated, use ConfigDict instead. Deprecated in Pydantic V2.0 to be removed in V3.0. See Pydantic V2 Migration Guide at https://errors.pydantic.dev/2.13/migration/;!!!!!!!!!!!!!!!!!!!! Interrupted: 1 error during collection !!!!!!!!!!!!!!!!!!!!;4 warnings, 1 error in 0.27s;
[2026-08-07 01:49:58] backend: 记录 2 个失败到 /workspace/.monkeycode/loop/backend_fail_20260807_014957.txt
[2026-08-07 01:50:01] 后端复验:   /workspace/agent-engine/app/models/users.py:136: PydanticDeprecatedSince20: Support for class-based `config` is deprecated, use ConfigDict instead. Deprecated in Pydantic V2.0 to be removed in V3.0. See Pydantic V2 Migration Guide at https://errors.pydantic.dev/2.13/migration/;  /workspace/agent-engine/app/models/users.py:210: PydanticDeprecatedSince20: Support for class-based `config` is deprecated, use ConfigDict instead. Deprecated in Pydantic V2.0 to be removed in V3.0. See Pydantic V2 Migration Guide at https://errors.pydantic.dev/2.13/migration/;!!!!!!!!!!!!!!!!!!!! Interrupted: 1 error during collection !!!!!!!!!!!!!!!!!!!!;4 warnings, 1 error in 0.32s;
[2026-08-07 01:50:01] 后端复验通过
[2026-08-07 01:52:12] 前端结果: [31m⎯⎯⎯⎯⎯⎯⎯[39m[1m[41m Failed Tests 1 [49m[22m[31m⎯⎯⎯⎯⎯⎯⎯[39m;[2m Test Files [22m [1m[31m1 failed[39m[22m[2m | [22m[1m[32m31 passed[39m[22m[90m (32)[39m;[2m      Tests [22m [1m[31m1 failed[39m[22m[2m | [22m[1m[32m143 passed[39m[22m[90m (144)[39m;
[2026-08-07 01:52:12] 前端全部通过
[2026-08-07 01:52:13] ===== 第 289 轮结束，sleep 120 =====
[2026-08-07 01:54:20] ===== 第 290 轮开始 =====
[2026-08-07 01:54:39] 后端结果:   /workspace/agent-engine/app/models/users.py:136: PydanticDeprecatedSince20: Support for class-based `config` is deprecated, use ConfigDict instead. Deprecated in Pydantic V2.0 to be removed in V3.0. See Pydantic V2 Migration Guide at https://errors.pydantic.dev/2.13/migration/;  /workspace/agent-engine/app/models/users.py:210: PydanticDeprecatedSince20: Support for class-based `config` is deprecated, use ConfigDict instead. Deprecated in Pydantic V2.0 to be removed in V3.0. See Pydantic V2 Migration Guide at https://errors.pydantic.dev/2.13/migration/;!!!!!!!!!!!!!!!!!!!! Interrupted: 1 error during collection !!!!!!!!!!!!!!!!!!!!;4 warnings, 1 error in 0.30s;
[2026-08-07 01:54:39] backend: 记录 2 个失败到 /workspace/.monkeycode/loop/backend_fail_20260807_015439.txt
[2026-08-07 01:54:42] 后端复验:   /workspace/agent-engine/app/models/users.py:136: PydanticDeprecatedSince20: Support for class-based `config` is deprecated, use ConfigDict instead. Deprecated in Pydantic V2.0 to be removed in V3.0. See Pydantic V2 Migration Guide at https://errors.pydantic.dev/2.13/migration/;  /workspace/agent-engine/app/models/users.py:210: PydanticDeprecatedSince20: Support for class-based `config` is deprecated, use ConfigDict instead. Deprecated in Pydantic V2.0 to be removed in V3.0. See Pydantic V2 Migration Guide at https://errors.pydantic.dev/2.13/migration/;!!!!!!!!!!!!!!!!!!!! Interrupted: 1 error during collection !!!!!!!!!!!!!!!!!!!!;4 warnings, 1 error in 0.27s;
[2026-08-07 01:54:42] 后端复验通过
[2026-08-07 01:56:50] 前端结果: [2m Test Files [22m [1m[32m32 passed[39m[22m[90m (32)[39m;[2m      Tests [22m [1m[32m144 passed[39m[22m[90m (144)[39m;
[2026-08-07 01:56:50] 前端全部通过
[2026-08-07 01:56:50] ===== 第 290 轮结束，sleep 120 =====
[2026-08-07 01:58:50] ===== 第 291 轮开始 =====
[2026-08-07 01:59:05] 后端结果:   /workspace/agent-engine/app/models/users.py:136: PydanticDeprecatedSince20: Support for class-based `config` is deprecated, use ConfigDict instead. Deprecated in Pydantic V2.0 to be removed in V3.0. See Pydantic V2 Migration Guide at https://errors.pydantic.dev/2.13/migration/;  /workspace/agent-engine/app/models/users.py:210: PydanticDeprecatedSince20: Support for class-based `config` is deprecated, use ConfigDict instead. Deprecated in Pydantic V2.0 to be removed in V3.0. See Pydantic V2 Migration Guide at https://errors.pydantic.dev/2.13/migration/;!!!!!!!!!!!!!!!!!!!! Interrupted: 1 error during collection !!!!!!!!!!!!!!!!!!!!;4 warnings, 1 error in 0.45s;
[2026-08-07 01:59:05] backend: 记录 2 个失败到 /workspace/.monkeycode/loop/backend_fail_20260807_015905.txt
[2026-08-07 01:59:09] 后端复验:   /workspace/agent-engine/app/models/users.py:136: PydanticDeprecatedSince20: Support for class-based `config` is deprecated, use ConfigDict instead. Deprecated in Pydantic V2.0 to be removed in V3.0. See Pydantic V2 Migration Guide at https://errors.pydantic.dev/2.13/migration/;  /workspace/agent-engine/app/models/users.py:210: PydanticDeprecatedSince20: Support for class-based `config` is deprecated, use ConfigDict instead. Deprecated in Pydantic V2.0 to be removed in V3.0. See Pydantic V2 Migration Guide at https://errors.pydantic.dev/2.13/migration/;!!!!!!!!!!!!!!!!!!!! Interrupted: 1 error during collection !!!!!!!!!!!!!!!!!!!!;4 warnings, 1 error in 0.31s;
[2026-08-07 01:59:09] 后端复验通过
[2026-08-07 02:00:55] 前端结果: [31m⎯⎯⎯⎯⎯⎯⎯[39m[1m[41m Failed Tests 2 [49m[22m[31m⎯⎯⎯⎯⎯⎯⎯[39m;[2m Test Files [22m [1m[31m2 failed[39m[22m[2m | [22m[1m[32m30 passed[39m[22m[90m (32)[39m;[2m      Tests [22m [1m[31m2 failed[39m[22m[2m | [22m[1m[32m142 passed[39m[22m[90m (144)[39m;
[2026-08-07 02:00:55] 前端全部通过
[2026-08-07 02:00:55] ===== 第 291 轮结束，sleep 120 =====
[2026-08-07 02:02:55] ===== 第 292 轮开始 =====
[2026-08-07 02:03:24] 后端结果:   /workspace/agent-engine/app/models/users.py:136: PydanticDeprecatedSince20: Support for class-based `config` is deprecated, use ConfigDict instead. Deprecated in Pydantic V2.0 to be removed in V3.0. See Pydantic V2 Migration Guide at https://errors.pydantic.dev/2.13/migration/;  /workspace/agent-engine/app/models/users.py:210: PydanticDeprecatedSince20: Support for class-based `config` is deprecated, use ConfigDict instead. Deprecated in Pydantic V2.0 to be removed in V3.0. See Pydantic V2 Migration Guide at https://errors.pydantic.dev/2.13/migration/;!!!!!!!!!!!!!!!!!!!! Interrupted: 1 error during collection !!!!!!!!!!!!!!!!!!!!;4 warnings, 1 error in 0.45s;
[2026-08-07 02:03:25] backend: 记录 2 个失败到 /workspace/.monkeycode/loop/backend_fail_20260807_020325.txt
[2026-08-07 02:03:34] 后端复验:   /workspace/agent-engine/app/models/users.py:136: PydanticDeprecatedSince20: Support for class-based `config` is deprecated, use ConfigDict instead. Deprecated in Pydantic V2.0 to be removed in V3.0. See Pydantic V2 Migration Guide at https://errors.pydantic.dev/2.13/migration/;  /workspace/agent-engine/app/models/users.py:210: PydanticDeprecatedSince20: Support for class-based `config` is deprecated, use ConfigDict instead. Deprecated in Pydantic V2.0 to be removed in V3.0. See Pydantic V2 Migration Guide at https://errors.pydantic.dev/2.13/migration/;!!!!!!!!!!!!!!!!!!!! Interrupted: 1 error during collection !!!!!!!!!!!!!!!!!!!!;4 warnings, 1 error in 0.34s;
[2026-08-07 02:03:34] 后端复验通过
[2026-08-07 02:04:31] 前端结果: [2m Test Files [22m [1m[32m32 passed[39m[22m[90m (32)[39m;[2m      Tests [22m [1m[32m144 passed[39m[22m[90m (144)[39m;
[2026-08-07 02:04:31] 前端全部通过
[2026-08-07 02:04:33] ===== 第 292 轮结束，sleep 120 =====
[2026-08-07 02:06:40] ===== 第 293 轮开始 =====
[2026-08-07 02:07:20] 后端结果:   /workspace/agent-engine/app/models/users.py:136: PydanticDeprecatedSince20: Support for class-based `config` is deprecated, use ConfigDict instead. Deprecated in Pydantic V2.0 to be removed in V3.0. See Pydantic V2 Migration Guide at https://errors.pydantic.dev/2.13/migration/;  /workspace/agent-engine/app/models/users.py:210: PydanticDeprecatedSince20: Support for class-based `config` is deprecated, use ConfigDict instead. Deprecated in Pydantic V2.0 to be removed in V3.0. See Pydantic V2 Migration Guide at https://errors.pydantic.dev/2.13/migration/;!!!!!!!!!!!!!!!!!!!! Interrupted: 1 error during collection !!!!!!!!!!!!!!!!!!!!;4 warnings, 1 error in 0.79s;
[2026-08-07 02:07:20] backend: 记录 2 个失败到 /workspace/.monkeycode/loop/backend_fail_20260807_020720.txt
[2026-08-07 02:07:25] 后端复验:   /workspace/agent-engine/app/models/users.py:136: PydanticDeprecatedSince20: Support for class-based `config` is deprecated, use ConfigDict instead. Deprecated in Pydantic V2.0 to be removed in V3.0. See Pydantic V2 Migration Guide at https://errors.pydantic.dev/2.13/migration/;  /workspace/agent-engine/app/models/users.py:210: PydanticDeprecatedSince20: Support for class-based `config` is deprecated, use ConfigDict instead. Deprecated in Pydantic V2.0 to be removed in V3.0. See Pydantic V2 Migration Guide at https://errors.pydantic.dev/2.13/migration/;!!!!!!!!!!!!!!!!!!!! Interrupted: 1 error during collection !!!!!!!!!!!!!!!!!!!!;4 warnings, 1 error in 0.37s;
[2026-08-07 02:07:25] 后端复验通过
[2026-08-07 02:08:32] 前端结果: [2m Test Files [22m [1m[32m32 passed[39m[22m[90m (32)[39m;[2m      Tests [22m [1m[32m144 passed[39m[22m[90m (144)[39m;
[2026-08-07 02:08:32] 前端全部通过
[2026-08-07 02:08:33] ===== 第 293 轮结束，sleep 120 =====
[2026-08-07 02:10:33] ===== 第 294 轮开始 =====
[2026-08-07 02:11:13] 后端结果:   /workspace/agent-engine/app/models/users.py:136: PydanticDeprecatedSince20: Support for class-based `config` is deprecated, use ConfigDict instead. Deprecated in Pydantic V2.0 to be removed in V3.0. See Pydantic V2 Migration Guide at https://errors.pydantic.dev/2.13/migration/;  /workspace/agent-engine/app/models/users.py:210: PydanticDeprecatedSince20: Support for class-based `config` is deprecated, use ConfigDict instead. Deprecated in Pydantic V2.0 to be removed in V3.0. See Pydantic V2 Migration Guide at https://errors.pydantic.dev/2.13/migration/;!!!!!!!!!!!!!!!!!!!! Interrupted: 1 error during collection !!!!!!!!!!!!!!!!!!!!;4 warnings, 1 error in 1.02s;
[2026-08-07 02:11:13] backend: 记录 2 个失败到 /workspace/.monkeycode/loop/backend_fail_20260807_021113.txt
[2026-08-07 02:11:20] 后端复验:   /workspace/agent-engine/app/models/users.py:136: PydanticDeprecatedSince20: Support for class-based `config` is deprecated, use ConfigDict instead. Deprecated in Pydantic V2.0 to be removed in V3.0. See Pydantic V2 Migration Guide at https://errors.pydantic.dev/2.13/migration/;  /workspace/agent-engine/app/models/users.py:210: PydanticDeprecatedSince20: Support for class-based `config` is deprecated, use ConfigDict instead. Deprecated in Pydantic V2.0 to be removed in V3.0. See Pydantic V2 Migration Guide at https://errors.pydantic.dev/2.13/migration/;!!!!!!!!!!!!!!!!!!!! Interrupted: 1 error during collection !!!!!!!!!!!!!!!!!!!!;4 warnings, 1 error in 0.26s;
[2026-08-07 02:11:20] 后端复验通过
[2026-08-07 02:12:55] 前端结果: [2m Test Files [22m [1m[32m32 passed[39m[22m[90m (32)[39m;[2m      Tests [22m [1m[32m144 passed[39m[22m[90m (144)[39m;
[2026-08-07 02:12:55] 前端全部通过
[2026-08-07 02:12:55] ===== 第 294 轮结束，sleep 120 =====
[2026-08-07 02:14:56] ===== 第 295 轮开始 =====
[2026-08-07 02:15:25] 后端结果:   /workspace/agent-engine/app/models/users.py:136: PydanticDeprecatedSince20: Support for class-based `config` is deprecated, use ConfigDict instead. Deprecated in Pydantic V2.0 to be removed in V3.0. See Pydantic V2 Migration Guide at https://errors.pydantic.dev/2.13/migration/;  /workspace/agent-engine/app/models/users.py:210: PydanticDeprecatedSince20: Support for class-based `config` is deprecated, use ConfigDict instead. Deprecated in Pydantic V2.0 to be removed in V3.0. See Pydantic V2 Migration Guide at https://errors.pydantic.dev/2.13/migration/;!!!!!!!!!!!!!!!!!!!! Interrupted: 1 error during collection !!!!!!!!!!!!!!!!!!!!;4 warnings, 1 error in 1.23s;
[2026-08-07 02:15:25] backend: 记录 2 个失败到 /workspace/.monkeycode/loop/backend_fail_20260807_021525.txt
[2026-08-07 02:15:28] 后端复验:   /workspace/agent-engine/app/models/users.py:136: PydanticDeprecatedSince20: Support for class-based `config` is deprecated, use ConfigDict instead. Deprecated in Pydantic V2.0 to be removed in V3.0. See Pydantic V2 Migration Guide at https://errors.pydantic.dev/2.13/migration/;  /workspace/agent-engine/app/models/users.py:210: PydanticDeprecatedSince20: Support for class-based `config` is deprecated, use ConfigDict instead. Deprecated in Pydantic V2.0 to be removed in V3.0. See Pydantic V2 Migration Guide at https://errors.pydantic.dev/2.13/migration/;!!!!!!!!!!!!!!!!!!!! Interrupted: 1 error during collection !!!!!!!!!!!!!!!!!!!!;4 warnings, 1 error in 0.33s;
[2026-08-07 02:15:28] 后端复验通过
[2026-08-07 02:16:25] 前端结果: [2m Test Files [22m [1m[32m32 passed[39m[22m[90m (32)[39m;[2m      Tests [22m [1m[32m144 passed[39m[22m[90m (144)[39m;
[2026-08-07 02:16:25] 前端全部通过
[2026-08-07 02:16:26] ===== 第 295 轮结束，sleep 120 =====
[2026-08-07 02:18:27] ===== 第 296 轮开始 =====
[2026-08-07 02:18:36] 后端结果:   /workspace/agent-engine/app/models/users.py:136: PydanticDeprecatedSince20: Support for class-based `config` is deprecated, use ConfigDict instead. Deprecated in Pydantic V2.0 to be removed in V3.0. See Pydantic V2 Migration Guide at https://errors.pydantic.dev/2.13/migration/;  /workspace/agent-engine/app/models/users.py:210: PydanticDeprecatedSince20: Support for class-based `config` is deprecated, use ConfigDict instead. Deprecated in Pydantic V2.0 to be removed in V3.0. See Pydantic V2 Migration Guide at https://errors.pydantic.dev/2.13/migration/;!!!!!!!!!!!!!!!!!!!! Interrupted: 1 error during collection !!!!!!!!!!!!!!!!!!!!;4 warnings, 1 error in 0.86s;
[2026-08-07 02:18:37] backend: 记录 2 个失败到 /workspace/.monkeycode/loop/backend_fail_20260807_021837.txt
[2026-08-07 02:18:40] 后端复验:   /workspace/agent-engine/app/models/users.py:136: PydanticDeprecatedSince20: Support for class-based `config` is deprecated, use ConfigDict instead. Deprecated in Pydantic V2.0 to be removed in V3.0. See Pydantic V2 Migration Guide at https://errors.pydantic.dev/2.13/migration/;  /workspace/agent-engine/app/models/users.py:210: PydanticDeprecatedSince20: Support for class-based `config` is deprecated, use ConfigDict instead. Deprecated in Pydantic V2.0 to be removed in V3.0. See Pydantic V2 Migration Guide at https://errors.pydantic.dev/2.13/migration/;!!!!!!!!!!!!!!!!!!!! Interrupted: 1 error during collection !!!!!!!!!!!!!!!!!!!!;4 warnings, 1 error in 0.26s;
[2026-08-07 02:18:40] 后端复验通过
[2026-08-07 02:20:40] 前端结果: [31m⎯⎯⎯⎯⎯⎯⎯[39m[1m[41m Failed Tests 1 [49m[22m[31m⎯⎯⎯⎯⎯⎯⎯[39m;[2m Test Files [22m [1m[31m1 failed[39m[22m[2m | [22m[1m[32m31 passed[39m[22m[90m (32)[39m;[2m      Tests [22m [1m[31m1 failed[39m[22m[2m | [22m[1m[32m143 passed[39m[22m[90m (144)[39m;
[2026-08-07 02:20:40] 前端全部通过
[2026-08-07 02:20:40] ===== 第 296 轮结束，sleep 120 =====
[2026-08-07 02:22:43] ===== 第 297 轮开始 =====
[2026-08-07 02:23:02] 后端结果:   /workspace/agent-engine/app/models/users.py:136: PydanticDeprecatedSince20: Support for class-based `config` is deprecated, use ConfigDict instead. Deprecated in Pydantic V2.0 to be removed in V3.0. See Pydantic V2 Migration Guide at https://errors.pydantic.dev/2.13/migration/;  /workspace/agent-engine/app/models/users.py:210: PydanticDeprecatedSince20: Support for class-based `config` is deprecated, use ConfigDict instead. Deprecated in Pydantic V2.0 to be removed in V3.0. See Pydantic V2 Migration Guide at https://errors.pydantic.dev/2.13/migration/;!!!!!!!!!!!!!!!!!!!! Interrupted: 1 error during collection !!!!!!!!!!!!!!!!!!!!;4 warnings, 1 error in 0.36s;
[2026-08-07 02:23:02] backend: 记录 2 个失败到 /workspace/.monkeycode/loop/backend_fail_20260807_022302.txt
[2026-08-07 02:23:05] 后端复验:   /workspace/agent-engine/app/models/users.py:136: PydanticDeprecatedSince20: Support for class-based `config` is deprecated, use ConfigDict instead. Deprecated in Pydantic V2.0 to be removed in V3.0. See Pydantic V2 Migration Guide at https://errors.pydantic.dev/2.13/migration/;  /workspace/agent-engine/app/models/users.py:210: PydanticDeprecatedSince20: Support for class-based `config` is deprecated, use ConfigDict instead. Deprecated in Pydantic V2.0 to be removed in V3.0. See Pydantic V2 Migration Guide at https://errors.pydantic.dev/2.13/migration/;!!!!!!!!!!!!!!!!!!!! Interrupted: 1 error during collection !!!!!!!!!!!!!!!!!!!!;4 warnings, 1 error in 0.31s;
[2026-08-07 02:23:05] 后端复验通过
[2026-08-07 02:24:48] 前端结果: [2m Test Files [22m [1m[32m32 passed[39m[22m[90m (32)[39m;[2m      Tests [22m [1m[32m144 passed[39m[22m[90m (144)[39m;
[2026-08-07 02:24:48] 前端全部通过
[2026-08-07 02:24:49] ===== 第 297 轮结束，sleep 120 =====
[2026-08-07 02:26:49] ===== 第 298 轮开始 =====
[2026-08-07 02:27:02] 后端结果:   /workspace/agent-engine/app/models/users.py:136: PydanticDeprecatedSince20: Support for class-based `config` is deprecated, use ConfigDict instead. Deprecated in Pydantic V2.0 to be removed in V3.0. See Pydantic V2 Migration Guide at https://errors.pydantic.dev/2.13/migration/;  /workspace/agent-engine/app/models/users.py:210: PydanticDeprecatedSince20: Support for class-based `config` is deprecated, use ConfigDict instead. Deprecated in Pydantic V2.0 to be removed in V3.0. See Pydantic V2 Migration Guide at https://errors.pydantic.dev/2.13/migration/;!!!!!!!!!!!!!!!!!!!! Interrupted: 1 error during collection !!!!!!!!!!!!!!!!!!!!;4 warnings, 1 error in 0.34s;
[2026-08-07 02:27:02] backend: 记录 2 个失败到 /workspace/.monkeycode/loop/backend_fail_20260807_022702.txt
[2026-08-07 02:27:06] 后端复验:   /workspace/agent-engine/app/models/users.py:136: PydanticDeprecatedSince20: Support for class-based `config` is deprecated, use ConfigDict instead. Deprecated in Pydantic V2.0 to be removed in V3.0. See Pydantic V2 Migration Guide at https://errors.pydantic.dev/2.13/migration/;  /workspace/agent-engine/app/models/users.py:210: PydanticDeprecatedSince20: Support for class-based `config` is deprecated, use ConfigDict instead. Deprecated in Pydantic V2.0 to be removed in V3.0. See Pydantic V2 Migration Guide at https://errors.pydantic.dev/2.13/migration/;!!!!!!!!!!!!!!!!!!!! Interrupted: 1 error during collection !!!!!!!!!!!!!!!!!!!!;4 warnings, 1 error in 0.30s;
[2026-08-07 02:27:06] 后端复验通过
[2026-08-07 02:28:06] 前端结果: [2m Test Files [22m [1m[32m32 passed[39m[22m[90m (32)[39m;[2m      Tests [22m [1m[32m144 passed[39m[22m[90m (144)[39m;
[2026-08-07 02:28:06] 前端全部通过
[2026-08-07 02:28:07] ===== 第 298 轮结束，sleep 120 =====
[2026-08-07 02:30:07] ===== 第 299 轮开始 =====
[2026-08-07 02:30:19] 后端结果:   /workspace/agent-engine/app/models/users.py:136: PydanticDeprecatedSince20: Support for class-based `config` is deprecated, use ConfigDict instead. Deprecated in Pydantic V2.0 to be removed in V3.0. See Pydantic V2 Migration Guide at https://errors.pydantic.dev/2.13/migration/;  /workspace/agent-engine/app/models/users.py:210: PydanticDeprecatedSince20: Support for class-based `config` is deprecated, use ConfigDict instead. Deprecated in Pydantic V2.0 to be removed in V3.0. See Pydantic V2 Migration Guide at https://errors.pydantic.dev/2.13/migration/;!!!!!!!!!!!!!!!!!!!! Interrupted: 1 error during collection !!!!!!!!!!!!!!!!!!!!;4 warnings, 1 error in 0.35s;
[2026-08-07 02:30:19] backend: 记录 2 个失败到 /workspace/.monkeycode/loop/backend_fail_20260807_023019.txt
[2026-08-07 02:30:25] 后端复验:   /workspace/agent-engine/app/models/users.py:136: PydanticDeprecatedSince20: Support for class-based `config` is deprecated, use ConfigDict instead. Deprecated in Pydantic V2.0 to be removed in V3.0. See Pydantic V2 Migration Guide at https://errors.pydantic.dev/2.13/migration/;  /workspace/agent-engine/app/models/users.py:210: PydanticDeprecatedSince20: Support for class-based `config` is deprecated, use ConfigDict instead. Deprecated in Pydantic V2.0 to be removed in V3.0. See Pydantic V2 Migration Guide at https://errors.pydantic.dev/2.13/migration/;!!!!!!!!!!!!!!!!!!!! Interrupted: 1 error during collection !!!!!!!!!!!!!!!!!!!!;4 warnings, 1 error in 0.31s;
[2026-08-07 02:30:25] 后端复验通过
[2026-08-07 02:31:04] 前端结果: [2m Test Files [22m [1m[32m32 passed[39m[22m[90m (32)[39m;[2m      Tests [22m [1m[32m144 passed[39m[22m[90m (144)[39m;
[2026-08-07 02:31:04] 前端全部通过
[2026-08-07 02:31:05] ===== 第 299 轮结束，sleep 120 =====
[2026-08-07 02:33:05] ===== 第 300 轮开始 =====
[2026-08-07 02:33:17] 后端结果:   /workspace/agent-engine/app/models/users.py:136: PydanticDeprecatedSince20: Support for class-based `config` is deprecated, use ConfigDict instead. Deprecated in Pydantic V2.0 to be removed in V3.0. See Pydantic V2 Migration Guide at https://errors.pydantic.dev/2.13/migration/;  /workspace/agent-engine/app/models/users.py:210: PydanticDeprecatedSince20: Support for class-based `config` is deprecated, use ConfigDict instead. Deprecated in Pydantic V2.0 to be removed in V3.0. See Pydantic V2 Migration Guide at https://errors.pydantic.dev/2.13/migration/;!!!!!!!!!!!!!!!!!!!! Interrupted: 1 error during collection !!!!!!!!!!!!!!!!!!!!;4 warnings, 1 error in 0.28s;
[2026-08-07 02:33:17] backend: 记录 2 个失败到 /workspace/.monkeycode/loop/backend_fail_20260807_023317.txt
[2026-08-07 02:33:22] 后端复验:   /workspace/agent-engine/app/models/users.py:136: PydanticDeprecatedSince20: Support for class-based `config` is deprecated, use ConfigDict instead. Deprecated in Pydantic V2.0 to be removed in V3.0. See Pydantic V2 Migration Guide at https://errors.pydantic.dev/2.13/migration/;  /workspace/agent-engine/app/models/users.py:210: PydanticDeprecatedSince20: Support for class-based `config` is deprecated, use ConfigDict instead. Deprecated in Pydantic V2.0 to be removed in V3.0. See Pydantic V2 Migration Guide at https://errors.pydantic.dev/2.13/migration/;!!!!!!!!!!!!!!!!!!!! Interrupted: 1 error during collection !!!!!!!!!!!!!!!!!!!!;4 warnings, 1 error in 0.34s;
[2026-08-07 02:33:22] 后端复验通过
[2026-08-07 02:34:15] 前端结果: [2m Test Files [22m [1m[32m32 passed[39m[22m[90m (32)[39m;[2m      Tests [22m [1m[32m144 passed[39m[22m[90m (144)[39m;
[2026-08-07 02:34:15] 前端全部通过
[2026-08-07 02:34:16] ===== 第 300 轮结束，sleep 120 =====
[2026-08-07 02:36:16] ===== 第 301 轮开始 =====
[2026-08-07 02:36:28] 后端结果:   /workspace/agent-engine/app/models/users.py:136: PydanticDeprecatedSince20: Support for class-based `config` is deprecated, use ConfigDict instead. Deprecated in Pydantic V2.0 to be removed in V3.0. See Pydantic V2 Migration Guide at https://errors.pydantic.dev/2.13/migration/;  /workspace/agent-engine/app/models/users.py:210: PydanticDeprecatedSince20: Support for class-based `config` is deprecated, use ConfigDict instead. Deprecated in Pydantic V2.0 to be removed in V3.0. See Pydantic V2 Migration Guide at https://errors.pydantic.dev/2.13/migration/;!!!!!!!!!!!!!!!!!!!! Interrupted: 1 error during collection !!!!!!!!!!!!!!!!!!!!;4 warnings, 1 error in 0.31s;
[2026-08-07 02:36:28] backend: 记录 2 个失败到 /workspace/.monkeycode/loop/backend_fail_20260807_023628.txt
[2026-08-07 02:36:33] 后端复验:   /workspace/agent-engine/app/models/users.py:136: PydanticDeprecatedSince20: Support for class-based `config` is deprecated, use ConfigDict instead. Deprecated in Pydantic V2.0 to be removed in V3.0. See Pydantic V2 Migration Guide at https://errors.pydantic.dev/2.13/migration/;  /workspace/agent-engine/app/models/users.py:210: PydanticDeprecatedSince20: Support for class-based `config` is deprecated, use ConfigDict instead. Deprecated in Pydantic V2.0 to be removed in V3.0. See Pydantic V2 Migration Guide at https://errors.pydantic.dev/2.13/migration/;!!!!!!!!!!!!!!!!!!!! Interrupted: 1 error during collection !!!!!!!!!!!!!!!!!!!!;4 warnings, 1 error in 0.29s;
[2026-08-07 02:36:33] 后端复验通过
[2026-08-07 02:37:32] 前端结果: [31m⎯⎯⎯⎯⎯⎯⎯[39m[1m[41m Failed Tests 1 [49m[22m[31m⎯⎯⎯⎯⎯⎯⎯[39m;[2m Test Files [22m [1m[31m1 failed[39m[22m[2m | [22m[1m[32m31 passed[39m[22m[90m (32)[39m;[2m      Tests [22m [1m[31m1 failed[39m[22m[2m | [22m[1m[32m143 passed[39m[22m[90m (144)[39m;
[2026-08-07 02:37:33] 前端全部通过
[2026-08-07 02:37:33] ===== 第 301 轮结束，sleep 120 =====
[2026-08-07 02:39:33] ===== 第 302 轮开始 =====
[2026-08-07 02:39:45] 后端结果:   /workspace/agent-engine/app/models/users.py:136: PydanticDeprecatedSince20: Support for class-based `config` is deprecated, use ConfigDict instead. Deprecated in Pydantic V2.0 to be removed in V3.0. See Pydantic V2 Migration Guide at https://errors.pydantic.dev/2.13/migration/;  /workspace/agent-engine/app/models/users.py:210: PydanticDeprecatedSince20: Support for class-based `config` is deprecated, use ConfigDict instead. Deprecated in Pydantic V2.0 to be removed in V3.0. See Pydantic V2 Migration Guide at https://errors.pydantic.dev/2.13/migration/;!!!!!!!!!!!!!!!!!!!! Interrupted: 1 error during collection !!!!!!!!!!!!!!!!!!!!;4 warnings, 1 error in 0.29s;
[2026-08-07 02:39:45] backend: 记录 2 个失败到 /workspace/.monkeycode/loop/backend_fail_20260807_023945.txt
[2026-08-07 02:39:50] 后端复验:   /workspace/agent-engine/app/models/users.py:136: PydanticDeprecatedSince20: Support for class-based `config` is deprecated, use ConfigDict instead. Deprecated in Pydantic V2.0 to be removed in V3.0. See Pydantic V2 Migration Guide at https://errors.pydantic.dev/2.13/migration/;  /workspace/agent-engine/app/models/users.py:210: PydanticDeprecatedSince20: Support for class-based `config` is deprecated, use ConfigDict instead. Deprecated in Pydantic V2.0 to be removed in V3.0. See Pydantic V2 Migration Guide at https://errors.pydantic.dev/2.13/migration/;!!!!!!!!!!!!!!!!!!!! Interrupted: 1 error during collection !!!!!!!!!!!!!!!!!!!!;4 warnings, 1 error in 0.30s;
[2026-08-07 02:39:50] 后端复验通过
[2026-08-07 02:41:07] 前端结果: [2m Test Files [22m [1m[32m32 passed[39m[22m[90m (32)[39m;[2m      Tests [22m [1m[32m144 passed[39m[22m[90m (144)[39m;
[2026-08-07 02:41:07] 前端全部通过
[2026-08-07 02:41:08] ===== 第 302 轮结束，sleep 120 =====
[2026-08-07 02:43:08] ===== 第 303 轮开始 =====
[2026-08-07 02:43:20] 后端结果:   /workspace/agent-engine/app/models/users.py:136: PydanticDeprecatedSince20: Support for class-based `config` is deprecated, use ConfigDict instead. Deprecated in Pydantic V2.0 to be removed in V3.0. See Pydantic V2 Migration Guide at https://errors.pydantic.dev/2.13/migration/;  /workspace/agent-engine/app/models/users.py:210: PydanticDeprecatedSince20: Support for class-based `config` is deprecated, use ConfigDict instead. Deprecated in Pydantic V2.0 to be removed in V3.0. See Pydantic V2 Migration Guide at https://errors.pydantic.dev/2.13/migration/;!!!!!!!!!!!!!!!!!!!! Interrupted: 1 error during collection !!!!!!!!!!!!!!!!!!!!;4 warnings, 1 error in 0.32s;
[2026-08-07 02:43:20] backend: 记录 2 个失败到 /workspace/.monkeycode/loop/backend_fail_20260807_024320.txt
[2026-08-07 02:43:25] 后端复验:   /workspace/agent-engine/app/models/users.py:136: PydanticDeprecatedSince20: Support for class-based `config` is deprecated, use ConfigDict instead. Deprecated in Pydantic V2.0 to be removed in V3.0. See Pydantic V2 Migration Guide at https://errors.pydantic.dev/2.13/migration/;  /workspace/agent-engine/app/models/users.py:210: PydanticDeprecatedSince20: Support for class-based `config` is deprecated, use ConfigDict instead. Deprecated in Pydantic V2.0 to be removed in V3.0. See Pydantic V2 Migration Guide at https://errors.pydantic.dev/2.13/migration/;!!!!!!!!!!!!!!!!!!!! Interrupted: 1 error during collection !!!!!!!!!!!!!!!!!!!!;4 warnings, 1 error in 0.28s;
[2026-08-07 02:43:25] 后端复验通过
[2026-08-07 02:44:03] 前端结果: [2m Test Files [22m [1m[32m32 passed[39m[22m[90m (32)[39m;[2m      Tests [22m [1m[32m144 passed[39m[22m[90m (144)[39m;
[2026-08-07 02:44:04] 前端全部通过
[2026-08-07 02:44:04] ===== 第 303 轮结束，sleep 120 =====
[2026-08-07 02:46:04] ===== 第 304 轮开始 =====
[2026-08-07 02:46:16] 后端结果:   /workspace/agent-engine/app/models/users.py:136: PydanticDeprecatedSince20: Support for class-based `config` is deprecated, use ConfigDict instead. Deprecated in Pydantic V2.0 to be removed in V3.0. See Pydantic V2 Migration Guide at https://errors.pydantic.dev/2.13/migration/;  /workspace/agent-engine/app/models/users.py:210: PydanticDeprecatedSince20: Support for class-based `config` is deprecated, use ConfigDict instead. Deprecated in Pydantic V2.0 to be removed in V3.0. See Pydantic V2 Migration Guide at https://errors.pydantic.dev/2.13/migration/;!!!!!!!!!!!!!!!!!!!! Interrupted: 1 error during collection !!!!!!!!!!!!!!!!!!!!;4 warnings, 1 error in 0.33s;
[2026-08-07 02:46:16] backend: 记录 2 个失败到 /workspace/.monkeycode/loop/backend_fail_20260807_024616.txt
[2026-08-07 02:46:22] 后端复验:   /workspace/agent-engine/app/models/users.py:136: PydanticDeprecatedSince20: Support for class-based `config` is deprecated, use ConfigDict instead. Deprecated in Pydantic V2.0 to be removed in V3.0. See Pydantic V2 Migration Guide at https://errors.pydantic.dev/2.13/migration/;  /workspace/agent-engine/app/models/users.py:210: PydanticDeprecatedSince20: Support for class-based `config` is deprecated, use ConfigDict instead. Deprecated in Pydantic V2.0 to be removed in V3.0. See Pydantic V2 Migration Guide at https://errors.pydantic.dev/2.13/migration/;!!!!!!!!!!!!!!!!!!!! Interrupted: 1 error during collection !!!!!!!!!!!!!!!!!!!!;4 warnings, 1 error in 0.25s;
[2026-08-07 02:46:22] 后端复验通过
[2026-08-07 02:47:05] 前端结果: [2m Test Files [22m [1m[32m32 passed[39m[22m[90m (32)[39m;[2m      Tests [22m [1m[32m144 passed[39m[22m[90m (144)[39m;
[2026-08-07 02:47:05] 前端全部通过
[2026-08-07 02:47:06] ===== 第 304 轮结束，sleep 120 =====
[2026-08-07 02:49:06] ===== 第 305 轮开始 =====
[2026-08-07 02:49:18] 后端结果:   /workspace/agent-engine/app/models/users.py:136: PydanticDeprecatedSince20: Support for class-based `config` is deprecated, use ConfigDict instead. Deprecated in Pydantic V2.0 to be removed in V3.0. See Pydantic V2 Migration Guide at https://errors.pydantic.dev/2.13/migration/;  /workspace/agent-engine/app/models/users.py:210: PydanticDeprecatedSince20: Support for class-based `config` is deprecated, use ConfigDict instead. Deprecated in Pydantic V2.0 to be removed in V3.0. See Pydantic V2 Migration Guide at https://errors.pydantic.dev/2.13/migration/;!!!!!!!!!!!!!!!!!!!! Interrupted: 1 error during collection !!!!!!!!!!!!!!!!!!!!;4 warnings, 1 error in 0.26s;
[2026-08-07 02:49:18] backend: 记录 2 个失败到 /workspace/.monkeycode/loop/backend_fail_20260807_024918.txt
[2026-08-07 02:49:23] 后端复验:   /workspace/agent-engine/app/models/users.py:136: PydanticDeprecatedSince20: Support for class-based `config` is deprecated, use ConfigDict instead. Deprecated in Pydantic V2.0 to be removed in V3.0. See Pydantic V2 Migration Guide at https://errors.pydantic.dev/2.13/migration/;  /workspace/agent-engine/app/models/users.py:210: PydanticDeprecatedSince20: Support for class-based `config` is deprecated, use ConfigDict instead. Deprecated in Pydantic V2.0 to be removed in V3.0. See Pydantic V2 Migration Guide at https://errors.pydantic.dev/2.13/migration/;!!!!!!!!!!!!!!!!!!!! Interrupted: 1 error during collection !!!!!!!!!!!!!!!!!!!!;4 warnings, 1 error in 0.32s;
[2026-08-07 02:49:23] 后端复验通过
[2026-08-07 02:50:14] 前端结果: [2m Test Files [22m [1m[32m32 passed[39m[22m[90m (32)[39m;[2m      Tests [22m [1m[32m144 passed[39m[22m[90m (144)[39m;
[2026-08-07 02:50:14] 前端全部通过
[2026-08-07 02:50:15] ===== 第 305 轮结束，sleep 120 =====
[2026-08-07 02:52:15] ===== 第 306 轮开始 =====
[2026-08-07 02:52:27] 后端结果:   /workspace/agent-engine/app/models/users.py:136: PydanticDeprecatedSince20: Support for class-based `config` is deprecated, use ConfigDict instead. Deprecated in Pydantic V2.0 to be removed in V3.0. See Pydantic V2 Migration Guide at https://errors.pydantic.dev/2.13/migration/;  /workspace/agent-engine/app/models/users.py:210: PydanticDeprecatedSince20: Support for class-based `config` is deprecated, use ConfigDict instead. Deprecated in Pydantic V2.0 to be removed in V3.0. See Pydantic V2 Migration Guide at https://errors.pydantic.dev/2.13/migration/;!!!!!!!!!!!!!!!!!!!! Interrupted: 1 error during collection !!!!!!!!!!!!!!!!!!!!;4 warnings, 1 error in 0.26s;
[2026-08-07 02:52:27] backend: 记录 2 个失败到 /workspace/.monkeycode/loop/backend_fail_20260807_025227.txt
[2026-08-07 02:52:32] 后端复验:   /workspace/agent-engine/app/models/users.py:136: PydanticDeprecatedSince20: Support for class-based `config` is deprecated, use ConfigDict instead. Deprecated in Pydantic V2.0 to be removed in V3.0. See Pydantic V2 Migration Guide at https://errors.pydantic.dev/2.13/migration/;  /workspace/agent-engine/app/models/users.py:210: PydanticDeprecatedSince20: Support for class-based `config` is deprecated, use ConfigDict instead. Deprecated in Pydantic V2.0 to be removed in V3.0. See Pydantic V2 Migration Guide at https://errors.pydantic.dev/2.13/migration/;!!!!!!!!!!!!!!!!!!!! Interrupted: 1 error during collection !!!!!!!!!!!!!!!!!!!!;4 warnings, 1 error in 0.26s;
[2026-08-07 02:52:32] 后端复验通过
[2026-08-07 02:53:10] 前端结果: [2m Test Files [22m [1m[32m32 passed[39m[22m[90m (32)[39m;[2m      Tests [22m [1m[32m144 passed[39m[22m[90m (144)[39m;
[2026-08-07 02:53:10] 前端全部通过
[2026-08-07 02:53:11] ===== 第 306 轮结束，sleep 120 =====
[2026-08-07 02:55:11] ===== 第 307 轮开始 =====
[2026-08-07 02:55:23] 后端结果:   /workspace/agent-engine/app/models/users.py:136: PydanticDeprecatedSince20: Support for class-based `config` is deprecated, use ConfigDict instead. Deprecated in Pydantic V2.0 to be removed in V3.0. See Pydantic V2 Migration Guide at https://errors.pydantic.dev/2.13/migration/;  /workspace/agent-engine/app/models/users.py:210: PydanticDeprecatedSince20: Support for class-based `config` is deprecated, use ConfigDict instead. Deprecated in Pydantic V2.0 to be removed in V3.0. See Pydantic V2 Migration Guide at https://errors.pydantic.dev/2.13/migration/;!!!!!!!!!!!!!!!!!!!! Interrupted: 1 error during collection !!!!!!!!!!!!!!!!!!!!;4 warnings, 1 error in 0.28s;
[2026-08-07 02:55:23] backend: 记录 2 个失败到 /workspace/.monkeycode/loop/backend_fail_20260807_025523.txt
[2026-08-07 02:55:28] 后端复验:   /workspace/agent-engine/app/models/users.py:136: PydanticDeprecatedSince20: Support for class-based `config` is deprecated, use ConfigDict instead. Deprecated in Pydantic V2.0 to be removed in V3.0. See Pydantic V2 Migration Guide at https://errors.pydantic.dev/2.13/migration/;  /workspace/agent-engine/app/models/users.py:210: PydanticDeprecatedSince20: Support for class-based `config` is deprecated, use ConfigDict instead. Deprecated in Pydantic V2.0 to be removed in V3.0. See Pydantic V2 Migration Guide at https://errors.pydantic.dev/2.13/migration/;!!!!!!!!!!!!!!!!!!!! Interrupted: 1 error during collection !!!!!!!!!!!!!!!!!!!!;4 warnings, 1 error in 0.25s;
[2026-08-07 02:55:28] 后端复验通过
[2026-08-07 02:56:13] 前端结果: [2m Test Files [22m [1m[32m32 passed[39m[22m[90m (32)[39m;[2m      Tests [22m [1m[32m144 passed[39m[22m[90m (144)[39m;
[2026-08-07 02:56:13] 前端全部通过
[2026-08-07 02:56:14] ===== 第 307 轮结束，sleep 120 =====
[2026-08-07 02:58:14] ===== 第 308 轮开始 =====
[2026-08-07 02:58:26] 后端结果:   /workspace/agent-engine/app/models/users.py:136: PydanticDeprecatedSince20: Support for class-based `config` is deprecated, use ConfigDict instead. Deprecated in Pydantic V2.0 to be removed in V3.0. See Pydantic V2 Migration Guide at https://errors.pydantic.dev/2.13/migration/;  /workspace/agent-engine/app/models/users.py:210: PydanticDeprecatedSince20: Support for class-based `config` is deprecated, use ConfigDict instead. Deprecated in Pydantic V2.0 to be removed in V3.0. See Pydantic V2 Migration Guide at https://errors.pydantic.dev/2.13/migration/;!!!!!!!!!!!!!!!!!!!! Interrupted: 1 error during collection !!!!!!!!!!!!!!!!!!!!;4 warnings, 1 error in 0.27s;
[2026-08-07 02:58:26] backend: 记录 2 个失败到 /workspace/.monkeycode/loop/backend_fail_20260807_025826.txt
[2026-08-07 02:58:30] 后端复验:   /workspace/agent-engine/app/models/users.py:136: PydanticDeprecatedSince20: Support for class-based `config` is deprecated, use ConfigDict instead. Deprecated in Pydantic V2.0 to be removed in V3.0. See Pydantic V2 Migration Guide at https://errors.pydantic.dev/2.13/migration/;  /workspace/agent-engine/app/models/users.py:210: PydanticDeprecatedSince20: Support for class-based `config` is deprecated, use ConfigDict instead. Deprecated in Pydantic V2.0 to be removed in V3.0. See Pydantic V2 Migration Guide at https://errors.pydantic.dev/2.13/migration/;!!!!!!!!!!!!!!!!!!!! Interrupted: 1 error during collection !!!!!!!!!!!!!!!!!!!!;4 warnings, 1 error in 0.26s;
[2026-08-07 02:58:30] 后端复验通过
[2026-08-07 02:59:20] 前端结果: [2m Test Files [22m [1m[32m32 passed[39m[22m[90m (32)[39m;[2m      Tests [22m [1m[32m144 passed[39m[22m[90m (144)[39m;
[2026-08-07 02:59:20] 前端全部通过
[2026-08-07 02:59:21] ===== 第 308 轮结束，sleep 120 =====
[2026-08-07 03:01:21] ===== 第 309 轮开始 =====
[2026-08-07 03:01:33] 后端结果:   /workspace/agent-engine/app/models/users.py:136: PydanticDeprecatedSince20: Support for class-based `config` is deprecated, use ConfigDict instead. Deprecated in Pydantic V2.0 to be removed in V3.0. See Pydantic V2 Migration Guide at https://errors.pydantic.dev/2.13/migration/;  /workspace/agent-engine/app/models/users.py:210: PydanticDeprecatedSince20: Support for class-based `config` is deprecated, use ConfigDict instead. Deprecated in Pydantic V2.0 to be removed in V3.0. See Pydantic V2 Migration Guide at https://errors.pydantic.dev/2.13/migration/;!!!!!!!!!!!!!!!!!!!! Interrupted: 1 error during collection !!!!!!!!!!!!!!!!!!!!;4 warnings, 1 error in 0.25s;
[2026-08-07 03:01:33] backend: 记录 2 个失败到 /workspace/.monkeycode/loop/backend_fail_20260807_030133.txt
[2026-08-07 03:01:39] 后端复验:   /workspace/agent-engine/app/models/users.py:136: PydanticDeprecatedSince20: Support for class-based `config` is deprecated, use ConfigDict instead. Deprecated in Pydantic V2.0 to be removed in V3.0. See Pydantic V2 Migration Guide at https://errors.pydantic.dev/2.13/migration/;  /workspace/agent-engine/app/models/users.py:210: PydanticDeprecatedSince20: Support for class-based `config` is deprecated, use ConfigDict instead. Deprecated in Pydantic V2.0 to be removed in V3.0. See Pydantic V2 Migration Guide at https://errors.pydantic.dev/2.13/migration/;!!!!!!!!!!!!!!!!!!!! Interrupted: 1 error during collection !!!!!!!!!!!!!!!!!!!!;4 warnings, 1 error in 0.27s;
[2026-08-07 03:01:39] 后端复验通过
[2026-08-07 03:02:20] 前端结果: [2m Test Files [22m [1m[32m32 passed[39m[22m[90m (32)[39m;[2m      Tests [22m [1m[32m144 passed[39m[22m[90m (144)[39m;
[2026-08-07 03:02:20] 前端全部通过
[2026-08-07 03:02:21] ===== 第 309 轮结束，sleep 120 =====
[2026-08-07 03:04:21] ===== 第 310 轮开始 =====
[2026-08-07 03:04:33] 后端结果:   /workspace/agent-engine/app/models/users.py:136: PydanticDeprecatedSince20: Support for class-based `config` is deprecated, use ConfigDict instead. Deprecated in Pydantic V2.0 to be removed in V3.0. See Pydantic V2 Migration Guide at https://errors.pydantic.dev/2.13/migration/;  /workspace/agent-engine/app/models/users.py:210: PydanticDeprecatedSince20: Support for class-based `config` is deprecated, use ConfigDict instead. Deprecated in Pydantic V2.0 to be removed in V3.0. See Pydantic V2 Migration Guide at https://errors.pydantic.dev/2.13/migration/;!!!!!!!!!!!!!!!!!!!! Interrupted: 1 error during collection !!!!!!!!!!!!!!!!!!!!;4 warnings, 1 error in 0.26s;
[2026-08-07 03:04:33] backend: 记录 2 个失败到 /workspace/.monkeycode/loop/backend_fail_20260807_030433.txt
[2026-08-07 03:04:40] 后端复验:   /workspace/agent-engine/app/models/users.py:136: PydanticDeprecatedSince20: Support for class-based `config` is deprecated, use ConfigDict instead. Deprecated in Pydantic V2.0 to be removed in V3.0. See Pydantic V2 Migration Guide at https://errors.pydantic.dev/2.13/migration/;  /workspace/agent-engine/app/models/users.py:210: PydanticDeprecatedSince20: Support for class-based `config` is deprecated, use ConfigDict instead. Deprecated in Pydantic V2.0 to be removed in V3.0. See Pydantic V2 Migration Guide at https://errors.pydantic.dev/2.13/migration/;!!!!!!!!!!!!!!!!!!!! Interrupted: 1 error during collection !!!!!!!!!!!!!!!!!!!!;4 warnings, 1 error in 0.27s;
[2026-08-07 03:04:40] 后端复验通过
[2026-08-07 03:05:20] 前端结果: [2m Test Files [22m [1m[32m32 passed[39m[22m[90m (32)[39m;[2m      Tests [22m [1m[32m144 passed[39m[22m[90m (144)[39m;
[2026-08-07 03:05:20] 前端全部通过
[2026-08-07 03:05:21] ===== 第 310 轮结束，sleep 120 =====
[2026-08-07 03:07:21] ===== 第 311 轮开始 =====
[2026-08-07 03:07:33] 后端结果:   /workspace/agent-engine/app/models/users.py:136: PydanticDeprecatedSince20: Support for class-based `config` is deprecated, use ConfigDict instead. Deprecated in Pydantic V2.0 to be removed in V3.0. See Pydantic V2 Migration Guide at https://errors.pydantic.dev/2.13/migration/;  /workspace/agent-engine/app/models/users.py:210: PydanticDeprecatedSince20: Support for class-based `config` is deprecated, use ConfigDict instead. Deprecated in Pydantic V2.0 to be removed in V3.0. See Pydantic V2 Migration Guide at https://errors.pydantic.dev/2.13/migration/;!!!!!!!!!!!!!!!!!!!! Interrupted: 1 error during collection !!!!!!!!!!!!!!!!!!!!;4 warnings, 1 error in 0.27s;
[2026-08-07 03:07:33] backend: 记录 2 个失败到 /workspace/.monkeycode/loop/backend_fail_20260807_030733.txt
[2026-08-07 03:07:36] 后端复验:   /workspace/agent-engine/app/models/users.py:136: PydanticDeprecatedSince20: Support for class-based `config` is deprecated, use ConfigDict instead. Deprecated in Pydantic V2.0 to be removed in V3.0. See Pydantic V2 Migration Guide at https://errors.pydantic.dev/2.13/migration/;  /workspace/agent-engine/app/models/users.py:210: PydanticDeprecatedSince20: Support for class-based `config` is deprecated, use ConfigDict instead. Deprecated in Pydantic V2.0 to be removed in V3.0. See Pydantic V2 Migration Guide at https://errors.pydantic.dev/2.13/migration/;!!!!!!!!!!!!!!!!!!!! Interrupted: 1 error during collection !!!!!!!!!!!!!!!!!!!!;4 warnings, 1 error in 0.33s;
[2026-08-07 03:07:36] 后端复验通过
[2026-08-07 03:08:14] 前端结果: [2m Test Files [22m [1m[32m32 passed[39m[22m[90m (32)[39m;[2m      Tests [22m [1m[32m144 passed[39m[22m[90m (144)[39m;
[2026-08-07 03:08:14] 前端全部通过
[2026-08-07 03:08:15] ===== 第 311 轮结束，sleep 120 =====
[2026-08-07 03:10:15] ===== 第 312 轮开始 =====
[2026-08-07 03:10:27] 后端结果:   /workspace/agent-engine/app/models/users.py:136: PydanticDeprecatedSince20: Support for class-based `config` is deprecated, use ConfigDict instead. Deprecated in Pydantic V2.0 to be removed in V3.0. See Pydantic V2 Migration Guide at https://errors.pydantic.dev/2.13/migration/;  /workspace/agent-engine/app/models/users.py:210: PydanticDeprecatedSince20: Support for class-based `config` is deprecated, use ConfigDict instead. Deprecated in Pydantic V2.0 to be removed in V3.0. See Pydantic V2 Migration Guide at https://errors.pydantic.dev/2.13/migration/;!!!!!!!!!!!!!!!!!!!! Interrupted: 1 error during collection !!!!!!!!!!!!!!!!!!!!;4 warnings, 1 error in 0.29s;
[2026-08-07 03:10:27] backend: 记录 2 个失败到 /workspace/.monkeycode/loop/backend_fail_20260807_031027.txt
[2026-08-07 03:10:32] 后端复验:   /workspace/agent-engine/app/models/users.py:136: PydanticDeprecatedSince20: Support for class-based `config` is deprecated, use ConfigDict instead. Deprecated in Pydantic V2.0 to be removed in V3.0. See Pydantic V2 Migration Guide at https://errors.pydantic.dev/2.13/migration/;  /workspace/agent-engine/app/models/users.py:210: PydanticDeprecatedSince20: Support for class-based `config` is deprecated, use ConfigDict instead. Deprecated in Pydantic V2.0 to be removed in V3.0. See Pydantic V2 Migration Guide at https://errors.pydantic.dev/2.13/migration/;!!!!!!!!!!!!!!!!!!!! Interrupted: 1 error during collection !!!!!!!!!!!!!!!!!!!!;4 warnings, 1 error in 0.28s;
[2026-08-07 03:10:32] 后端复验通过
[2026-08-07 03:11:23] 前端结果: [31m⎯⎯⎯⎯⎯⎯⎯[39m[1m[41m Failed Tests 1 [49m[22m[31m⎯⎯⎯⎯⎯⎯⎯[39m;[2m Test Files [22m [1m[31m1 failed[39m[22m[2m | [22m[1m[32m31 passed[39m[22m[90m (32)[39m;[2m      Tests [22m [1m[31m1 failed[39m[22m[2m | [22m[1m[32m143 passed[39m[22m[90m (144)[39m;
[2026-08-07 03:11:23] 前端全部通过
[2026-08-07 03:11:24] ===== 第 312 轮结束，sleep 120 =====
[2026-08-07 03:13:24] ===== 第 313 轮开始 =====
[2026-08-07 03:13:49] 后端结果:   /workspace/agent-engine/app/models/users.py:136: PydanticDeprecatedSince20: Support for class-based `config` is deprecated, use ConfigDict instead. Deprecated in Pydantic V2.0 to be removed in V3.0. See Pydantic V2 Migration Guide at https://errors.pydantic.dev/2.13/migration/;  /workspace/agent-engine/app/models/users.py:210: PydanticDeprecatedSince20: Support for class-based `config` is deprecated, use ConfigDict instead. Deprecated in Pydantic V2.0 to be removed in V3.0. See Pydantic V2 Migration Guide at https://errors.pydantic.dev/2.13/migration/;!!!!!!!!!!!!!!!!!!!! Interrupted: 1 error during collection !!!!!!!!!!!!!!!!!!!!;4 warnings, 1 error in 1.31s;
[2026-08-07 03:13:49] backend: 记录 2 个失败到 /workspace/.monkeycode/loop/backend_fail_20260807_031349.txt
[2026-08-07 03:14:37] 后端复验:   /workspace/agent-engine/app/models/users.py:136: PydanticDeprecatedSince20: Support for class-based `config` is deprecated, use ConfigDict instead. Deprecated in Pydantic V2.0 to be removed in V3.0. See Pydantic V2 Migration Guide at https://errors.pydantic.dev/2.13/migration/;  /workspace/agent-engine/app/models/users.py:210: PydanticDeprecatedSince20: Support for class-based `config` is deprecated, use ConfigDict instead. Deprecated in Pydantic V2.0 to be removed in V3.0. See Pydantic V2 Migration Guide at https://errors.pydantic.dev/2.13/migration/;!!!!!!!!!!!!!!!!!!!! Interrupted: 1 error during collection !!!!!!!!!!!!!!!!!!!!;4 warnings, 1 error in 25.66s;
[2026-08-07 03:14:37] 后端复验通过
[2026-08-07 03:16:11] 前端结果: [2m Test Files [22m [1m[32m32 passed[39m[22m[90m (32)[39m;[2m      Tests [22m [1m[32m144 passed[39m[22m[90m (144)[39m;
[2026-08-07 03:16:11] 前端全部通过
[2026-08-07 03:16:12] ===== 第 313 轮结束，sleep 120 =====
[2026-08-07 03:18:15] ===== 第 314 轮开始 =====
[2026-08-07 03:19:08] 后端结果:   /workspace/agent-engine/app/models/users.py:136: PydanticDeprecatedSince20: Support for class-based `config` is deprecated, use ConfigDict instead. Deprecated in Pydantic V2.0 to be removed in V3.0. See Pydantic V2 Migration Guide at https://errors.pydantic.dev/2.13/migration/;  /workspace/agent-engine/app/models/users.py:210: PydanticDeprecatedSince20: Support for class-based `config` is deprecated, use ConfigDict instead. Deprecated in Pydantic V2.0 to be removed in V3.0. See Pydantic V2 Migration Guide at https://errors.pydantic.dev/2.13/migration/;!!!!!!!!!!!!!!!!!!!! Interrupted: 1 error during collection !!!!!!!!!!!!!!!!!!!!;4 warnings, 1 error in 0.41s;
[2026-08-07 03:19:08] backend: 记录 2 个失败到 /workspace/.monkeycode/loop/backend_fail_20260807_031908.txt
[2026-08-07 03:19:11] 后端复验:   /workspace/agent-engine/app/models/users.py:136: PydanticDeprecatedSince20: Support for class-based `config` is deprecated, use ConfigDict instead. Deprecated in Pydantic V2.0 to be removed in V3.0. See Pydantic V2 Migration Guide at https://errors.pydantic.dev/2.13/migration/;  /workspace/agent-engine/app/models/users.py:210: PydanticDeprecatedSince20: Support for class-based `config` is deprecated, use ConfigDict instead. Deprecated in Pydantic V2.0 to be removed in V3.0. See Pydantic V2 Migration Guide at https://errors.pydantic.dev/2.13/migration/;!!!!!!!!!!!!!!!!!!!! Interrupted: 1 error during collection !!!!!!!!!!!!!!!!!!!!;4 warnings, 1 error in 0.27s;
[2026-08-07 03:19:11] 后端复验通过
[2026-08-07 03:20:40] 前端结果: [2m Test Files [22m [1m[32m32 passed[39m[22m[90m (32)[39m;[2m      Tests [22m [1m[32m144 passed[39m[22m[90m (144)[39m;
[2026-08-07 03:20:40] 前端全部通过
[2026-08-07 03:20:42] ===== 第 314 轮结束，sleep 120 =====
[2026-08-07 03:22:42] ===== 第 315 轮开始 =====
[2026-08-07 03:23:06] 后端结果:   /workspace/agent-engine/app/models/users.py:136: PydanticDeprecatedSince20: Support for class-based `config` is deprecated, use ConfigDict instead. Deprecated in Pydantic V2.0 to be removed in V3.0. See Pydantic V2 Migration Guide at https://errors.pydantic.dev/2.13/migration/;  /workspace/agent-engine/app/models/users.py:210: PydanticDeprecatedSince20: Support for class-based `config` is deprecated, use ConfigDict instead. Deprecated in Pydantic V2.0 to be removed in V3.0. See Pydantic V2 Migration Guide at https://errors.pydantic.dev/2.13/migration/;!!!!!!!!!!!!!!!!!!!! Interrupted: 1 error during collection !!!!!!!!!!!!!!!!!!!!;4 warnings, 1 error in 1.11s;
[2026-08-07 03:23:06] backend: 记录 2 个失败到 /workspace/.monkeycode/loop/backend_fail_20260807_032306.txt
[2026-08-07 03:23:19] 后端复验:   /workspace/agent-engine/app/models/users.py:136: PydanticDeprecatedSince20: Support for class-based `config` is deprecated, use ConfigDict instead. Deprecated in Pydantic V2.0 to be removed in V3.0. See Pydantic V2 Migration Guide at https://errors.pydantic.dev/2.13/migration/;  /workspace/agent-engine/app/models/users.py:210: PydanticDeprecatedSince20: Support for class-based `config` is deprecated, use ConfigDict instead. Deprecated in Pydantic V2.0 to be removed in V3.0. See Pydantic V2 Migration Guide at https://errors.pydantic.dev/2.13/migration/;!!!!!!!!!!!!!!!!!!!! Interrupted: 1 error during collection !!!!!!!!!!!!!!!!!!!!;4 warnings, 1 error in 0.28s;
[2026-08-07 03:23:19] 后端复验通过
[2026-08-07 03:24:50] 前端结果: [31m⎯⎯⎯⎯⎯⎯⎯[39m[1m[41m Failed Tests 1 [49m[22m[31m⎯⎯⎯⎯⎯⎯⎯[39m;[2m Test Files [22m [1m[31m1 failed[39m[22m[2m | [22m[1m[32m31 passed[39m[22m[90m (32)[39m;[2m      Tests [22m [1m[31m1 failed[39m[22m[2m | [22m[1m[32m143 passed[39m[22m[90m (144)[39m;
[2026-08-07 03:24:50] 前端全部通过
[2026-08-07 03:24:50] ===== 第 315 轮结束，sleep 120 =====
[2026-08-07 03:26:50] ===== 第 316 轮开始 =====
[2026-08-07 03:27:06] 后端结果: ;
[2026-08-07 03:27:06] 后端全部通过
[2026-08-07 03:29:30] 前端结果: [31m⎯⎯⎯⎯⎯⎯⎯[39m[1m[41m Failed Tests 1 [49m[22m[31m⎯⎯⎯⎯⎯⎯⎯[39m;[2m Test Files [22m [1m[31m1 failed[39m[22m[2m | [22m[1m[32m31 passed[39m[22m[90m (32)[39m;[2m      Tests [22m [1m[31m1 failed[39m[22m[2m | [22m[1m[32m143 passed[39m[22m[90m (144)[39m;
[2026-08-07 03:29:30] 前端全部通过
[2026-08-07 03:29:31] ===== 第 316 轮结束，sleep 120 =====
[2026-08-07 03:31:31] ===== 第 317 轮开始 =====
[2026-08-07 03:31:48] 后端结果:   /workspace/agent-engine/app/models/users.py:136: PydanticDeprecatedSince20: Support for class-based `config` is deprecated, use ConfigDict instead. Deprecated in Pydantic V2.0 to be removed in V3.0. See Pydantic V2 Migration Guide at https://errors.pydantic.dev/2.13/migration/;  /workspace/agent-engine/app/models/users.py:210: PydanticDeprecatedSince20: Support for class-based `config` is deprecated, use ConfigDict instead. Deprecated in Pydantic V2.0 to be removed in V3.0. See Pydantic V2 Migration Guide at https://errors.pydantic.dev/2.13/migration/;!!!!!!!!!!!!!!!!!!!! Interrupted: 1 error during collection !!!!!!!!!!!!!!!!!!!!;4 warnings, 1 error in 1.01s;
[2026-08-07 03:31:48] backend: 记录 2 个失败到 /workspace/.monkeycode/loop/backend_fail_20260807_033148.txt
[2026-08-07 03:31:52] 后端复验:   /workspace/agent-engine/app/models/users.py:136: PydanticDeprecatedSince20: Support for class-based `config` is deprecated, use ConfigDict instead. Deprecated in Pydantic V2.0 to be removed in V3.0. See Pydantic V2 Migration Guide at https://errors.pydantic.dev/2.13/migration/;  /workspace/agent-engine/app/models/users.py:210: PydanticDeprecatedSince20: Support for class-based `config` is deprecated, use ConfigDict instead. Deprecated in Pydantic V2.0 to be removed in V3.0. See Pydantic V2 Migration Guide at https://errors.pydantic.dev/2.13/migration/;!!!!!!!!!!!!!!!!!!!! Interrupted: 1 error during collection !!!!!!!!!!!!!!!!!!!!;4 warnings, 1 error in 0.30s;
[2026-08-07 03:31:52] 后端复验通过
[2026-08-07 03:34:33] 前端结果: [2m Test Files [22m [1m[32m32 passed[39m[22m[90m (32)[39m;[2m      Tests [22m [1m[32m144 passed[39m[22m[90m (144)[39m;
[2026-08-07 03:34:33] 前端全部通过
[2026-08-07 03:34:34] ===== 第 317 轮结束，sleep 120 =====
[2026-08-07 03:36:34] ===== 第 318 轮开始 =====
[2026-08-07 03:36:53] 后端结果:   /workspace/agent-engine/app/models/users.py:136: PydanticDeprecatedSince20: Support for class-based `config` is deprecated, use ConfigDict instead. Deprecated in Pydantic V2.0 to be removed in V3.0. See Pydantic V2 Migration Guide at https://errors.pydantic.dev/2.13/migration/;  /workspace/agent-engine/app/models/users.py:210: PydanticDeprecatedSince20: Support for class-based `config` is deprecated, use ConfigDict instead. Deprecated in Pydantic V2.0 to be removed in V3.0. See Pydantic V2 Migration Guide at https://errors.pydantic.dev/2.13/migration/;!!!!!!!!!!!!!!!!!!!! Interrupted: 1 error during collection !!!!!!!!!!!!!!!!!!!!;4 warnings, 1 error in 0.29s;
[2026-08-07 03:36:53] backend: 记录 2 个失败到 /workspace/.monkeycode/loop/backend_fail_20260807_033653.txt
[2026-08-07 03:36:59] 后端复验:   /workspace/agent-engine/app/models/users.py:136: PydanticDeprecatedSince20: Support for class-based `config` is deprecated, use ConfigDict instead. Deprecated in Pydantic V2.0 to be removed in V3.0. See Pydantic V2 Migration Guide at https://errors.pydantic.dev/2.13/migration/;  /workspace/agent-engine/app/models/users.py:210: PydanticDeprecatedSince20: Support for class-based `config` is deprecated, use ConfigDict instead. Deprecated in Pydantic V2.0 to be removed in V3.0. See Pydantic V2 Migration Guide at https://errors.pydantic.dev/2.13/migration/;!!!!!!!!!!!!!!!!!!!! Interrupted: 1 error during collection !!!!!!!!!!!!!!!!!!!!;4 warnings, 1 error in 0.35s;
[2026-08-07 03:36:59] 后端复验通过
[2026-08-07 03:38:30] 前端结果: [31m⎯⎯⎯⎯⎯⎯⎯[39m[1m[41m Failed Tests 1 [49m[22m[31m⎯⎯⎯⎯⎯⎯⎯[39m;[2m Test Files [22m [1m[31m1 failed[39m[22m[2m | [22m[1m[32m31 passed[39m[22m[90m (32)[39m;[2m      Tests [22m [1m[31m1 failed[39m[22m[2m | [22m[1m[32m143 passed[39m[22m[90m (144)[39m;
[2026-08-07 03:38:30] 前端全部通过
[2026-08-07 03:38:32] ===== 第 318 轮结束，sleep 120 =====
[2026-08-07 03:40:32] ===== 第 319 轮开始 =====
[2026-08-07 03:42:01] 后端结果:   /workspace/agent-engine/app/models/users.py:136: PydanticDeprecatedSince20: Support for class-based `config` is deprecated, use ConfigDict instead. Deprecated in Pydantic V2.0 to be removed in V3.0. See Pydantic V2 Migration Guide at https://errors.pydantic.dev/2.13/migration/;  /workspace/agent-engine/app/models/users.py:210: PydanticDeprecatedSince20: Support for class-based `config` is deprecated, use ConfigDict instead. Deprecated in Pydantic V2.0 to be removed in V3.0. See Pydantic V2 Migration Guide at https://errors.pydantic.dev/2.13/migration/;!!!!!!!!!!!!!!!!!!!! Interrupted: 1 error during collection !!!!!!!!!!!!!!!!!!!!;4 warnings, 1 error in 2.16s;
[2026-08-07 03:42:01] backend: 记录 2 个失败到 /workspace/.monkeycode/loop/backend_fail_20260807_034201.txt
[2026-08-07 03:42:16] 后端复验:   /workspace/agent-engine/app/models/users.py:136: PydanticDeprecatedSince20: Support for class-based `config` is deprecated, use ConfigDict instead. Deprecated in Pydantic V2.0 to be removed in V3.0. See Pydantic V2 Migration Guide at https://errors.pydantic.dev/2.13/migration/;  /workspace/agent-engine/app/models/users.py:210: PydanticDeprecatedSince20: Support for class-based `config` is deprecated, use ConfigDict instead. Deprecated in Pydantic V2.0 to be removed in V3.0. See Pydantic V2 Migration Guide at https://errors.pydantic.dev/2.13/migration/;!!!!!!!!!!!!!!!!!!!! Interrupted: 1 error during collection !!!!!!!!!!!!!!!!!!!!;4 warnings, 1 error in 0.35s;
[2026-08-07 03:42:16] 后端复验通过
[2026-08-07 03:43:30] 前端结果: [2m Test Files [22m [1m[32m32 passed[39m[22m[90m (32)[39m;[2m      Tests [22m [1m[32m144 passed[39m[22m[90m (144)[39m;
[2026-08-07 03:43:30] 前端全部通过
[2026-08-07 03:43:30] ===== 第 319 轮结束，sleep 120 =====
[2026-08-07 03:45:30] ===== 第 320 轮开始 =====
[2026-08-07 03:45:43] 后端结果:   /workspace/agent-engine/app/models/users.py:136: PydanticDeprecatedSince20: Support for class-based `config` is deprecated, use ConfigDict instead. Deprecated in Pydantic V2.0 to be removed in V3.0. See Pydantic V2 Migration Guide at https://errors.pydantic.dev/2.13/migration/;  /workspace/agent-engine/app/models/users.py:210: PydanticDeprecatedSince20: Support for class-based `config` is deprecated, use ConfigDict instead. Deprecated in Pydantic V2.0 to be removed in V3.0. See Pydantic V2 Migration Guide at https://errors.pydantic.dev/2.13/migration/;!!!!!!!!!!!!!!!!!!!! Interrupted: 1 error during collection !!!!!!!!!!!!!!!!!!!!;4 warnings, 1 error in 0.30s;
[2026-08-07 03:45:43] backend: 记录 2 个失败到 /workspace/.monkeycode/loop/backend_fail_20260807_034543.txt
[2026-08-07 03:45:46] 后端复验:   /workspace/agent-engine/app/models/users.py:136: PydanticDeprecatedSince20: Support for class-based `config` is deprecated, use ConfigDict instead. Deprecated in Pydantic V2.0 to be removed in V3.0. See Pydantic V2 Migration Guide at https://errors.pydantic.dev/2.13/migration/;  /workspace/agent-engine/app/models/users.py:210: PydanticDeprecatedSince20: Support for class-based `config` is deprecated, use ConfigDict instead. Deprecated in Pydantic V2.0 to be removed in V3.0. See Pydantic V2 Migration Guide at https://errors.pydantic.dev/2.13/migration/;!!!!!!!!!!!!!!!!!!!! Interrupted: 1 error during collection !!!!!!!!!!!!!!!!!!!!;4 warnings, 1 error in 0.25s;
[2026-08-07 03:45:46] 后端复验通过
[2026-08-07 03:46:58] 前端结果: [2m Test Files [22m [1m[32m32 passed[39m[22m[90m (32)[39m;[2m      Tests [22m [1m[32m144 passed[39m[22m[90m (144)[39m;
[2026-08-07 03:46:58] 前端全部通过
[2026-08-07 03:46:58] ===== 第 320 轮结束，sleep 120 =====
[2026-08-07 03:49:00] ===== 第 321 轮开始 =====
[2026-08-07 03:49:30] 后端结果:   /workspace/agent-engine/app/models/users.py:136: PydanticDeprecatedSince20: Support for class-based `config` is deprecated, use ConfigDict instead. Deprecated in Pydantic V2.0 to be removed in V3.0. See Pydantic V2 Migration Guide at https://errors.pydantic.dev/2.13/migration/;  /workspace/agent-engine/app/models/users.py:210: PydanticDeprecatedSince20: Support for class-based `config` is deprecated, use ConfigDict instead. Deprecated in Pydantic V2.0 to be removed in V3.0. See Pydantic V2 Migration Guide at https://errors.pydantic.dev/2.13/migration/;!!!!!!!!!!!!!!!!!!!! Interrupted: 1 error during collection !!!!!!!!!!!!!!!!!!!!;4 warnings, 1 error in 1.06s;
[2026-08-07 03:49:30] backend: 记录 2 个失败到 /workspace/.monkeycode/loop/backend_fail_20260807_034930.txt
[2026-08-07 03:49:33] 后端复验:   /workspace/agent-engine/app/models/users.py:136: PydanticDeprecatedSince20: Support for class-based `config` is deprecated, use ConfigDict instead. Deprecated in Pydantic V2.0 to be removed in V3.0. See Pydantic V2 Migration Guide at https://errors.pydantic.dev/2.13/migration/;  /workspace/agent-engine/app/models/users.py:210: PydanticDeprecatedSince20: Support for class-based `config` is deprecated, use ConfigDict instead. Deprecated in Pydantic V2.0 to be removed in V3.0. See Pydantic V2 Migration Guide at https://errors.pydantic.dev/2.13/migration/;!!!!!!!!!!!!!!!!!!!! Interrupted: 1 error during collection !!!!!!!!!!!!!!!!!!!!;4 warnings, 1 error in 0.25s;
[2026-08-07 03:49:33] 后端复验通过
[2026-08-07 03:51:05] 前端结果: [2m Test Files [22m [1m[32m32 passed[39m[22m[90m (32)[39m;[2m      Tests [22m [1m[32m144 passed[39m[22m[90m (144)[39m;
[2026-08-07 03:51:05] 前端全部通过
[2026-08-07 03:51:05] ===== 第 321 轮结束，sleep 120 =====
[2026-08-07 03:53:11] ===== 第 322 轮开始 =====
[2026-08-07 03:54:07] 后端结果:   /workspace/agent-engine/app/models/users.py:136: PydanticDeprecatedSince20: Support for class-based `config` is deprecated, use ConfigDict instead. Deprecated in Pydantic V2.0 to be removed in V3.0. See Pydantic V2 Migration Guide at https://errors.pydantic.dev/2.13/migration/;  /workspace/agent-engine/app/models/users.py:210: PydanticDeprecatedSince20: Support for class-based `config` is deprecated, use ConfigDict instead. Deprecated in Pydantic V2.0 to be removed in V3.0. See Pydantic V2 Migration Guide at https://errors.pydantic.dev/2.13/migration/;!!!!!!!!!!!!!!!!!!!! Interrupted: 1 error during collection !!!!!!!!!!!!!!!!!!!!;4 warnings, 1 error in 1.40s;
[2026-08-07 03:54:07] backend: 记录 2 个失败到 /workspace/.monkeycode/loop/backend_fail_20260807_035407.txt
[2026-08-07 03:54:10] 后端复验:   /workspace/agent-engine/app/models/users.py:136: PydanticDeprecatedSince20: Support for class-based `config` is deprecated, use ConfigDict instead. Deprecated in Pydantic V2.0 to be removed in V3.0. See Pydantic V2 Migration Guide at https://errors.pydantic.dev/2.13/migration/;  /workspace/agent-engine/app/models/users.py:210: PydanticDeprecatedSince20: Support for class-based `config` is deprecated, use ConfigDict instead. Deprecated in Pydantic V2.0 to be removed in V3.0. See Pydantic V2 Migration Guide at https://errors.pydantic.dev/2.13/migration/;!!!!!!!!!!!!!!!!!!!! Interrupted: 1 error during collection !!!!!!!!!!!!!!!!!!!!;4 warnings, 1 error in 0.28s;
[2026-08-07 03:54:10] 后端复验通过
[2026-08-07 03:55:46] 前端结果: [2m Test Files [22m [1m[32m32 passed[39m[22m[90m (32)[39m;[2m      Tests [22m [1m[32m144 passed[39m[22m[90m (144)[39m;
[2026-08-07 03:55:47] 前端全部通过
[2026-08-07 03:55:47] ===== 第 322 轮结束，sleep 120 =====
[2026-08-07 03:57:48] ===== 第 323 轮开始 =====
[2026-08-07 03:58:09] 后端结果:   /workspace/agent-engine/app/models/users.py:136: PydanticDeprecatedSince20: Support for class-based `config` is deprecated, use ConfigDict instead. Deprecated in Pydantic V2.0 to be removed in V3.0. See Pydantic V2 Migration Guide at https://errors.pydantic.dev/2.13/migration/;  /workspace/agent-engine/app/models/users.py:210: PydanticDeprecatedSince20: Support for class-based `config` is deprecated, use ConfigDict instead. Deprecated in Pydantic V2.0 to be removed in V3.0. See Pydantic V2 Migration Guide at https://errors.pydantic.dev/2.13/migration/;!!!!!!!!!!!!!!!!!!!! Interrupted: 1 error during collection !!!!!!!!!!!!!!!!!!!!;4 warnings, 1 error in 0.91s;
[2026-08-07 03:58:09] backend: 记录 2 个失败到 /workspace/.monkeycode/loop/backend_fail_20260807_035809.txt
[2026-08-07 03:58:12] 后端复验:   /workspace/agent-engine/app/models/users.py:136: PydanticDeprecatedSince20: Support for class-based `config` is deprecated, use ConfigDict instead. Deprecated in Pydantic V2.0 to be removed in V3.0. See Pydantic V2 Migration Guide at https://errors.pydantic.dev/2.13/migration/;  /workspace/agent-engine/app/models/users.py:210: PydanticDeprecatedSince20: Support for class-based `config` is deprecated, use ConfigDict instead. Deprecated in Pydantic V2.0 to be removed in V3.0. See Pydantic V2 Migration Guide at https://errors.pydantic.dev/2.13/migration/;!!!!!!!!!!!!!!!!!!!! Interrupted: 1 error during collection !!!!!!!!!!!!!!!!!!!!;4 warnings, 1 error in 0.25s;
[2026-08-07 03:58:12] 后端复验通过
[2026-08-07 03:59:29] 前端结果: [2m Test Files [22m [1m[32m32 passed[39m[22m[90m (32)[39m;[2m      Tests [22m [1m[32m144 passed[39m[22m[90m (144)[39m;
[2026-08-07 03:59:29] 前端全部通过
[2026-08-07 03:59:29] ===== 第 323 轮结束，sleep 120 =====
[2026-08-07 04:01:29] ===== 第 324 轮开始 =====
[2026-08-07 04:01:59] 后端结果:   /workspace/agent-engine/app/models/users.py:136: PydanticDeprecatedSince20: Support for class-based `config` is deprecated, use ConfigDict instead. Deprecated in Pydantic V2.0 to be removed in V3.0. See Pydantic V2 Migration Guide at https://errors.pydantic.dev/2.13/migration/;  /workspace/agent-engine/app/models/users.py:210: PydanticDeprecatedSince20: Support for class-based `config` is deprecated, use ConfigDict instead. Deprecated in Pydantic V2.0 to be removed in V3.0. See Pydantic V2 Migration Guide at https://errors.pydantic.dev/2.13/migration/;!!!!!!!!!!!!!!!!!!!! Interrupted: 1 error during collection !!!!!!!!!!!!!!!!!!!!;4 warnings, 1 error in 0.84s;
[2026-08-07 04:01:59] backend: 记录 2 个失败到 /workspace/.monkeycode/loop/backend_fail_20260807_040159.txt
[2026-08-07 04:02:02] 后端复验:   /workspace/agent-engine/app/models/users.py:136: PydanticDeprecatedSince20: Support for class-based `config` is deprecated, use ConfigDict instead. Deprecated in Pydantic V2.0 to be removed in V3.0. See Pydantic V2 Migration Guide at https://errors.pydantic.dev/2.13/migration/;  /workspace/agent-engine/app/models/users.py:210: PydanticDeprecatedSince20: Support for class-based `config` is deprecated, use ConfigDict instead. Deprecated in Pydantic V2.0 to be removed in V3.0. See Pydantic V2 Migration Guide at https://errors.pydantic.dev/2.13/migration/;!!!!!!!!!!!!!!!!!!!! Interrupted: 1 error during collection !!!!!!!!!!!!!!!!!!!!;4 warnings, 1 error in 0.27s;
[2026-08-07 04:02:02] 后端复验通过
[2026-08-07 04:03:19] 前端结果: [2m Test Files [22m [1m[32m32 passed[39m[22m[90m (32)[39m;[2m      Tests [22m [1m[32m144 passed[39m[22m[90m (144)[39m;
[2026-08-07 04:03:19] 前端全部通过
[2026-08-07 04:03:19] ===== 第 324 轮结束，sleep 120 =====
[2026-08-07 04:05:20] ===== 第 325 轮开始 =====
[2026-08-07 04:05:47] 后端结果:   /workspace/agent-engine/app/models/users.py:136: PydanticDeprecatedSince20: Support for class-based `config` is deprecated, use ConfigDict instead. Deprecated in Pydantic V2.0 to be removed in V3.0. See Pydantic V2 Migration Guide at https://errors.pydantic.dev/2.13/migration/;  /workspace/agent-engine/app/models/users.py:210: PydanticDeprecatedSince20: Support for class-based `config` is deprecated, use ConfigDict instead. Deprecated in Pydantic V2.0 to be removed in V3.0. See Pydantic V2 Migration Guide at https://errors.pydantic.dev/2.13/migration/;!!!!!!!!!!!!!!!!!!!! Interrupted: 1 error during collection !!!!!!!!!!!!!!!!!!!!;4 warnings, 1 error in 0.34s;
[2026-08-07 04:05:47] backend: 记录 2 个失败到 /workspace/.monkeycode/loop/backend_fail_20260807_040547.txt
[2026-08-07 04:05:51] 后端复验:   /workspace/agent-engine/app/models/users.py:136: PydanticDeprecatedSince20: Support for class-based `config` is deprecated, use ConfigDict instead. Deprecated in Pydantic V2.0 to be removed in V3.0. See Pydantic V2 Migration Guide at https://errors.pydantic.dev/2.13/migration/;  /workspace/agent-engine/app/models/users.py:210: PydanticDeprecatedSince20: Support for class-based `config` is deprecated, use ConfigDict instead. Deprecated in Pydantic V2.0 to be removed in V3.0. See Pydantic V2 Migration Guide at https://errors.pydantic.dev/2.13/migration/;!!!!!!!!!!!!!!!!!!!! Interrupted: 1 error during collection !!!!!!!!!!!!!!!!!!!!;4 warnings, 1 error in 0.33s;
[2026-08-07 04:05:51] 后端复验通过
[2026-08-07 04:07:03] 前端结果: [2m Test Files [22m [1m[32m32 passed[39m[22m[90m (32)[39m;[2m      Tests [22m [1m[32m144 passed[39m[22m[90m (144)[39m;
[2026-08-07 04:07:04] 前端全部通过
[2026-08-07 04:07:04] ===== 第 325 轮结束，sleep 120 =====
[2026-08-07 04:09:23] ===== 第 326 轮开始 =====
[2026-08-07 04:09:45] 后端结果: ;
[2026-08-07 04:09:45] 后端全部通过
[2026-08-07 04:11:28] 前端结果: [2m Test Files [22m [1m[32m32 passed[39m[22m[90m (32)[39m;[2m      Tests [22m [1m[32m144 passed[39m[22m[90m (144)[39m;
[2026-08-07 04:11:28] 前端全部通过
[2026-08-07 04:11:29] ===== 第 326 轮结束，sleep 120 =====
[2026-08-07 04:13:29] ===== 第 327 轮开始 =====
[2026-08-07 04:13:37] 后端结果: ;
[2026-08-07 04:13:37] 后端全部通过
[2026-08-07 04:15:13] 前端结果: [2m Test Files [22m [1m[32m32 passed[39m[22m[90m (32)[39m;[2m      Tests [22m [1m[32m144 passed[39m[22m[90m (144)[39m;
[2026-08-07 04:15:14] 前端全部通过
[2026-08-07 04:15:15] ===== 第 327 轮结束，sleep 120 =====
[2026-08-07 04:17:15] ===== 第 328 轮开始 =====
[2026-08-07 04:17:36] 后端结果: ;
[2026-08-07 04:17:36] 后端全部通过
[2026-08-07 04:19:05] 前端结果: [31m⎯⎯⎯⎯⎯⎯⎯[39m[1m[41m Failed Tests 1 [49m[22m[31m⎯⎯⎯⎯⎯⎯⎯[39m;[2m Test Files [22m [1m[31m1 failed[39m[22m[2m | [22m[1m[32m31 passed[39m[22m[90m (32)[39m;[2m      Tests [22m [1m[31m1 failed[39m[22m[2m | [22m[1m[32m143 passed[39m[22m[90m (144)[39m;
[2026-08-07 04:19:05] 前端全部通过
[2026-08-07 04:19:06] ===== 第 328 轮结束，sleep 120 =====
[2026-08-07 04:21:06] ===== 第 329 轮开始 =====
[2026-08-07 04:21:15] 后端结果: ;
[2026-08-07 04:21:15] 后端全部通过
[2026-08-07 04:23:41] 前端结果: [2m Test Files [22m [1m[32m32 passed[39m[22m[90m (32)[39m;[2m      Tests [22m [1m[32m144 passed[39m[22m[90m (144)[39m;
[2026-08-07 04:23:41] 前端全部通过
[2026-08-07 04:23:41] ===== 第 329 轮结束，sleep 120 =====
[2026-08-07 04:25:42] ===== 第 330 轮开始 =====
[2026-08-07 04:25:44] 后端结果: ;
[2026-08-07 04:25:44] 后端全部通过
[2026-08-07 04:27:10] 前端结果: [2m Test Files [22m [1m[32m32 passed[39m[22m[90m (32)[39m;[2m      Tests [22m [1m[32m144 passed[39m[22m[90m (144)[39m;
[2026-08-07 04:27:10] 前端全部通过
[2026-08-07 04:27:11] ===== 第 330 轮结束，sleep 120 =====
[2026-08-07 04:29:11] ===== 第 331 轮开始 =====
[2026-08-07 04:29:57] 后端结果: ;
[2026-08-07 04:29:57] 后端全部通过
[2026-08-07 04:30:45] 前端结果: [2m Test Files [22m [1m[32m32 passed[39m[22m[90m (32)[39m;[2m      Tests [22m [1m[32m144 passed[39m[22m[90m (144)[39m;
[2026-08-07 04:30:45] 前端全部通过
[2026-08-07 04:30:45] ===== 第 331 轮结束，sleep 120 =====
[2026-08-07 04:32:45] ===== 第 332 轮开始 =====
[2026-08-07 04:32:48] 后端结果: ;
[2026-08-07 04:32:48] 后端全部通过
[2026-08-07 04:34:16] 前端结果: [2m Test Files [22m [1m[32m32 passed[39m[22m[90m (32)[39m;[2m      Tests [22m [1m[32m144 passed[39m[22m[90m (144)[39m;
[2026-08-07 04:34:16] 前端全部通过
[2026-08-07 04:34:17] ===== 第 332 轮结束，sleep 120 =====
[2026-08-07 04:36:17] ===== 第 333 轮开始 =====
[2026-08-07 04:36:48] 后端结果:   /workspace/agent-engine/app/models/users.py:136: PydanticDeprecatedSince20: Support for class-based `config` is deprecated, use ConfigDict instead. Deprecated in Pydantic V2.0 to be removed in V3.0. See Pydantic V2 Migration Guide at https://errors.pydantic.dev/2.13/migration/;  /workspace/agent-engine/app/models/users.py:210: PydanticDeprecatedSince20: Support for class-based `config` is deprecated, use ConfigDict instead. Deprecated in Pydantic V2.0 to be removed in V3.0. See Pydantic V2 Migration Guide at https://errors.pydantic.dev/2.13/migration/;!!!!!!!!!!!!!!!!!!! Interrupted: 3 errors during collection !!!!!!!!!!!!!!!!!!!!;3 warnings, 3 errors in 1.13s;
[2026-08-07 04:36:48] backend: 记录 2 个失败到 /workspace/.monkeycode/loop/backend_fail_20260807_043648.txt
[2026-08-07 04:36:51] 后端复验:   /workspace/agent-engine/app/models/users.py:136: PydanticDeprecatedSince20: Support for class-based `config` is deprecated, use ConfigDict instead. Deprecated in Pydantic V2.0 to be removed in V3.0. See Pydantic V2 Migration Guide at https://errors.pydantic.dev/2.13/migration/;  /workspace/agent-engine/app/models/users.py:210: PydanticDeprecatedSince20: Support for class-based `config` is deprecated, use ConfigDict instead. Deprecated in Pydantic V2.0 to be removed in V3.0. See Pydantic V2 Migration Guide at https://errors.pydantic.dev/2.13/migration/;!!!!!!!!!!!!!!!!!!! Interrupted: 3 errors during collection !!!!!!!!!!!!!!!!!!!!;3 warnings, 3 errors in 0.28s;
[2026-08-07 04:36:51] 后端复验通过
[2026-08-07 04:37:54] 前端结果: [2m Test Files [22m [1m[32m32 passed[39m[22m[90m (32)[39m;[2m      Tests [22m [1m[32m144 passed[39m[22m[90m (144)[39m;
[2026-08-07 04:37:54] 前端全部通过
[2026-08-07 04:37:54] ===== 第 333 轮结束，sleep 120 =====
[2026-08-07 04:39:54] ===== 第 334 轮开始 =====
[2026-08-07 04:39:58] 后端结果:   /workspace/agent-engine/app/models/users.py:136: PydanticDeprecatedSince20: Support for class-based `config` is deprecated, use ConfigDict instead. Deprecated in Pydantic V2.0 to be removed in V3.0. See Pydantic V2 Migration Guide at https://errors.pydantic.dev/2.13/migration/;  /workspace/agent-engine/app/models/users.py:210: PydanticDeprecatedSince20: Support for class-based `config` is deprecated, use ConfigDict instead. Deprecated in Pydantic V2.0 to be removed in V3.0. See Pydantic V2 Migration Guide at https://errors.pydantic.dev/2.13/migration/;!!!!!!!!!!!!!!!!!!! Interrupted: 3 errors during collection !!!!!!!!!!!!!!!!!!!!;3 warnings, 3 errors in 0.76s;
[2026-08-07 04:39:58] backend: 记录 2 个失败到 /workspace/.monkeycode/loop/backend_fail_20260807_043958.txt
[2026-08-07 04:40:02] 后端复验:   /workspace/agent-engine/app/models/users.py:136: PydanticDeprecatedSince20: Support for class-based `config` is deprecated, use ConfigDict instead. Deprecated in Pydantic V2.0 to be removed in V3.0. See Pydantic V2 Migration Guide at https://errors.pydantic.dev/2.13/migration/;  /workspace/agent-engine/app/models/users.py:210: PydanticDeprecatedSince20: Support for class-based `config` is deprecated, use ConfigDict instead. Deprecated in Pydantic V2.0 to be removed in V3.0. See Pydantic V2 Migration Guide at https://errors.pydantic.dev/2.13/migration/;!!!!!!!!!!!!!!!!!!! Interrupted: 3 errors during collection !!!!!!!!!!!!!!!!!!!!;3 warnings, 3 errors in 0.30s;
[2026-08-07 04:40:02] 后端复验通过
[2026-08-07 04:41:15] 前端结果: [2m Test Files [22m [1m[32m32 passed[39m[22m[90m (32)[39m;[2m      Tests [22m [1m[32m144 passed[39m[22m[90m (144)[39m;
[2026-08-07 04:41:15] 前端全部通过
[2026-08-07 04:41:15] ===== 第 334 轮结束，sleep 120 =====
[2026-08-07 04:43:15] ===== 第 335 轮开始 =====
[2026-08-07 04:43:19] 后端结果:   /workspace/agent-engine/app/models/users.py:136: PydanticDeprecatedSince20: Support for class-based `config` is deprecated, use ConfigDict instead. Deprecated in Pydantic V2.0 to be removed in V3.0. See Pydantic V2 Migration Guide at https://errors.pydantic.dev/2.13/migration/;  /workspace/agent-engine/app/models/users.py:210: PydanticDeprecatedSince20: Support for class-based `config` is deprecated, use ConfigDict instead. Deprecated in Pydantic V2.0 to be removed in V3.0. See Pydantic V2 Migration Guide at https://errors.pydantic.dev/2.13/migration/;!!!!!!!!!!!!!!!!!!! Interrupted: 3 errors during collection !!!!!!!!!!!!!!!!!!!!;3 warnings, 3 errors in 0.35s;
[2026-08-07 04:43:19] backend: 记录 2 个失败到 /workspace/.monkeycode/loop/backend_fail_20260807_044319.txt
[2026-08-07 04:43:23] 后端复验:   /workspace/agent-engine/app/models/users.py:136: PydanticDeprecatedSince20: Support for class-based `config` is deprecated, use ConfigDict instead. Deprecated in Pydantic V2.0 to be removed in V3.0. See Pydantic V2 Migration Guide at https://errors.pydantic.dev/2.13/migration/;  /workspace/agent-engine/app/models/users.py:210: PydanticDeprecatedSince20: Support for class-based `config` is deprecated, use ConfigDict instead. Deprecated in Pydantic V2.0 to be removed in V3.0. See Pydantic V2 Migration Guide at https://errors.pydantic.dev/2.13/migration/;!!!!!!!!!!!!!!!!!!! Interrupted: 3 errors during collection !!!!!!!!!!!!!!!!!!!!;3 warnings, 3 errors in 0.30s;
[2026-08-07 04:43:23] 后端复验通过
[2026-08-07 04:44:28] 前端结果: [2m Test Files [22m [1m[32m32 passed[39m[22m[90m (32)[39m;[2m      Tests [22m [1m[32m144 passed[39m[22m[90m (144)[39m;
[2026-08-07 04:44:28] 前端全部通过
[2026-08-07 04:44:43] ===== 第 335 轮结束，sleep 120 =====
[2026-08-07 04:47:03] ===== 第 336 轮开始 =====
[2026-08-07 04:47:44] 后端结果:   /workspace/agent-engine/app/models/users.py:136: PydanticDeprecatedSince20: Support for class-based `config` is deprecated, use ConfigDict instead. Deprecated in Pydantic V2.0 to be removed in V3.0. See Pydantic V2 Migration Guide at https://errors.pydantic.dev/2.13/migration/;  /workspace/agent-engine/app/models/users.py:210: PydanticDeprecatedSince20: Support for class-based `config` is deprecated, use ConfigDict instead. Deprecated in Pydantic V2.0 to be removed in V3.0. See Pydantic V2 Migration Guide at https://errors.pydantic.dev/2.13/migration/;!!!!!!!!!!!!!!!!!!! Interrupted: 3 errors during collection !!!!!!!!!!!!!!!!!!!!;3 warnings, 3 errors in 0.73s;
[2026-08-07 04:47:44] backend: 记录 2 个失败到 /workspace/.monkeycode/loop/backend_fail_20260807_044744.txt
[2026-08-07 04:47:49] 后端复验:   /workspace/agent-engine/app/models/users.py:136: PydanticDeprecatedSince20: Support for class-based `config` is deprecated, use ConfigDict instead. Deprecated in Pydantic V2.0 to be removed in V3.0. See Pydantic V2 Migration Guide at https://errors.pydantic.dev/2.13/migration/;  /workspace/agent-engine/app/models/users.py:210: PydanticDeprecatedSince20: Support for class-based `config` is deprecated, use ConfigDict instead. Deprecated in Pydantic V2.0 to be removed in V3.0. See Pydantic V2 Migration Guide at https://errors.pydantic.dev/2.13/migration/;!!!!!!!!!!!!!!!!!!! Interrupted: 3 errors during collection !!!!!!!!!!!!!!!!!!!!;3 warnings, 3 errors in 0.35s;
[2026-08-07 04:47:49] 后端复验通过
[2026-08-07 04:48:27] 前端结果: [2m Test Files [22m [1m[32m32 passed[39m[22m[90m (32)[39m;[2m      Tests [22m [1m[32m144 passed[39m[22m[90m (144)[39m;
[2026-08-07 04:48:27] 前端全部通过
[2026-08-07 04:48:27] ===== 第 336 轮结束，sleep 120 =====
[2026-08-07 04:50:28] ===== 第 337 轮开始 =====
[2026-08-07 04:50:31] 后端结果:   /workspace/agent-engine/app/models/users.py:136: PydanticDeprecatedSince20: Support for class-based `config` is deprecated, use ConfigDict instead. Deprecated in Pydantic V2.0 to be removed in V3.0. See Pydantic V2 Migration Guide at https://errors.pydantic.dev/2.13/migration/;  /workspace/agent-engine/app/models/users.py:210: PydanticDeprecatedSince20: Support for class-based `config` is deprecated, use ConfigDict instead. Deprecated in Pydantic V2.0 to be removed in V3.0. See Pydantic V2 Migration Guide at https://errors.pydantic.dev/2.13/migration/;!!!!!!!!!!!!!!!!!!! Interrupted: 3 errors during collection !!!!!!!!!!!!!!!!!!!!;3 warnings, 3 errors in 0.30s;
[2026-08-07 04:50:31] backend: 记录 2 个失败到 /workspace/.monkeycode/loop/backend_fail_20260807_045031.txt
[2026-08-07 04:50:34] 后端复验:   /workspace/agent-engine/app/models/users.py:136: PydanticDeprecatedSince20: Support for class-based `config` is deprecated, use ConfigDict instead. Deprecated in Pydantic V2.0 to be removed in V3.0. See Pydantic V2 Migration Guide at https://errors.pydantic.dev/2.13/migration/;  /workspace/agent-engine/app/models/users.py:210: PydanticDeprecatedSince20: Support for class-based `config` is deprecated, use ConfigDict instead. Deprecated in Pydantic V2.0 to be removed in V3.0. See Pydantic V2 Migration Guide at https://errors.pydantic.dev/2.13/migration/;!!!!!!!!!!!!!!!!!!! Interrupted: 3 errors during collection !!!!!!!!!!!!!!!!!!!!;3 warnings, 3 errors in 0.29s;
[2026-08-07 04:50:34] 后端复验通过
[2026-08-07 04:51:11] 前端结果: [2m Test Files [22m [1m[32m32 passed[39m[22m[90m (32)[39m;[2m      Tests [22m [1m[32m144 passed[39m[22m[90m (144)[39m;
[2026-08-07 04:51:11] 前端全部通过
[2026-08-07 04:51:11] ===== 第 337 轮结束，sleep 120 =====
[2026-08-07 04:53:11] ===== 第 338 轮开始 =====
[2026-08-07 04:53:47] 后端结果:   /workspace/agent-engine/app/models/users.py:136: PydanticDeprecatedSince20: Support for class-based `config` is deprecated, use ConfigDict instead. Deprecated in Pydantic V2.0 to be removed in V3.0. See Pydantic V2 Migration Guide at https://errors.pydantic.dev/2.13/migration/;  /workspace/agent-engine/app/models/users.py:210: PydanticDeprecatedSince20: Support for class-based `config` is deprecated, use ConfigDict instead. Deprecated in Pydantic V2.0 to be removed in V3.0. See Pydantic V2 Migration Guide at https://errors.pydantic.dev/2.13/migration/;!!!!!!!!!!!!!!!!!!! Interrupted: 3 errors during collection !!!!!!!!!!!!!!!!!!!!;3 warnings, 3 errors in 0.31s;
[2026-08-07 04:53:47] backend: 记录 2 个失败到 /workspace/.monkeycode/loop/backend_fail_20260807_045347.txt
[2026-08-07 04:54:08] 后端复验:   /workspace/agent-engine/app/models/users.py:136: PydanticDeprecatedSince20: Support for class-based `config` is deprecated, use ConfigDict instead. Deprecated in Pydantic V2.0 to be removed in V3.0. See Pydantic V2 Migration Guide at https://errors.pydantic.dev/2.13/migration/;  /workspace/agent-engine/app/models/users.py:210: PydanticDeprecatedSince20: Support for class-based `config` is deprecated, use ConfigDict instead. Deprecated in Pydantic V2.0 to be removed in V3.0. See Pydantic V2 Migration Guide at https://errors.pydantic.dev/2.13/migration/;!!!!!!!!!!!!!!!!!!! Interrupted: 3 errors during collection !!!!!!!!!!!!!!!!!!!!;3 warnings, 3 errors in 3.76s;
[2026-08-07 04:54:08] 后端复验通过
[2026-08-07 04:56:08] 前端结果: [2m Test Files [22m [1m[32m32 passed[39m[22m[90m (32)[39m;[2m      Tests [22m [1m[32m144 passed[39m[22m[90m (144)[39m;
[2026-08-07 04:56:08] 前端全部通过
[2026-08-07 04:56:09] ===== 第 338 轮结束，sleep 120 =====
[2026-08-07 04:58:10] ===== 第 339 轮开始 =====
[2026-08-07 04:59:20] 后端结果:   /workspace/agent-engine/app/models/users.py:136: PydanticDeprecatedSince20: Support for class-based `config` is deprecated, use ConfigDict instead. Deprecated in Pydantic V2.0 to be removed in V3.0. See Pydantic V2 Migration Guide at https://errors.pydantic.dev/2.13/migration/;  /workspace/agent-engine/app/models/users.py:210: PydanticDeprecatedSince20: Support for class-based `config` is deprecated, use ConfigDict instead. Deprecated in Pydantic V2.0 to be removed in V3.0. See Pydantic V2 Migration Guide at https://errors.pydantic.dev/2.13/migration/;!!!!!!!!!!!!!!!!!!! Interrupted: 3 errors during collection !!!!!!!!!!!!!!!!!!!!;3 warnings, 3 errors in 3.00s;
[2026-08-07 04:59:20] backend: 记录 2 个失败到 /workspace/.monkeycode/loop/backend_fail_20260807_045920.txt
[2026-08-07 04:59:34] 后端复验:   /workspace/agent-engine/app/models/users.py:136: PydanticDeprecatedSince20: Support for class-based `config` is deprecated, use ConfigDict instead. Deprecated in Pydantic V2.0 to be removed in V3.0. See Pydantic V2 Migration Guide at https://errors.pydantic.dev/2.13/migration/;  /workspace/agent-engine/app/models/users.py:210: PydanticDeprecatedSince20: Support for class-based `config` is deprecated, use ConfigDict instead. Deprecated in Pydantic V2.0 to be removed in V3.0. See Pydantic V2 Migration Guide at https://errors.pydantic.dev/2.13/migration/;!!!!!!!!!!!!!!!!!!! Interrupted: 3 errors during collection !!!!!!!!!!!!!!!!!!!!;3 warnings, 3 errors in 0.29s;
[2026-08-07 04:59:34] 后端复验通过
[2026-08-07 05:00:55] 前端结果: [2m Test Files [22m [1m[32m32 passed[39m[22m[90m (32)[39m;[2m      Tests [22m [1m[32m144 passed[39m[22m[90m (144)[39m;
[2026-08-07 05:00:55] 前端全部通过
[2026-08-07 05:00:56] ===== 第 339 轮结束，sleep 120 =====
[2026-08-07 05:02:56] ===== 第 340 轮开始 =====
[2026-08-07 05:03:26] 后端结果: ;
[2026-08-07 05:03:26] 后端全部通过
[2026-08-07 05:04:40] 前端结果: [2m Test Files [22m [1m[32m32 passed[39m[22m[90m (32)[39m;[2m      Tests [22m [1m[32m144 passed[39m[22m[90m (144)[39m;
[2026-08-07 05:04:40] 前端全部通过
[2026-08-07 05:04:41] ===== 第 340 轮结束，sleep 120 =====
[2026-08-07 05:06:57] ===== 第 341 轮开始 =====
[2026-08-07 05:07:52] 后端结果: ;
[2026-08-07 05:07:52] 后端全部通过
[2026-08-07 05:09:07] 前端结果: [2m Test Files [22m [1m[32m32 passed[39m[22m[90m (32)[39m;[2m      Tests [22m [1m[32m144 passed[39m[22m[90m (144)[39m;
[2026-08-07 05:09:07] 前端全部通过
[2026-08-07 05:09:07] ===== 第 341 轮结束，sleep 120 =====
[2026-08-07 05:11:07] ===== 第 342 轮开始 =====
[2026-08-07 05:11:18] 后端结果: ;
[2026-08-07 05:11:18] 后端全部通过
[2026-08-07 05:12:12] 前端结果: [2m Test Files [22m [1m[32m32 passed[39m[22m[90m (32)[39m;[2m      Tests [22m [1m[32m144 passed[39m[22m[90m (144)[39m;
[2026-08-07 05:12:12] 前端全部通过
[2026-08-07 05:12:13] ===== 第 342 轮结束，sleep 120 =====
[2026-08-07 05:14:13] ===== 第 343 轮开始 =====
[2026-08-07 05:14:24] 后端结果: ;
[2026-08-07 05:14:24] 后端全部通过
[2026-08-07 05:15:14] 前端结果: [2m Test Files [22m [1m[32m32 passed[39m[22m[90m (32)[39m;[2m      Tests [22m [1m[32m144 passed[39m[22m[90m (144)[39m;
[2026-08-07 05:15:15] 前端全部通过
[2026-08-07 05:15:15] ===== 第 343 轮结束，sleep 120 =====
[2026-08-07 05:17:15] ===== 第 344 轮开始 =====
[2026-08-07 05:17:26] 后端结果: ;
[2026-08-07 05:17:26] 后端全部通过
[2026-08-07 05:18:35] 前端结果: [2m Test Files [22m [1m[32m32 passed[39m[22m[90m (32)[39m;[2m      Tests [22m [1m[32m144 passed[39m[22m[90m (144)[39m;
[2026-08-07 05:18:35] 前端全部通过
[2026-08-07 05:18:35] ===== 第 344 轮结束，sleep 120 =====
[2026-08-07 05:20:35] ===== 第 345 轮开始 =====
[2026-08-07 05:20:46] 后端结果: ;
[2026-08-07 05:20:46] 后端全部通过
[2026-08-07 05:21:38] 前端结果: [2m Test Files [22m [1m[32m32 passed[39m[22m[90m (32)[39m;[2m      Tests [22m [1m[32m144 passed[39m[22m[90m (144)[39m;
[2026-08-07 05:21:39] 前端全部通过
[2026-08-07 05:21:39] ===== 第 345 轮结束，sleep 120 =====
[2026-08-07 05:23:39] ===== 第 346 轮开始 =====
[2026-08-07 05:23:50] 后端结果: ;
[2026-08-07 05:23:50] 后端全部通过
[2026-08-07 05:24:40] 前端结果: [2m Test Files [22m [1m[32m32 passed[39m[22m[90m (32)[39m;[2m      Tests [22m [1m[32m144 passed[39m[22m[90m (144)[39m;
[2026-08-07 05:24:40] 前端全部通过
[2026-08-07 05:24:40] ===== 第 346 轮结束，sleep 120 =====
[2026-08-07 05:26:41] ===== 第 347 轮开始 =====
[2026-08-07 05:26:53] 后端结果: ;
[2026-08-07 05:26:53] 后端全部通过
[2026-08-07 05:27:46] 前端结果: [2m Test Files [22m [1m[32m32 passed[39m[22m[90m (32)[39m;[2m      Tests [22m [1m[32m144 passed[39m[22m[90m (144)[39m;
[2026-08-07 05:27:46] 前端全部通过
[2026-08-07 05:27:46] ===== 第 347 轮结束，sleep 120 =====
[2026-08-07 05:29:46] ===== 第 348 轮开始 =====
[2026-08-07 05:29:58] 后端结果: ;
[2026-08-07 05:29:58] 后端全部通过
[2026-08-07 05:30:59] 前端结果: [2m Test Files [22m [1m[32m32 passed[39m[22m[90m (32)[39m;[2m      Tests [22m [1m[32m144 passed[39m[22m[90m (144)[39m;
[2026-08-07 05:30:59] 前端全部通过
[2026-08-07 05:31:00] ===== 第 348 轮结束，sleep 120 =====
[2026-08-07 05:33:00] ===== 第 349 轮开始 =====
[2026-08-07 05:33:11] 后端结果: ;
[2026-08-07 05:33:11] 后端全部通过
[2026-08-07 05:34:00] 前端结果: [2m Test Files [22m [1m[32m32 passed[39m[22m[90m (32)[39m;[2m      Tests [22m [1m[32m144 passed[39m[22m[90m (144)[39m;
[2026-08-07 05:34:00] 前端全部通过
[2026-08-07 05:34:01] ===== 第 349 轮结束，sleep 120 =====
[2026-08-07 05:36:01] ===== 第 350 轮开始 =====
[2026-08-07 05:36:13] 后端结果: ;
[2026-08-07 05:36:13] 后端全部通过
[2026-08-07 05:37:00] 前端结果: [2m Test Files [22m [1m[32m32 passed[39m[22m[90m (32)[39m;[2m      Tests [22m [1m[32m144 passed[39m[22m[90m (144)[39m;
[2026-08-07 05:37:01] 前端全部通过
[2026-08-07 05:37:01] ===== 第 350 轮结束，sleep 120 =====
[2026-08-07 05:39:01] ===== 第 351 轮开始 =====
[2026-08-07 05:39:12] 后端结果: ;
[2026-08-07 05:39:13] 后端全部通过
[2026-08-07 05:39:57] 前端结果: [2m Test Files [22m [1m[32m32 passed[39m[22m[90m (32)[39m;[2m      Tests [22m [1m[32m144 passed[39m[22m[90m (144)[39m;
[2026-08-07 05:39:57] 前端全部通过
[2026-08-07 05:39:57] ===== 第 351 轮结束，sleep 120 =====
[2026-08-07 05:41:57] ===== 第 352 轮开始 =====
[2026-08-07 05:42:09] 后端结果: ;
[2026-08-07 05:42:09] 后端全部通过
[2026-08-07 05:42:52] 前端结果: [2m Test Files [22m [1m[32m32 passed[39m[22m[90m (32)[39m;[2m      Tests [22m [1m[32m144 passed[39m[22m[90m (144)[39m;
[2026-08-07 05:42:52] 前端全部通过
[2026-08-07 05:42:53] ===== 第 352 轮结束，sleep 120 =====
[2026-08-07 05:44:53] ===== 第 353 轮开始 =====
[2026-08-07 05:45:04] 后端结果: ;
[2026-08-07 05:45:04] 后端全部通过
[2026-08-07 05:45:53] 前端结果: [2m Test Files [22m [1m[32m32 passed[39m[22m[90m (32)[39m;[2m      Tests [22m [1m[32m144 passed[39m[22m[90m (144)[39m;
[2026-08-07 05:45:53] 前端全部通过
[2026-08-07 05:45:54] ===== 第 353 轮结束，sleep 120 =====
[2026-08-07 05:47:54] ===== 第 354 轮开始 =====
[2026-08-07 05:48:05] 后端结果: ;
[2026-08-07 05:48:05] 后端全部通过
[2026-08-07 05:49:02] 前端结果: [2m Test Files [22m [1m[32m32 passed[39m[22m[90m (32)[39m;[2m      Tests [22m [1m[32m144 passed[39m[22m[90m (144)[39m;
[2026-08-07 05:49:03] 前端全部通过
[2026-08-07 05:49:03] ===== 第 354 轮结束，sleep 120 =====
[2026-08-07 05:51:03] ===== 第 355 轮开始 =====
[2026-08-07 05:51:14] 后端结果: ;
[2026-08-07 05:51:14] 后端全部通过
[2026-08-07 05:52:20] 前端结果: [2m Test Files [22m [1m[32m32 passed[39m[22m[90m (32)[39m;[2m      Tests [22m [1m[32m144 passed[39m[22m[90m (144)[39m;
[2026-08-07 05:52:20] 前端全部通过
[2026-08-07 05:52:21] ===== 第 355 轮结束，sleep 120 =====
[2026-08-07 05:54:21] ===== 第 356 轮开始 =====
[2026-08-07 05:54:33] 后端结果: ;
[2026-08-07 05:54:33] 后端全部通过
[2026-08-07 05:55:24] 前端结果: [2m Test Files [22m [1m[32m32 passed[39m[22m[90m (32)[39m;[2m      Tests [22m [1m[32m144 passed[39m[22m[90m (144)[39m;
[2026-08-07 05:55:24] 前端全部通过
[2026-08-07 05:55:25] ===== 第 356 轮结束，sleep 120 =====
[2026-08-07 05:57:25] ===== 第 357 轮开始 =====
[2026-08-07 05:57:36] 后端结果: ;
[2026-08-07 05:57:36] 后端全部通过
[2026-08-07 05:58:24] 前端结果: [2m Test Files [22m [1m[32m32 passed[39m[22m[90m (32)[39m;[2m      Tests [22m [1m[32m144 passed[39m[22m[90m (144)[39m;
[2026-08-07 05:58:24] 前端全部通过
[2026-08-07 05:58:24] ===== 第 357 轮结束，sleep 120 =====
[2026-08-07 06:00:24] ===== 第 358 轮开始 =====
[2026-08-07 06:00:35] 后端结果: ;
[2026-08-07 06:00:35] 后端全部通过
[2026-08-07 06:01:31] 前端结果: [2m Test Files [22m [1m[32m32 passed[39m[22m[90m (32)[39m;[2m      Tests [22m [1m[32m144 passed[39m[22m[90m (144)[39m;
[2026-08-07 06:01:32] 前端全部通过
[2026-08-07 06:01:32] ===== 第 358 轮结束，sleep 120 =====
[2026-08-07 06:03:32] ===== 第 359 轮开始 =====
[2026-08-07 06:03:43] 后端结果: ;
[2026-08-07 06:03:43] 后端全部通过
[2026-08-07 06:04:34] 前端结果: [2m Test Files [22m [1m[32m32 passed[39m[22m[90m (32)[39m;[2m      Tests [22m [1m[32m144 passed[39m[22m[90m (144)[39m;
[2026-08-07 06:04:34] 前端全部通过
[2026-08-07 06:04:34] ===== 第 359 轮结束，sleep 120 =====
[2026-08-07 06:06:34] ===== 第 360 轮开始 =====
[2026-08-07 06:06:45] 后端结果: ;
[2026-08-07 06:06:46] 后端全部通过
[2026-08-07 06:07:37] 前端结果: [2m Test Files [22m [1m[32m32 passed[39m[22m[90m (32)[39m;[2m      Tests [22m [1m[32m144 passed[39m[22m[90m (144)[39m;
[2026-08-07 06:07:37] 前端全部通过
[2026-08-07 06:07:37] ===== 第 360 轮结束，sleep 120 =====
[2026-08-07 06:09:37] ===== 第 361 轮开始 =====
[2026-08-07 06:09:48] 后端结果: ;
[2026-08-07 06:09:48] 后端全部通过
[2026-08-07 06:10:41] 前端结果: [2m Test Files [22m [1m[32m32 passed[39m[22m[90m (32)[39m;[2m      Tests [22m [1m[32m144 passed[39m[22m[90m (144)[39m;
[2026-08-07 06:10:41] 前端全部通过
[2026-08-07 06:10:41] ===== 第 361 轮结束，sleep 120 =====
[2026-08-07 06:12:41] ===== 第 362 轮开始 =====
[2026-08-07 06:12:53] 后端结果: ;
[2026-08-07 06:12:53] 后端全部通过
[2026-08-07 06:13:41] 前端结果: [2m Test Files [22m [1m[32m32 passed[39m[22m[90m (32)[39m;[2m      Tests [22m [1m[32m144 passed[39m[22m[90m (144)[39m;
[2026-08-07 06:13:41] 前端全部通过
[2026-08-07 06:13:42] ===== 第 362 轮结束，sleep 120 =====
[2026-08-07 06:15:42] ===== 第 363 轮开始 =====
[2026-08-07 06:15:53] 后端结果: ;
[2026-08-07 06:15:53] 后端全部通过
[2026-08-07 06:16:43] 前端结果: [2m Test Files [22m [1m[32m32 passed[39m[22m[90m (32)[39m;[2m      Tests [22m [1m[32m144 passed[39m[22m[90m (144)[39m;
[2026-08-07 06:16:44] 前端全部通过
[2026-08-07 06:16:44] ===== 第 363 轮结束，sleep 120 =====
[2026-08-07 06:18:44] ===== 第 364 轮开始 =====
[2026-08-07 06:18:55] 后端结果: ;
[2026-08-07 06:18:55] 后端全部通过
[2026-08-07 06:19:44] 前端结果: [2m Test Files [22m [1m[32m32 passed[39m[22m[90m (32)[39m;[2m      Tests [22m [1m[32m144 passed[39m[22m[90m (144)[39m;
[2026-08-07 06:19:44] 前端全部通过
[2026-08-07 06:19:45] ===== 第 364 轮结束，sleep 120 =====
[2026-08-07 06:21:45] ===== 第 365 轮开始 =====
[2026-08-07 06:21:57] 后端结果: ;
[2026-08-07 06:21:57] 后端全部通过
[2026-08-07 06:22:56] 前端结果: [2m Test Files [22m [1m[32m32 passed[39m[22m[90m (32)[39m;[2m      Tests [22m [1m[32m144 passed[39m[22m[90m (144)[39m;
[2026-08-07 06:22:56] 前端全部通过
[2026-08-07 06:22:57] ===== 第 365 轮结束，sleep 120 =====
[2026-08-07 06:24:57] ===== 第 366 轮开始 =====
[2026-08-07 06:25:08] 后端结果: ;
[2026-08-07 06:25:08] 后端全部通过
[2026-08-07 06:25:55] 前端结果: [2m Test Files [22m [1m[32m32 passed[39m[22m[90m (32)[39m;[2m      Tests [22m [1m[32m144 passed[39m[22m[90m (144)[39m;
[2026-08-07 06:25:55] 前端全部通过
[2026-08-07 06:25:56] ===== 第 366 轮结束，sleep 120 =====
[2026-08-07 06:27:56] ===== 第 367 轮开始 =====
[2026-08-07 06:28:07] 后端结果: ;
[2026-08-07 06:28:07] 后端全部通过
[2026-08-07 06:29:00] 前端结果: [2m Test Files [22m [1m[32m32 passed[39m[22m[90m (32)[39m;[2m      Tests [22m [1m[32m144 passed[39m[22m[90m (144)[39m;
[2026-08-07 06:29:01] 前端全部通过
[2026-08-07 06:29:01] ===== 第 367 轮结束，sleep 120 =====
[2026-08-07 06:31:01] ===== 第 368 轮开始 =====
[2026-08-07 06:31:12] 后端结果: ;
[2026-08-07 06:31:12] 后端全部通过
[2026-08-07 06:32:03] 前端结果: [2m Test Files [22m [1m[32m32 passed[39m[22m[90m (32)[39m;[2m      Tests [22m [1m[32m144 passed[39m[22m[90m (144)[39m;
[2026-08-07 06:32:03] 前端全部通过
[2026-08-07 06:32:04] ===== 第 368 轮结束，sleep 120 =====
[2026-08-07 06:34:04] ===== 第 369 轮开始 =====
[2026-08-07 06:34:15] 后端结果: ;
[2026-08-07 06:34:15] 后端全部通过
[2026-08-07 06:35:06] 前端结果: [2m Test Files [22m [1m[32m32 passed[39m[22m[90m (32)[39m;[2m      Tests [22m [1m[32m144 passed[39m[22m[90m (144)[39m;
[2026-08-07 06:35:06] 前端全部通过
[2026-08-07 06:35:06] ===== 第 369 轮结束，sleep 120 =====
[2026-08-07 06:37:06] ===== 第 370 轮开始 =====
[2026-08-07 06:37:18] 后端结果: ;
[2026-08-07 06:37:18] 后端全部通过
[2026-08-07 06:38:09] 前端结果: [2m Test Files [22m [1m[32m32 passed[39m[22m[90m (32)[39m;[2m      Tests [22m [1m[32m144 passed[39m[22m[90m (144)[39m;
[2026-08-07 06:38:09] 前端全部通过
[2026-08-07 06:38:09] ===== 第 370 轮结束，sleep 120 =====
[2026-08-07 06:40:09] ===== 第 371 轮开始 =====
[2026-08-07 06:40:21] 后端结果: ;
[2026-08-07 06:40:21] 后端全部通过
[2026-08-07 06:41:16] 前端结果: [2m Test Files [22m [1m[32m32 passed[39m[22m[90m (32)[39m;[2m      Tests [22m [1m[32m144 passed[39m[22m[90m (144)[39m;
[2026-08-07 06:41:17] 前端全部通过
[2026-08-07 06:41:17] ===== 第 371 轮结束，sleep 120 =====
[2026-08-07 06:43:17] ===== 第 372 轮开始 =====
[2026-08-07 06:43:28] 后端结果: ;
[2026-08-07 06:43:28] 后端全部通过
[2026-08-07 06:44:31] 前端结果: [2m Test Files [22m [1m[32m32 passed[39m[22m[90m (32)[39m;[2m      Tests [22m [1m[32m144 passed[39m[22m[90m (144)[39m;
[2026-08-07 06:44:31] 前端全部通过
[2026-08-07 06:44:32] ===== 第 372 轮结束，sleep 120 =====
[2026-08-07 06:46:32] ===== 第 373 轮开始 =====
[2026-08-07 06:46:43] 后端结果: ;
[2026-08-07 06:46:43] 后端全部通过
[2026-08-07 06:47:33] 前端结果: [2m Test Files [22m [1m[32m32 passed[39m[22m[90m (32)[39m;[2m      Tests [22m [1m[32m144 passed[39m[22m[90m (144)[39m;
[2026-08-07 06:47:33] 前端全部通过
[2026-08-07 06:47:33] ===== 第 373 轮结束，sleep 120 =====
[2026-08-07 06:49:33] ===== 第 374 轮开始 =====
[2026-08-07 06:49:44] 后端结果: ;
[2026-08-07 06:49:44] 后端全部通过
[2026-08-07 06:50:54] 前端结果: [2m Test Files [22m [1m[32m32 passed[39m[22m[90m (32)[39m;[2m      Tests [22m [1m[32m144 passed[39m[22m[90m (144)[39m;
[2026-08-07 06:50:54] 前端全部通过
[2026-08-07 06:50:54] ===== 第 374 轮结束，sleep 120 =====
[2026-08-07 06:52:54] ===== 第 375 轮开始 =====
[2026-08-07 06:53:06] 后端结果: ;
[2026-08-07 06:53:06] 后端全部通过
[2026-08-07 06:54:09] 前端结果: [2m Test Files [22m [1m[32m32 passed[39m[22m[90m (32)[39m;[2m      Tests [22m [1m[32m144 passed[39m[22m[90m (144)[39m;
[2026-08-07 06:54:09] 前端全部通过
[2026-08-07 06:54:10] ===== 第 375 轮结束，sleep 120 =====
[2026-08-07 06:56:10] ===== 第 376 轮开始 =====
[2026-08-07 06:56:21] 后端结果: ;
[2026-08-07 06:56:21] 后端全部通过
[2026-08-07 06:57:15] 前端结果: [2m Test Files [22m [1m[32m32 passed[39m[22m[90m (32)[39m;[2m      Tests [22m [1m[32m144 passed[39m[22m[90m (144)[39m;
[2026-08-07 06:57:15] 前端全部通过
[2026-08-07 06:57:15] ===== 第 376 轮结束，sleep 120 =====
[2026-08-07 06:59:15] ===== 第 377 轮开始 =====
[2026-08-07 06:59:26] 后端结果: ;
[2026-08-07 06:59:26] 后端全部通过
[2026-08-07 07:00:15] 前端结果: [2m Test Files [22m [1m[32m32 passed[39m[22m[90m (32)[39m;[2m      Tests [22m [1m[32m144 passed[39m[22m[90m (144)[39m;
[2026-08-07 07:00:15] 前端全部通过
[2026-08-07 07:00:16] ===== 第 377 轮结束，sleep 120 =====
[2026-08-07 07:02:16] ===== 第 378 轮开始 =====
[2026-08-07 07:02:27] 后端结果: ;
[2026-08-07 07:02:27] 后端全部通过
[2026-08-07 07:03:22] 前端结果: [2m Test Files [22m [1m[32m32 passed[39m[22m[90m (32)[39m;[2m      Tests [22m [1m[32m144 passed[39m[22m[90m (144)[39m;
[2026-08-07 07:03:22] 前端全部通过
[2026-08-07 07:03:23] ===== 第 378 轮结束，sleep 120 =====
[2026-08-07 07:05:23] ===== 第 379 轮开始 =====
[2026-08-07 07:05:34] 后端结果: ;
[2026-08-07 07:05:34] 后端全部通过
[2026-08-07 07:06:19] 前端结果: [2m Test Files [22m [1m[32m32 passed[39m[22m[90m (32)[39m;[2m      Tests [22m [1m[32m144 passed[39m[22m[90m (144)[39m;
[2026-08-07 07:06:20] 前端全部通过
[2026-08-07 07:06:20] ===== 第 379 轮结束，sleep 120 =====
[2026-08-07 07:08:20] ===== 第 380 轮开始 =====
[2026-08-07 07:08:32] 后端结果: ;
[2026-08-07 07:08:32] 后端全部通过
[2026-08-07 07:09:11] 前端结果: [2m Test Files [22m [1m[32m32 passed[39m[22m[90m (32)[39m;[2m      Tests [22m [1m[32m144 passed[39m[22m[90m (144)[39m;
[2026-08-07 07:09:11] 前端全部通过
[2026-08-07 07:09:12] ===== 第 380 轮结束，sleep 120 =====
[2026-08-07 07:11:12] ===== 第 381 轮开始 =====
[2026-08-07 07:11:23] 后端结果: ;
[2026-08-07 07:11:23] 后端全部通过
[2026-08-07 07:12:14] 前端结果: [2m Test Files [22m [1m[32m32 passed[39m[22m[90m (32)[39m;[2m      Tests [22m [1m[32m144 passed[39m[22m[90m (144)[39m;
[2026-08-07 07:12:14] 前端全部通过
[2026-08-07 07:12:14] ===== 第 381 轮结束，sleep 120 =====
[2026-08-07 07:14:14] ===== 第 382 轮开始 =====
[2026-08-07 07:14:26] 后端结果: ;
[2026-08-07 07:14:26] 后端全部通过
[2026-08-07 07:15:08] 前端结果: [2m Test Files [22m [1m[32m32 passed[39m[22m[90m (32)[39m;[2m      Tests [22m [1m[32m144 passed[39m[22m[90m (144)[39m;
[2026-08-07 07:15:08] 前端全部通过
[2026-08-07 07:15:09] ===== 第 382 轮结束，sleep 120 =====
[2026-08-07 07:17:09] ===== 第 383 轮开始 =====
[2026-08-07 07:17:20] 后端结果: ;
[2026-08-07 07:17:20] 后端全部通过
[2026-08-07 07:18:13] 前端结果: [2m Test Files [22m [1m[32m32 passed[39m[22m[90m (32)[39m;[2m      Tests [22m [1m[32m144 passed[39m[22m[90m (144)[39m;
[2026-08-07 07:18:13] 前端全部通过
[2026-08-07 07:18:13] ===== 第 383 轮结束，sleep 120 =====
[2026-08-07 07:20:13] ===== 第 384 轮开始 =====
[2026-08-07 07:20:25] 后端结果: ;
[2026-08-07 07:20:25] 后端全部通过
[2026-08-07 07:21:24] 前端结果: [2m Test Files [22m [1m[32m32 passed[39m[22m[90m (32)[39m;[2m      Tests [22m [1m[32m144 passed[39m[22m[90m (144)[39m;
[2026-08-07 07:21:24] 前端全部通过
[2026-08-07 07:21:24] ===== 第 384 轮结束，sleep 120 =====
[2026-08-07 07:23:24] ===== 第 385 轮开始 =====
[2026-08-07 07:23:36] 后端结果: ;
[2026-08-07 07:23:36] 后端全部通过
[2026-08-07 07:24:20] 前端结果: [31m⎯⎯⎯⎯⎯⎯⎯[39m[1m[41m Failed Tests 1 [49m[22m[31m⎯⎯⎯⎯⎯⎯⎯[39m;[2m Test Files [22m [1m[31m1 failed[39m[22m[2m | [22m[1m[32m31 passed[39m[22m[90m (32)[39m;[2m      Tests [22m [1m[31m1 failed[39m[22m[2m | [22m[1m[32m143 passed[39m[22m[90m (144)[39m;
[2026-08-07 07:24:21] 前端全部通过
[2026-08-07 07:24:21] ===== 第 385 轮结束，sleep 120 =====
[2026-08-07 07:26:21] ===== 第 386 轮开始 =====
[2026-08-07 07:26:32] 后端结果: ;
[2026-08-07 07:26:32] 后端全部通过
[2026-08-07 07:27:21] 前端结果: [2m Test Files [22m [1m[32m32 passed[39m[22m[90m (32)[39m;[2m      Tests [22m [1m[32m144 passed[39m[22m[90m (144)[39m;
[2026-08-07 07:27:21] 前端全部通过
[2026-08-07 07:27:22] ===== 第 386 轮结束，sleep 120 =====
[2026-08-07 07:29:22] ===== 第 387 轮开始 =====
[2026-08-07 07:29:33] 后端结果: ;
[2026-08-07 07:29:33] 后端全部通过
[2026-08-07 07:30:34] 前端结果: [2m Test Files [22m [1m[32m32 passed[39m[22m[90m (32)[39m;[2m      Tests [22m [1m[32m144 passed[39m[22m[90m (144)[39m;
[2026-08-07 07:30:34] 前端全部通过
[2026-08-07 07:30:34] ===== 第 387 轮结束，sleep 120 =====
[2026-08-07 07:32:35] ===== 第 388 轮开始 =====
[2026-08-07 07:32:46] 后端结果: ;
[2026-08-07 07:32:46] 后端全部通过
[2026-08-07 07:33:48] 前端结果: [2m Test Files [22m [1m[32m32 passed[39m[22m[90m (32)[39m;[2m      Tests [22m [1m[32m144 passed[39m[22m[90m (144)[39m;
[2026-08-07 07:33:48] 前端全部通过
[2026-08-07 07:33:49] ===== 第 388 轮结束，sleep 120 =====
[2026-08-07 07:35:49] ===== 第 389 轮开始 =====
[2026-08-07 07:36:01] 后端结果: ;
[2026-08-07 07:36:01] 后端全部通过
[2026-08-07 07:36:50] 前端结果: [2m Test Files [22m [1m[32m32 passed[39m[22m[90m (32)[39m;[2m      Tests [22m [1m[32m144 passed[39m[22m[90m (144)[39m;
[2026-08-07 07:36:50] 前端全部通过
[2026-08-07 07:36:51] ===== 第 389 轮结束，sleep 120 =====
[2026-08-07 07:38:51] ===== 第 390 轮开始 =====
[2026-08-07 07:39:02] 后端结果: ;
[2026-08-07 07:39:02] 后端全部通过
[2026-08-07 07:40:03] 前端结果: [2m Test Files [22m [1m[32m32 passed[39m[22m[90m (32)[39m;[2m      Tests [22m [1m[32m144 passed[39m[22m[90m (144)[39m;
[2026-08-07 07:40:03] 前端全部通过
[2026-08-07 07:40:03] ===== 第 390 轮结束，sleep 120 =====
[2026-08-07 07:42:03] ===== 第 391 轮开始 =====
[2026-08-07 07:42:14] 后端结果: ;
[2026-08-07 07:42:14] 后端全部通过
[2026-08-07 07:43:04] 前端结果: [2m Test Files [22m [1m[32m32 passed[39m[22m[90m (32)[39m;[2m      Tests [22m [1m[32m144 passed[39m[22m[90m (144)[39m;
[2026-08-07 07:43:04] 前端全部通过
[2026-08-07 07:43:04] ===== 第 391 轮结束，sleep 120 =====
[2026-08-07 07:45:04] ===== 第 392 轮开始 =====
[2026-08-07 07:45:16] 后端结果: ;
[2026-08-07 07:45:16] 后端全部通过
[2026-08-07 07:46:05] 前端结果: [2m Test Files [22m [1m[32m32 passed[39m[22m[90m (32)[39m;[2m      Tests [22m [1m[32m144 passed[39m[22m[90m (144)[39m;
[2026-08-07 07:46:05] 前端全部通过
[2026-08-07 07:46:06] ===== 第 392 轮结束，sleep 120 =====
[2026-08-07 07:48:06] ===== 第 393 轮开始 =====
[2026-08-07 07:48:17] 后端结果: ;
[2026-08-07 07:48:17] 后端全部通过
[2026-08-07 07:49:06] 前端结果: [2m Test Files [22m [1m[32m32 passed[39m[22m[90m (32)[39m;[2m      Tests [22m [1m[32m144 passed[39m[22m[90m (144)[39m;
[2026-08-07 07:49:06] 前端全部通过
[2026-08-07 07:49:06] ===== 第 393 轮结束，sleep 120 =====
[2026-08-07 07:51:06] ===== 第 394 轮开始 =====
[2026-08-07 07:51:17] 后端结果: ;
[2026-08-07 07:51:17] 后端全部通过
[2026-08-07 07:52:13] 前端结果: [2m Test Files [22m [1m[32m32 passed[39m[22m[90m (32)[39m;[2m      Tests [22m [1m[32m144 passed[39m[22m[90m (144)[39m;
[2026-08-07 07:52:13] 前端全部通过
[2026-08-07 07:52:13] ===== 第 394 轮结束，sleep 120 =====
[2026-08-07 07:54:13] ===== 第 395 轮开始 =====
[2026-08-07 07:54:24] 后端结果: ;
[2026-08-07 07:54:24] 后端全部通过
[2026-08-07 07:55:15] 前端结果: [2m Test Files [22m [1m[32m32 passed[39m[22m[90m (32)[39m;[2m      Tests [22m [1m[32m144 passed[39m[22m[90m (144)[39m;
[2026-08-07 07:55:15] 前端全部通过
[2026-08-07 07:55:15] ===== 第 395 轮结束，sleep 120 =====
[2026-08-07 07:57:15] ===== 第 396 轮开始 =====
[2026-08-07 07:57:27] 后端结果: ;
[2026-08-07 07:57:27] 后端全部通过
[2026-08-07 07:58:14] 前端结果: [2m Test Files [22m [1m[32m32 passed[39m[22m[90m (32)[39m;[2m      Tests [22m [1m[32m144 passed[39m[22m[90m (144)[39m;
[2026-08-07 07:58:14] 前端全部通过
[2026-08-07 07:58:15] ===== 第 396 轮结束，sleep 120 =====
[2026-08-07 08:00:15] ===== 第 397 轮开始 =====
[2026-08-07 08:00:26] 后端结果: ;
[2026-08-07 08:00:26] 后端全部通过
[2026-08-07 08:01:16] 前端结果: [2m Test Files [22m [1m[32m32 passed[39m[22m[90m (32)[39m;[2m      Tests [22m [1m[32m144 passed[39m[22m[90m (144)[39m;
[2026-08-07 08:01:16] 前端全部通过
[2026-08-07 08:01:17] ===== 第 397 轮结束，sleep 120 =====
[2026-08-07 08:03:17] ===== 第 398 轮开始 =====
[2026-08-07 08:03:28] 后端结果: ;
[2026-08-07 08:03:28] 后端全部通过
[2026-08-07 08:04:25] 前端结果: [2m Test Files [22m [1m[32m32 passed[39m[22m[90m (32)[39m;[2m      Tests [22m [1m[32m144 passed[39m[22m[90m (144)[39m;
[2026-08-07 08:04:26] 前端全部通过
[2026-08-07 08:04:26] ===== 第 398 轮结束，sleep 120 =====
[2026-08-07 08:06:26] ===== 第 399 轮开始 =====
[2026-08-07 08:06:37] 后端结果: ;
[2026-08-07 08:06:37] 后端全部通过
[2026-08-07 08:07:26] 前端结果: [2m Test Files [22m [1m[32m32 passed[39m[22m[90m (32)[39m;[2m      Tests [22m [1m[32m144 passed[39m[22m[90m (144)[39m;
[2026-08-07 08:07:26] 前端全部通过
[2026-08-07 08:07:26] ===== 第 399 轮结束，sleep 120 =====
[2026-08-07 08:09:26] ===== 第 400 轮开始 =====
[2026-08-07 08:09:38] 后端结果: ;
[2026-08-07 08:09:38] 后端全部通过
[2026-08-07 08:10:32] 前端结果: [2m Test Files [22m [1m[32m32 passed[39m[22m[90m (32)[39m;[2m      Tests [22m [1m[32m144 passed[39m[22m[90m (144)[39m;
[2026-08-07 08:10:32] 前端全部通过
[2026-08-07 08:10:33] ===== 第 400 轮结束，sleep 120 =====
[2026-08-07 08:12:33] ===== 第 401 轮开始 =====
[2026-08-07 08:12:44] 后端结果: ;
[2026-08-07 08:12:44] 后端全部通过
[2026-08-07 08:13:35] 前端结果: [2m Test Files [22m [1m[32m32 passed[39m[22m[90m (32)[39m;[2m      Tests [22m [1m[32m144 passed[39m[22m[90m (144)[39m;
[2026-08-07 08:13:35] 前端全部通过
[2026-08-07 08:13:35] ===== 第 401 轮结束，sleep 120 =====
[2026-08-07 08:15:35] ===== 第 402 轮开始 =====
[2026-08-07 08:15:46] 后端结果: ;
[2026-08-07 08:15:46] 后端全部通过
[2026-08-07 08:16:53] 前端结果: [2m Test Files [22m [1m[32m32 passed[39m[22m[90m (32)[39m;[2m      Tests [22m [1m[32m144 passed[39m[22m[90m (144)[39m;
[2026-08-07 08:16:53] 前端全部通过
[2026-08-07 08:16:54] ===== 第 402 轮结束，sleep 120 =====
[2026-08-07 08:18:54] ===== 第 403 轮开始 =====
[2026-08-07 08:19:05] 后端结果: ;
[2026-08-07 08:19:05] 后端全部通过
[2026-08-07 08:19:56] 前端结果: [2m Test Files [22m [1m[32m32 passed[39m[22m[90m (32)[39m;[2m      Tests [22m [1m[32m144 passed[39m[22m[90m (144)[39m;
[2026-08-07 08:19:56] 前端全部通过
[2026-08-07 08:19:56] ===== 第 403 轮结束，sleep 120 =====
[2026-08-07 08:21:56] ===== 第 404 轮开始 =====
[2026-08-07 08:22:08] 后端结果: ;
[2026-08-07 08:22:08] 后端全部通过
[2026-08-07 08:22:51] 前端结果: [2m Test Files [22m [1m[32m32 passed[39m[22m[90m (32)[39m;[2m      Tests [22m [1m[32m144 passed[39m[22m[90m (144)[39m;
[2026-08-07 08:22:51] 前端全部通过
[2026-08-07 08:22:52] ===== 第 404 轮结束，sleep 120 =====
[2026-08-07 08:24:52] ===== 第 405 轮开始 =====
[2026-08-07 08:25:03] 后端结果: ;
[2026-08-07 08:25:03] 后端全部通过
[2026-08-07 08:25:53] 前端结果: [2m Test Files [22m [1m[32m32 passed[39m[22m[90m (32)[39m;[2m      Tests [22m [1m[32m144 passed[39m[22m[90m (144)[39m;
[2026-08-07 08:25:53] 前端全部通过
[2026-08-07 08:25:54] ===== 第 405 轮结束，sleep 120 =====
[2026-08-07 08:27:54] ===== 第 406 轮开始 =====
[2026-08-07 08:28:07] 后端结果: ;
[2026-08-07 08:28:07] 后端全部通过
[2026-08-07 08:29:04] 前端结果: [2m Test Files [22m [1m[32m32 passed[39m[22m[90m (32)[39m;[2m      Tests [22m [1m[32m144 passed[39m[22m[90m (144)[39m;
[2026-08-07 08:29:05] 前端全部通过
[2026-08-07 08:29:05] ===== 第 406 轮结束，sleep 120 =====
[2026-08-07 08:31:05] ===== 第 407 轮开始 =====
[2026-08-07 08:31:16] 后端结果: ;
[2026-08-07 08:31:16] 后端全部通过
[2026-08-07 08:32:02] 前端结果: [2m Test Files [22m [1m[32m32 passed[39m[22m[90m (32)[39m;[2m      Tests [22m [1m[32m144 passed[39m[22m[90m (144)[39m;
[2026-08-07 08:32:02] 前端全部通过
[2026-08-07 08:32:03] ===== 第 407 轮结束，sleep 120 =====
[2026-08-07 08:34:03] ===== 第 408 轮开始 =====
[2026-08-07 08:34:14] 后端结果: ;
[2026-08-07 08:34:14] 后端全部通过
[2026-08-07 08:35:01] 前端结果: [2m Test Files [22m [1m[32m32 passed[39m[22m[90m (32)[39m;[2m      Tests [22m [1m[32m144 passed[39m[22m[90m (144)[39m;
[2026-08-07 08:35:01] 前端全部通过
[2026-08-07 08:35:02] ===== 第 408 轮结束，sleep 120 =====
[2026-08-07 08:37:02] ===== 第 409 轮开始 =====
[2026-08-07 08:37:29] 后端结果: ;
[2026-08-07 08:37:29] 后端全部通过
[2026-08-07 08:38:44] 前端结果: [2m Test Files [22m [1m[32m32 passed[39m[22m[90m (32)[39m;[2m      Tests [22m [1m[32m144 passed[39m[22m[90m (144)[39m;
[2026-08-07 08:38:44] 前端全部通过
[2026-08-07 08:38:44] ===== 第 409 轮结束，sleep 120 =====
[2026-08-07 08:40:44] ===== 第 410 轮开始 =====
[2026-08-07 08:40:56] 后端结果: ;
[2026-08-07 08:40:56] 后端全部通过
[2026-08-07 08:41:43] 前端结果: [2m Test Files [22m [1m[32m32 passed[39m[22m[90m (32)[39m;[2m      Tests [22m [1m[32m144 passed[39m[22m[90m (144)[39m;
[2026-08-07 08:41:43] 前端全部通过
[2026-08-07 08:41:44] ===== 第 410 轮结束，sleep 120 =====
[2026-08-07 08:43:44] ===== 第 411 轮开始 =====
[2026-08-07 08:43:55] 后端结果: ;
[2026-08-07 08:43:55] 后端全部通过
[2026-08-07 08:44:57] 前端结果: [2m Test Files [22m [1m[32m32 passed[39m[22m[90m (32)[39m;[2m      Tests [22m [1m[32m144 passed[39m[22m[90m (144)[39m;
[2026-08-07 08:44:57] 前端全部通过
[2026-08-07 08:44:58] ===== 第 411 轮结束，sleep 120 =====
[2026-08-07 08:46:58] ===== 第 412 轮开始 =====
[2026-08-07 08:47:09] 后端结果: ;
[2026-08-07 08:47:09] 后端全部通过
[2026-08-07 08:48:11] 前端结果: [2m Test Files [22m [1m[32m32 passed[39m[22m[90m (32)[39m;[2m      Tests [22m [1m[32m144 passed[39m[22m[90m (144)[39m;
[2026-08-07 08:48:11] 前端全部通过
[2026-08-07 08:48:12] ===== 第 412 轮结束，sleep 120 =====
[2026-08-07 08:50:12] ===== 第 413 轮开始 =====
[2026-08-07 08:50:23] 后端结果: ;
[2026-08-07 08:50:23] 后端全部通过
[2026-08-07 08:51:16] 前端结果: [2m Test Files [22m [1m[32m32 passed[39m[22m[90m (32)[39m;[2m      Tests [22m [1m[32m144 passed[39m[22m[90m (144)[39m;
[2026-08-07 08:51:16] 前端全部通过
[2026-08-07 08:51:16] ===== 第 413 轮结束，sleep 120 =====
[2026-08-07 08:53:16] ===== 第 414 轮开始 =====
[2026-08-07 08:53:27] 后端结果: ;
[2026-08-07 08:53:27] 后端全部通过
[2026-08-07 08:54:31] 前端结果: [2m Test Files [22m [1m[32m32 passed[39m[22m[90m (32)[39m;[2m      Tests [22m [1m[32m144 passed[39m[22m[90m (144)[39m;
[2026-08-07 08:54:31] 前端全部通过
[2026-08-07 08:54:31] ===== 第 414 轮结束，sleep 120 =====
[2026-08-07 08:56:31] ===== 第 415 轮开始 =====
[2026-08-07 08:56:43] 后端结果: ;
[2026-08-07 08:56:43] 后端全部通过
[2026-08-07 08:57:33] 前端结果: [2m Test Files [22m [1m[32m32 passed[39m[22m[90m (32)[39m;[2m      Tests [22m [1m[32m144 passed[39m[22m[90m (144)[39m;
[2026-08-07 08:57:33] 前端全部通过
[2026-08-07 08:57:34] ===== 第 415 轮结束，sleep 120 =====
[2026-08-07 08:59:34] ===== 第 416 轮开始 =====
[2026-08-07 08:59:45] 后端结果: ;
[2026-08-07 08:59:45] 后端全部通过
[2026-08-07 09:00:52] 前端结果: [2m Test Files [22m [1m[32m32 passed[39m[22m[90m (32)[39m;[2m      Tests [22m [1m[32m144 passed[39m[22m[90m (144)[39m;
[2026-08-07 09:00:52] 前端全部通过
[2026-08-07 09:00:53] ===== 第 416 轮结束，sleep 120 =====
[2026-08-07 09:02:53] ===== 第 417 轮开始 =====
[2026-08-07 09:03:04] 后端结果: ;
[2026-08-07 09:03:04] 后端全部通过
[2026-08-07 09:03:55] 前端结果: [2m Test Files [22m [1m[32m32 passed[39m[22m[90m (32)[39m;[2m      Tests [22m [1m[32m144 passed[39m[22m[90m (144)[39m;
[2026-08-07 09:03:55] 前端全部通过
[2026-08-07 09:03:55] ===== 第 417 轮结束，sleep 120 =====
[2026-08-07 09:05:55] ===== 第 418 轮开始 =====
[2026-08-07 09:06:07] 后端结果: ;
[2026-08-07 09:06:07] 后端全部通过
[2026-08-07 09:06:53] 前端结果: [2m Test Files [22m [1m[32m32 passed[39m[22m[90m (32)[39m;[2m      Tests [22m [1m[32m144 passed[39m[22m[90m (144)[39m;
[2026-08-07 09:06:53] 前端全部通过
[2026-08-07 09:06:53] ===== 第 418 轮结束，sleep 120 =====
[2026-08-07 09:08:53] ===== 第 419 轮开始 =====
[2026-08-07 09:09:05] 后端结果: ;
[2026-08-07 09:09:05] 后端全部通过
[2026-08-07 09:09:56] 前端结果: [2m Test Files [22m [1m[32m32 passed[39m[22m[90m (32)[39m;[2m      Tests [22m [1m[32m144 passed[39m[22m[90m (144)[39m;
[2026-08-07 09:09:57] 前端全部通过
[2026-08-07 09:09:57] ===== 第 419 轮结束，sleep 120 =====
[2026-08-07 09:11:57] ===== 第 420 轮开始 =====
[2026-08-07 09:12:10] 后端结果: ;
[2026-08-07 09:12:10] 后端全部通过
[2026-08-07 09:13:01] 前端结果: [2m Test Files [22m [1m[32m32 passed[39m[22m[90m (32)[39m;[2m      Tests [22m [1m[32m144 passed[39m[22m[90m (144)[39m;
[2026-08-07 09:13:01] 前端全部通过
[2026-08-07 09:13:02] ===== 第 420 轮结束，sleep 120 =====
[2026-08-07 09:15:02] ===== 第 421 轮开始 =====
[2026-08-07 09:15:13] 后端结果: ;
[2026-08-07 09:15:13] 后端全部通过
[2026-08-07 09:16:11] 前端结果: [2m Test Files [22m [1m[32m32 passed[39m[22m[90m (32)[39m;[2m      Tests [22m [1m[32m144 passed[39m[22m[90m (144)[39m;
[2026-08-07 09:16:11] 前端全部通过
[2026-08-07 09:16:12] ===== 第 421 轮结束，sleep 120 =====
[2026-08-07 09:18:12] ===== 第 422 轮开始 =====
[2026-08-07 09:18:23] 后端结果: ;
[2026-08-07 09:18:23] 后端全部通过
[2026-08-07 09:19:11] 前端结果: [2m Test Files [22m [1m[32m32 passed[39m[22m[90m (32)[39m;[2m      Tests [22m [1m[32m144 passed[39m[22m[90m (144)[39m;
[2026-08-07 09:19:11] 前端全部通过
[2026-08-07 09:19:11] ===== 第 422 轮结束，sleep 120 =====
[2026-08-07 09:21:11] ===== 第 423 轮开始 =====
[2026-08-07 09:21:23] 后端结果: ;
[2026-08-07 09:21:23] 后端全部通过
[2026-08-07 09:22:17] 前端结果: [2m Test Files [22m [1m[32m32 passed[39m[22m[90m (32)[39m;[2m      Tests [22m [1m[32m144 passed[39m[22m[90m (144)[39m;
[2026-08-07 09:22:17] 前端全部通过
[2026-08-07 09:22:18] ===== 第 423 轮结束，sleep 120 =====
[2026-08-07 09:24:18] ===== 第 424 轮开始 =====
[2026-08-07 09:24:29] 后端结果: ;
[2026-08-07 09:24:29] 后端全部通过
[2026-08-07 09:25:15] 前端结果: [2m Test Files [22m [1m[32m32 passed[39m[22m[90m (32)[39m;[2m      Tests [22m [1m[32m144 passed[39m[22m[90m (144)[39m;
[2026-08-07 09:25:15] 前端全部通过
[2026-08-07 09:25:15] ===== 第 424 轮结束，sleep 120 =====
[2026-08-07 09:27:15] ===== 第 425 轮开始 =====
[2026-08-07 09:27:27] 后端结果: ;
[2026-08-07 09:27:27] 后端全部通过
[2026-08-07 09:28:23] 前端结果: [2m Test Files [22m [1m[32m32 passed[39m[22m[90m (32)[39m;[2m      Tests [22m [1m[32m144 passed[39m[22m[90m (144)[39m;
[2026-08-07 09:28:23] 前端全部通过
[2026-08-07 09:28:23] ===== 第 425 轮结束，sleep 120 =====
[2026-08-07 09:30:23] ===== 第 426 轮开始 =====
[2026-08-07 09:30:35] 后端结果: ;
[2026-08-07 09:30:35] 后端全部通过
[2026-08-07 09:31:25] 前端结果: [2m Test Files [22m [1m[32m32 passed[39m[22m[90m (32)[39m;[2m      Tests [22m [1m[32m144 passed[39m[22m[90m (144)[39m;
[2026-08-07 09:31:26] 前端全部通过
[2026-08-07 09:31:26] ===== 第 426 轮结束，sleep 120 =====
[2026-08-07 09:33:26] ===== 第 427 轮开始 =====
[2026-08-07 09:33:37] 后端结果: ;
[2026-08-07 09:33:37] 后端全部通过
[2026-08-07 09:34:22] 前端结果: [2m Test Files [22m [1m[32m32 passed[39m[22m[90m (32)[39m;[2m      Tests [22m [1m[32m144 passed[39m[22m[90m (144)[39m;
[2026-08-07 09:34:22] 前端全部通过
[2026-08-07 09:34:22] ===== 第 427 轮结束，sleep 120 =====
[2026-08-07 09:36:22] ===== 第 428 轮开始 =====
[2026-08-07 09:36:34] 后端结果: ;
[2026-08-07 09:36:34] 后端全部通过
[2026-08-07 09:37:21] 前端结果: [2m Test Files [22m [1m[32m32 passed[39m[22m[90m (32)[39m;[2m      Tests [22m [1m[32m144 passed[39m[22m[90m (144)[39m;
[2026-08-07 09:37:21] 前端全部通过
[2026-08-07 09:37:22] ===== 第 428 轮结束，sleep 120 =====
[2026-08-07 09:39:22] ===== 第 429 轮开始 =====
[2026-08-07 09:39:33] 后端结果: ;
[2026-08-07 09:39:33] 后端全部通过
[2026-08-07 09:40:30] 前端结果: [2m Test Files [22m [1m[32m32 passed[39m[22m[90m (32)[39m;[2m      Tests [22m [1m[32m144 passed[39m[22m[90m (144)[39m;
[2026-08-07 09:40:30] 前端全部通过
[2026-08-07 09:40:31] ===== 第 429 轮结束，sleep 120 =====
[2026-08-07 09:42:31] ===== 第 430 轮开始 =====
[2026-08-07 09:42:42] 后端结果: ;
[2026-08-07 09:42:42] 后端全部通过
[2026-08-07 09:43:23] 前端结果: [2m Test Files [22m [1m[32m32 passed[39m[22m[90m (32)[39m;[2m      Tests [22m [1m[32m144 passed[39m[22m[90m (144)[39m;
[2026-08-07 09:43:23] 前端全部通过
[2026-08-07 09:43:23] ===== 第 430 轮结束，sleep 120 =====
[2026-08-07 09:45:23] ===== 第 431 轮开始 =====
[2026-08-07 09:45:34] 后端结果: ;
[2026-08-07 09:45:34] 后端全部通过
[2026-08-07 09:46:24] 前端结果: [2m Test Files [22m [1m[32m32 passed[39m[22m[90m (32)[39m;[2m      Tests [22m [1m[32m144 passed[39m[22m[90m (144)[39m;
[2026-08-07 09:46:24] 前端全部通过
[2026-08-07 09:46:24] ===== 第 431 轮结束，sleep 120 =====
[2026-08-07 09:48:24] ===== 第 432 轮开始 =====
[2026-08-07 09:48:35] 后端结果: ;
[2026-08-07 09:48:35] 后端全部通过
[2026-08-07 09:49:21] 前端结果: [2m Test Files [22m [1m[32m32 passed[39m[22m[90m (32)[39m;[2m      Tests [22m [1m[32m144 passed[39m[22m[90m (144)[39m;
[2026-08-07 09:49:21] 前端全部通过
[2026-08-07 09:49:21] ===== 第 432 轮结束，sleep 120 =====
[2026-08-07 09:51:21] ===== 第 433 轮开始 =====
[2026-08-07 09:51:32] 后端结果: ;
[2026-08-07 09:51:32] 后端全部通过
[2026-08-07 09:52:20] 前端结果: [2m Test Files [22m [1m[32m32 passed[39m[22m[90m (32)[39m;[2m      Tests [22m [1m[32m144 passed[39m[22m[90m (144)[39m;
[2026-08-07 09:52:21] 前端全部通过
[2026-08-07 09:52:21] ===== 第 433 轮结束，sleep 120 =====
[2026-08-07 09:54:21] ===== 第 434 轮开始 =====
[2026-08-07 09:54:34] 后端结果: ;
[2026-08-07 09:54:34] 后端全部通过
[2026-08-07 09:55:31] 前端结果: [2m Test Files [22m [1m[32m32 passed[39m[22m[90m (32)[39m;[2m      Tests [22m [1m[32m144 passed[39m[22m[90m (144)[39m;
[2026-08-07 09:55:31] 前端全部通过
[2026-08-07 09:55:31] ===== 第 434 轮结束，sleep 120 =====
[2026-08-07 09:57:31] ===== 第 435 轮开始 =====
[2026-08-07 09:57:43] 后端结果: ;
[2026-08-07 09:57:43] 后端全部通过
[2026-08-07 09:58:26] 前端结果: [2m Test Files [22m [1m[32m32 passed[39m[22m[90m (32)[39m;[2m      Tests [22m [1m[32m144 passed[39m[22m[90m (144)[39m;
[2026-08-07 09:58:26] 前端全部通过
[2026-08-07 09:58:26] ===== 第 435 轮结束，sleep 120 =====
[2026-08-07 10:00:26] ===== 第 436 轮开始 =====
[2026-08-07 10:00:37] 后端结果: ;
[2026-08-07 10:00:37] 后端全部通过
[2026-08-07 10:01:50] 前端结果: [2m Test Files [22m [1m[32m32 passed[39m[22m[90m (32)[39m;[2m      Tests [22m [1m[32m144 passed[39m[22m[90m (144)[39m;
[2026-08-07 10:01:50] 前端全部通过
[2026-08-07 10:01:51] ===== 第 436 轮结束，sleep 120 =====
[2026-08-07 10:03:51] ===== 第 437 轮开始 =====
[2026-08-07 10:04:02] 后端结果: ;
[2026-08-07 10:04:02] 后端全部通过
[2026-08-07 10:04:59] 前端结果: [2m Test Files [22m [1m[32m32 passed[39m[22m[90m (32)[39m;[2m      Tests [22m [1m[32m144 passed[39m[22m[90m (144)[39m;
[2026-08-07 10:05:00] 前端全部通过
[2026-08-07 10:05:00] ===== 第 437 轮结束，sleep 120 =====
[2026-08-07 10:07:00] ===== 第 438 轮开始 =====
[2026-08-07 10:07:12] 后端结果: ;
[2026-08-07 10:07:12] 后端全部通过
[2026-08-07 10:08:07] 前端结果: [2m Test Files [22m [1m[32m32 passed[39m[22m[90m (32)[39m;[2m      Tests [22m [1m[32m144 passed[39m[22m[90m (144)[39m;
[2026-08-07 10:08:07] 前端全部通过
[2026-08-07 10:08:07] ===== 第 438 轮结束，sleep 120 =====
[2026-08-07 10:10:07] ===== 第 439 轮开始 =====
[2026-08-07 10:10:18] 后端结果: ;
[2026-08-07 10:10:18] 后端全部通过
[2026-08-07 10:11:22] 前端结果: [2m Test Files [22m [1m[32m32 passed[39m[22m[90m (32)[39m;[2m      Tests [22m [1m[32m144 passed[39m[22m[90m (144)[39m;
[2026-08-07 10:11:23] 前端全部通过
[2026-08-07 10:11:23] ===== 第 439 轮结束，sleep 120 =====
[2026-08-07 10:13:23] ===== 第 440 轮开始 =====
[2026-08-07 10:13:34] 后端结果: ;
[2026-08-07 10:13:34] 后端全部通过
[2026-08-07 10:14:26] 前端结果: [2m Test Files [22m [1m[32m32 passed[39m[22m[90m (32)[39m;[2m      Tests [22m [1m[32m144 passed[39m[22m[90m (144)[39m;
[2026-08-07 10:14:26] 前端全部通过
[2026-08-07 10:14:26] ===== 第 440 轮结束，sleep 120 =====
[2026-08-07 10:16:26] ===== 第 441 轮开始 =====
[2026-08-07 10:16:37] 后端结果: ;
[2026-08-07 10:16:37] 后端全部通过
[2026-08-07 10:17:23] 前端结果: [2m Test Files [22m [1m[32m32 passed[39m[22m[90m (32)[39m;[2m      Tests [22m [1m[32m144 passed[39m[22m[90m (144)[39m;
[2026-08-07 10:17:23] 前端全部通过
[2026-08-07 10:17:23] ===== 第 441 轮结束，sleep 120 =====
[2026-08-07 10:19:23] ===== 第 442 轮开始 =====
[2026-08-07 10:19:34] 后端结果: ;
[2026-08-07 10:19:34] 后端全部通过
[2026-08-07 10:20:26] 前端结果: [2m Test Files [22m [1m[32m32 passed[39m[22m[90m (32)[39m;[2m      Tests [22m [1m[32m144 passed[39m[22m[90m (144)[39m;
[2026-08-07 10:20:26] 前端全部通过
[2026-08-07 10:20:26] ===== 第 442 轮结束，sleep 120 =====
[2026-08-07 10:22:26] ===== 第 443 轮开始 =====
[2026-08-07 10:22:38] 后端结果: ;
[2026-08-07 10:22:38] 后端全部通过
[2026-08-07 10:23:33] 前端结果: [2m Test Files [22m [1m[32m32 passed[39m[22m[90m (32)[39m;[2m      Tests [22m [1m[32m144 passed[39m[22m[90m (144)[39m;
[2026-08-07 10:23:33] 前端全部通过
[2026-08-07 10:23:33] ===== 第 443 轮结束，sleep 120 =====
[2026-08-07 10:25:33] ===== 第 444 轮开始 =====
[2026-08-07 10:25:45] 后端结果: ;
[2026-08-07 10:25:45] 后端全部通过
[2026-08-07 10:26:40] 前端结果: [2m Test Files [22m [1m[32m32 passed[39m[22m[90m (32)[39m;[2m      Tests [22m [1m[32m144 passed[39m[22m[90m (144)[39m;
[2026-08-07 10:26:40] 前端全部通过
[2026-08-07 10:26:40] ===== 第 444 轮结束，sleep 120 =====
[2026-08-07 10:28:40] ===== 第 445 轮开始 =====
[2026-08-07 10:28:51] 后端结果: ;
[2026-08-07 10:28:51] 后端全部通过
[2026-08-07 10:29:45] 前端结果: [2m Test Files [22m [1m[32m32 passed[39m[22m[90m (32)[39m;[2m      Tests [22m [1m[32m144 passed[39m[22m[90m (144)[39m;
[2026-08-07 10:29:46] 前端全部通过
[2026-08-07 10:29:46] ===== 第 445 轮结束，sleep 120 =====
[2026-08-07 10:31:46] ===== 第 446 轮开始 =====
[2026-08-07 10:31:57] 后端结果: ;
[2026-08-07 10:31:57] 后端全部通过
[2026-08-07 10:32:42] 前端结果: [2m Test Files [22m [1m[32m32 passed[39m[22m[90m (32)[39m;[2m      Tests [22m [1m[32m144 passed[39m[22m[90m (144)[39m;
[2026-08-07 10:32:42] 前端全部通过
[2026-08-07 10:32:42] ===== 第 446 轮结束，sleep 120 =====
[2026-08-07 10:34:42] ===== 第 447 轮开始 =====
[2026-08-07 10:34:54] 后端结果: ;
[2026-08-07 10:34:54] 后端全部通过
[2026-08-07 10:35:44] 前端结果: [2m Test Files [22m [1m[32m32 passed[39m[22m[90m (32)[39m;[2m      Tests [22m [1m[32m144 passed[39m[22m[90m (144)[39m;
[2026-08-07 10:35:44] 前端全部通过
[2026-08-07 10:35:45] ===== 第 447 轮结束，sleep 120 =====
[2026-08-07 10:37:45] ===== 第 448 轮开始 =====
[2026-08-07 10:37:56] 后端结果: ;
[2026-08-07 10:37:56] 后端全部通过
[2026-08-07 10:38:43] 前端结果: [2m Test Files [22m [1m[32m32 passed[39m[22m[90m (32)[39m;[2m      Tests [22m [1m[32m144 passed[39m[22m[90m (144)[39m;
[2026-08-07 10:38:43] 前端全部通过
[2026-08-07 10:38:43] ===== 第 448 轮结束，sleep 120 =====
[2026-08-07 10:40:43] ===== 第 449 轮开始 =====
[2026-08-07 10:40:55] 后端结果: ;
[2026-08-07 10:40:55] 后端全部通过
[2026-08-07 10:41:53] 前端结果: [2m Test Files [22m [1m[32m32 passed[39m[22m[90m (32)[39m;[2m      Tests [22m [1m[32m144 passed[39m[22m[90m (144)[39m;
[2026-08-07 10:41:53] 前端全部通过
[2026-08-07 10:41:54] ===== 第 449 轮结束，sleep 120 =====
[2026-08-07 10:43:54] ===== 第 450 轮开始 =====
[2026-08-07 10:44:05] 后端结果: ;
[2026-08-07 10:44:05] 后端全部通过
[2026-08-07 10:44:55] 前端结果: [2m Test Files [22m [1m[32m32 passed[39m[22m[90m (32)[39m;[2m      Tests [22m [1m[32m144 passed[39m[22m[90m (144)[39m;
[2026-08-07 10:44:55] 前端全部通过
[2026-08-07 10:44:56] ===== 第 450 轮结束，sleep 120 =====
[2026-08-07 10:46:56] ===== 第 451 轮开始 =====
[2026-08-07 10:47:08] 后端结果: ;
[2026-08-07 10:47:08] 后端全部通过
[2026-08-07 10:47:58] 前端结果: [2m Test Files [22m [1m[32m32 passed[39m[22m[90m (32)[39m;[2m      Tests [22m [1m[32m144 passed[39m[22m[90m (144)[39m;
[2026-08-07 10:47:58] 前端全部通过
[2026-08-07 10:47:59] ===== 第 451 轮结束，sleep 120 =====
[2026-08-07 10:49:59] ===== 第 452 轮开始 =====
[2026-08-07 10:50:10] 后端结果: ;
[2026-08-07 10:50:11] 后端全部通过
[2026-08-07 10:51:05] 前端结果: [2m Test Files [22m [1m[32m32 passed[39m[22m[90m (32)[39m;[2m      Tests [22m [1m[32m144 passed[39m[22m[90m (144)[39m;
[2026-08-07 10:51:05] 前端全部通过
[2026-08-07 10:51:05] ===== 第 452 轮结束，sleep 120 =====
[2026-08-07 10:53:05] ===== 第 453 轮开始 =====
[2026-08-07 10:53:16] 后端结果: ;
[2026-08-07 10:53:16] 后端全部通过
[2026-08-07 10:54:02] 前端结果: [2m Test Files [22m [1m[32m32 passed[39m[22m[90m (32)[39m;[2m      Tests [22m [1m[32m144 passed[39m[22m[90m (144)[39m;
[2026-08-07 10:54:02] 前端全部通过
[2026-08-07 10:54:03] ===== 第 453 轮结束，sleep 120 =====
[2026-08-07 10:56:03] ===== 第 454 轮开始 =====
[2026-08-07 10:56:14] 后端结果: ;
[2026-08-07 10:56:14] 后端全部通过
[2026-08-07 10:57:46] 前端结果: [31m⎯⎯⎯⎯⎯⎯⎯[39m[1m[41m Failed Tests 1 [49m[22m[31m⎯⎯⎯⎯⎯⎯⎯[39m;[2m Test Files [22m [1m[31m1 failed[39m[22m[2m | [22m[1m[32m31 passed[39m[22m[90m (32)[39m;[2m      Tests [22m [1m[31m1 failed[39m[22m[2m | [22m[1m[32m143 passed[39m[22m[90m (144)[39m;
[2026-08-07 10:57:46] 前端全部通过
[2026-08-07 10:57:46] ===== 第 454 轮结束，sleep 120 =====
[2026-08-07 10:59:46] ===== 第 455 轮开始 =====
[2026-08-07 10:59:57] 后端结果: ;
[2026-08-07 10:59:57] 后端全部通过
[2026-08-07 11:00:46] 前端结果: [2m Test Files [22m [1m[32m32 passed[39m[22m[90m (32)[39m;[2m      Tests [22m [1m[32m144 passed[39m[22m[90m (144)[39m;
[2026-08-07 11:00:46] 前端全部通过
[2026-08-07 11:00:46] ===== 第 455 轮结束，sleep 120 =====
[2026-08-07 11:02:46] ===== 第 456 轮开始 =====
[2026-08-07 11:02:57] 后端结果: ;
[2026-08-07 11:02:57] 后端全部通过
[2026-08-07 11:03:44] 前端结果: [2m Test Files [22m [1m[32m32 passed[39m[22m[90m (32)[39m;[2m      Tests [22m [1m[32m144 passed[39m[22m[90m (144)[39m;
[2026-08-07 11:03:44] 前端全部通过
[2026-08-07 11:03:45] ===== 第 456 轮结束，sleep 120 =====
[2026-08-07 11:05:45] ===== 第 457 轮开始 =====
[2026-08-07 11:05:57] 后端结果: ;
[2026-08-07 11:05:57] 后端全部通过
[2026-08-07 11:06:46] 前端结果: [2m Test Files [22m [1m[32m32 passed[39m[22m[90m (32)[39m;[2m      Tests [22m [1m[32m144 passed[39m[22m[90m (144)[39m;
[2026-08-07 11:06:46] 前端全部通过
[2026-08-07 11:06:47] ===== 第 457 轮结束，sleep 120 =====
[2026-08-07 11:08:47] ===== 第 458 轮开始 =====
[2026-08-07 11:08:59] 后端结果: ;
[2026-08-07 11:08:59] 后端全部通过
[2026-08-07 11:10:04] 前端结果: [2m Test Files [22m [1m[32m32 passed[39m[22m[90m (32)[39m;[2m      Tests [22m [1m[32m144 passed[39m[22m[90m (144)[39m;
[2026-08-07 11:10:04] 前端全部通过
[2026-08-07 11:10:05] ===== 第 458 轮结束，sleep 120 =====
[2026-08-07 11:12:05] ===== 第 459 轮开始 =====
[2026-08-07 11:12:16] 后端结果: ;
[2026-08-07 11:12:16] 后端全部通过
[2026-08-07 11:13:05] 前端结果: [2m Test Files [22m [1m[32m32 passed[39m[22m[90m (32)[39m;[2m      Tests [22m [1m[32m144 passed[39m[22m[90m (144)[39m;
[2026-08-07 11:13:05] 前端全部通过
[2026-08-07 11:13:06] ===== 第 459 轮结束，sleep 120 =====
[2026-08-07 11:15:06] ===== 第 460 轮开始 =====
[2026-08-07 11:15:17] 后端结果: ;
[2026-08-07 11:15:17] 后端全部通过
[2026-08-07 11:16:14] 前端结果: [2m Test Files [22m [1m[32m32 passed[39m[22m[90m (32)[39m;[2m      Tests [22m [1m[32m144 passed[39m[22m[90m (144)[39m;
[2026-08-07 11:16:14] 前端全部通过
[2026-08-07 11:16:15] ===== 第 460 轮结束，sleep 120 =====
[2026-08-07 11:18:15] ===== 第 461 轮开始 =====
[2026-08-07 11:18:26] 后端结果: ;
[2026-08-07 11:18:26] 后端全部通过
[2026-08-07 11:19:22] 前端结果: [2m Test Files [22m [1m[32m32 passed[39m[22m[90m (32)[39m;[2m      Tests [22m [1m[32m144 passed[39m[22m[90m (144)[39m;
[2026-08-07 11:19:22] 前端全部通过
[2026-08-07 11:19:22] ===== 第 461 轮结束，sleep 120 =====
[2026-08-07 11:21:22] ===== 第 462 轮开始 =====
[2026-08-07 11:21:33] 后端结果: ;
[2026-08-07 11:21:33] 后端全部通过
[2026-08-07 11:22:32] 前端结果: [2m Test Files [22m [1m[32m32 passed[39m[22m[90m (32)[39m;[2m      Tests [22m [1m[32m144 passed[39m[22m[90m (144)[39m;
[2026-08-07 11:22:32] 前端全部通过
[2026-08-07 11:22:32] ===== 第 462 轮结束，sleep 120 =====
[2026-08-07 11:24:32] ===== 第 463 轮开始 =====
[2026-08-07 11:24:44] 后端结果: ;
[2026-08-07 11:24:44] 后端全部通过
[2026-08-07 11:25:34] 前端结果: [2m Test Files [22m [1m[32m32 passed[39m[22m[90m (32)[39m;[2m      Tests [22m [1m[32m144 passed[39m[22m[90m (144)[39m;
[2026-08-07 11:25:34] 前端全部通过
[2026-08-07 11:25:35] ===== 第 463 轮结束，sleep 120 =====
[2026-08-07 11:27:35] ===== 第 464 轮开始 =====
[2026-08-07 11:27:46] 后端结果: ;
[2026-08-07 11:27:46] 后端全部通过
[2026-08-07 11:28:31] 前端结果: [2m Test Files [22m [1m[32m32 passed[39m[22m[90m (32)[39m;[2m      Tests [22m [1m[32m144 passed[39m[22m[90m (144)[39m;
[2026-08-07 11:28:31] 前端全部通过
[2026-08-07 11:28:32] ===== 第 464 轮结束，sleep 120 =====
[2026-08-07 11:30:32] ===== 第 465 轮开始 =====
[2026-08-07 11:30:43] 后端结果: ;
[2026-08-07 11:30:43] 后端全部通过
[2026-08-07 11:31:37] 前端结果: [2m Test Files [22m [1m[32m32 passed[39m[22m[90m (32)[39m;[2m      Tests [22m [1m[32m144 passed[39m[22m[90m (144)[39m;
[2026-08-07 11:31:37] 前端全部通过
[2026-08-07 11:31:38] ===== 第 465 轮结束，sleep 120 =====
[2026-08-07 11:33:38] ===== 第 466 轮开始 =====
[2026-08-07 11:33:49] 后端结果: ;
[2026-08-07 11:33:49] 后端全部通过
[2026-08-07 11:34:32] 前端结果: [2m Test Files [22m [1m[32m32 passed[39m[22m[90m (32)[39m;[2m      Tests [22m [1m[32m144 passed[39m[22m[90m (144)[39m;
[2026-08-07 11:34:32] 前端全部通过
[2026-08-07 11:34:33] ===== 第 466 轮结束，sleep 120 =====
[2026-08-07 11:36:33] ===== 第 467 轮开始 =====
[2026-08-07 11:36:44] 后端结果: ;
[2026-08-07 11:36:44] 后端全部通过
[2026-08-07 11:37:35] 前端结果: [2m Test Files [22m [1m[32m32 passed[39m[22m[90m (32)[39m;[2m      Tests [22m [1m[32m144 passed[39m[22m[90m (144)[39m;
[2026-08-07 11:37:35] 前端全部通过
[2026-08-07 11:37:35] ===== 第 467 轮结束，sleep 120 =====
[2026-08-07 11:39:35] ===== 第 468 轮开始 =====
[2026-08-07 11:39:47] 后端结果: ;
[2026-08-07 11:39:47] 后端全部通过
[2026-08-07 11:40:41] 前端结果: [2m Test Files [22m [1m[32m32 passed[39m[22m[90m (32)[39m;[2m      Tests [22m [1m[32m144 passed[39m[22m[90m (144)[39m;
[2026-08-07 11:40:41] 前端全部通过
[2026-08-07 11:40:42] ===== 第 468 轮结束，sleep 120 =====
[2026-08-07 11:42:42] ===== 第 469 轮开始 =====
[2026-08-07 11:42:54] 后端结果: ;
[2026-08-07 11:42:54] 后端全部通过
[2026-08-07 11:43:54] 前端结果: [2m Test Files [22m [1m[32m32 passed[39m[22m[90m (32)[39m;[2m      Tests [22m [1m[32m144 passed[39m[22m[90m (144)[39m;
[2026-08-07 11:43:54] 前端全部通过
[2026-08-07 11:43:55] ===== 第 469 轮结束，sleep 120 =====
[2026-08-07 11:45:55] ===== 第 470 轮开始 =====
[2026-08-07 11:46:06] 后端结果: ;
[2026-08-07 11:46:06] 后端全部通过
[2026-08-07 11:47:01] 前端结果: [2m Test Files [22m [1m[32m32 passed[39m[22m[90m (32)[39m;[2m      Tests [22m [1m[32m144 passed[39m[22m[90m (144)[39m;
[2026-08-07 11:47:01] 前端全部通过
[2026-08-07 11:47:02] ===== 第 470 轮结束，sleep 120 =====
[2026-08-07 11:49:02] ===== 第 471 轮开始 =====
[2026-08-07 11:49:13] 后端结果: ;
[2026-08-07 11:49:13] 后端全部通过
[2026-08-07 11:50:06] 前端结果: [2m Test Files [22m [1m[32m32 passed[39m[22m[90m (32)[39m;[2m      Tests [22m [1m[32m144 passed[39m[22m[90m (144)[39m;
[2026-08-07 11:50:06] 前端全部通过
[2026-08-07 11:50:06] ===== 第 471 轮结束，sleep 120 =====
[2026-08-07 11:52:06] ===== 第 472 轮开始 =====
[2026-08-07 11:52:17] 后端结果: ;
[2026-08-07 11:52:17] 后端全部通过
[2026-08-07 11:53:19] 前端结果: [2m Test Files [22m [1m[32m32 passed[39m[22m[90m (32)[39m;[2m      Tests [22m [1m[32m144 passed[39m[22m[90m (144)[39m;
[2026-08-07 11:53:19] 前端全部通过
[2026-08-07 11:53:20] ===== 第 472 轮结束，sleep 120 =====
[2026-08-07 11:55:20] ===== 第 473 轮开始 =====
[2026-08-07 11:55:31] 后端结果: ;
[2026-08-07 11:55:31] 后端全部通过
[2026-08-07 11:56:26] 前端结果: [2m Test Files [22m [1m[32m32 passed[39m[22m[90m (32)[39m;[2m      Tests [22m [1m[32m144 passed[39m[22m[90m (144)[39m;
[2026-08-07 11:56:26] 前端全部通过
[2026-08-07 11:56:26] ===== 第 473 轮结束，sleep 120 =====
[2026-08-07 11:58:26] ===== 第 474 轮开始 =====
[2026-08-07 11:58:38] 后端结果: ;
[2026-08-07 11:58:38] 后端全部通过
[2026-08-07 11:59:22] 前端结果: [2m Test Files [22m [1m[32m32 passed[39m[22m[90m (32)[39m;[2m      Tests [22m [1m[32m144 passed[39m[22m[90m (144)[39m;
[2026-08-07 11:59:23] 前端全部通过
[2026-08-07 11:59:23] ===== 第 474 轮结束，sleep 120 =====
[2026-08-07 12:01:23] ===== 第 475 轮开始 =====
[2026-08-07 12:01:34] 后端结果: ;
[2026-08-07 12:01:34] 后端全部通过
[2026-08-07 12:02:21] 前端结果: [2m Test Files [22m [1m[32m32 passed[39m[22m[90m (32)[39m;[2m      Tests [22m [1m[32m144 passed[39m[22m[90m (144)[39m;
[2026-08-07 12:02:22] 前端全部通过
[2026-08-07 12:02:22] ===== 第 475 轮结束，sleep 120 =====
[2026-08-07 12:04:22] ===== 第 476 轮开始 =====
[2026-08-07 12:04:33] 后端结果: ;
[2026-08-07 12:04:33] 后端全部通过
[2026-08-07 12:05:29] 前端结果: [2m Test Files [22m [1m[32m32 passed[39m[22m[90m (32)[39m;[2m      Tests [22m [1m[32m144 passed[39m[22m[90m (144)[39m;
[2026-08-07 12:05:29] 前端全部通过
[2026-08-07 12:05:30] ===== 第 476 轮结束，sleep 120 =====
[2026-08-07 12:07:30] ===== 第 477 轮开始 =====
[2026-08-07 12:07:41] 后端结果: ;
[2026-08-07 12:07:41] 后端全部通过
[2026-08-07 12:08:22] 前端结果: [2m Test Files [22m [1m[32m32 passed[39m[22m[90m (32)[39m;[2m      Tests [22m [1m[32m144 passed[39m[22m[90m (144)[39m;
[2026-08-07 12:08:22] 前端全部通过
[2026-08-07 12:08:23] ===== 第 477 轮结束，sleep 120 =====
[2026-08-07 12:10:23] ===== 第 478 轮开始 =====
[2026-08-07 12:10:34] 后端结果: ;
[2026-08-07 12:10:34] 后端全部通过
[2026-08-07 12:11:23] 前端结果: [2m Test Files [22m [1m[32m32 passed[39m[22m[90m (32)[39m;[2m      Tests [22m [1m[32m144 passed[39m[22m[90m (144)[39m;
[2026-08-07 12:11:23] 前端全部通过
[2026-08-07 12:11:23] ===== 第 478 轮结束，sleep 120 =====
[2026-08-07 12:13:23] ===== 第 479 轮开始 =====
[2026-08-07 12:13:35] 后端结果: ;
[2026-08-07 12:13:35] 后端全部通过
[2026-08-07 12:14:44] 前端结果: [2m Test Files [22m [1m[32m32 passed[39m[22m[90m (32)[39m;[2m      Tests [22m [1m[32m144 passed[39m[22m[90m (144)[39m;
[2026-08-07 12:14:44] 前端全部通过
[2026-08-07 12:14:44] ===== 第 479 轮结束，sleep 120 =====
[2026-08-07 12:16:44] ===== 第 480 轮开始 =====
[2026-08-07 12:16:56] 后端结果: ;
[2026-08-07 12:16:56] 后端全部通过
[2026-08-07 12:17:50] 前端结果: [2m Test Files [22m [1m[32m32 passed[39m[22m[90m (32)[39m;[2m      Tests [22m [1m[32m144 passed[39m[22m[90m (144)[39m;
[2026-08-07 12:17:51] 前端全部通过
[2026-08-07 12:17:51] ===== 第 480 轮结束，sleep 120 =====
[2026-08-07 12:19:51] ===== 第 481 轮开始 =====
[2026-08-07 12:20:02] 后端结果: ;
[2026-08-07 12:20:02] 后端全部通过
[2026-08-07 12:21:06] 前端结果: [2m Test Files [22m [1m[32m32 passed[39m[22m[90m (32)[39m;[2m      Tests [22m [1m[32m144 passed[39m[22m[90m (144)[39m;
[2026-08-07 12:21:06] 前端全部通过
[2026-08-07 12:21:06] ===== 第 481 轮结束，sleep 120 =====
[2026-08-07 12:23:06] ===== 第 482 轮开始 =====
[2026-08-07 12:23:17] 后端结果: ;
[2026-08-07 12:23:17] 后端全部通过
[2026-08-07 12:24:05] 前端结果: [2m Test Files [22m [1m[32m32 passed[39m[22m[90m (32)[39m;[2m      Tests [22m [1m[32m144 passed[39m[22m[90m (144)[39m;
[2026-08-07 12:24:05] 前端全部通过
[2026-08-07 12:24:06] ===== 第 482 轮结束，sleep 120 =====
[2026-08-07 12:26:06] ===== 第 483 轮开始 =====
[2026-08-07 12:26:17] 后端结果: ;
[2026-08-07 12:26:17] 后端全部通过
[2026-08-07 12:27:16] 前端结果: [2m Test Files [22m [1m[32m32 passed[39m[22m[90m (32)[39m;[2m      Tests [22m [1m[32m144 passed[39m[22m[90m (144)[39m;
[2026-08-07 12:27:16] 前端全部通过
[2026-08-07 12:27:16] ===== 第 483 轮结束，sleep 120 =====
[2026-08-07 12:29:16] ===== 第 484 轮开始 =====
[2026-08-07 12:29:28] 后端结果: ;
[2026-08-07 12:29:28] 后端全部通过
[2026-08-07 12:30:15] 前端结果: [2m Test Files [22m [1m[32m32 passed[39m[22m[90m (32)[39m;[2m      Tests [22m [1m[32m144 passed[39m[22m[90m (144)[39m;
[2026-08-07 12:30:15] 前端全部通过
[2026-08-07 12:30:16] ===== 第 484 轮结束，sleep 120 =====
[2026-08-07 12:32:16] ===== 第 485 轮开始 =====
[2026-08-07 12:32:27] 后端结果: ;
[2026-08-07 12:32:27] 后端全部通过
[2026-08-07 12:33:14] 前端结果: [2m Test Files [22m [1m[32m32 passed[39m[22m[90m (32)[39m;[2m      Tests [22m [1m[32m144 passed[39m[22m[90m (144)[39m;
[2026-08-07 12:33:14] 前端全部通过
[2026-08-07 12:33:14] ===== 第 485 轮结束，sleep 120 =====
[2026-08-07 12:35:14] ===== 第 486 轮开始 =====
[2026-08-07 12:35:26] 后端结果: ;
[2026-08-07 12:35:26] 后端全部通过
[2026-08-07 12:36:11] 前端结果: [2m Test Files [22m [1m[32m32 passed[39m[22m[90m (32)[39m;[2m      Tests [22m [1m[32m144 passed[39m[22m[90m (144)[39m;
[2026-08-07 12:36:11] 前端全部通过
[2026-08-07 12:36:12] ===== 第 486 轮结束，sleep 120 =====
[2026-08-07 12:38:12] ===== 第 487 轮开始 =====
[2026-08-07 12:38:23] 后端结果: ;
[2026-08-07 12:38:23] 后端全部通过
[2026-08-07 12:39:23] 前端结果: [31m⎯⎯⎯⎯⎯⎯⎯[39m[1m[41m Failed Tests 1 [49m[22m[31m⎯⎯⎯⎯⎯⎯⎯[39m;[2m Test Files [22m [1m[31m1 failed[39m[22m[2m | [22m[1m[32m31 passed[39m[22m[90m (32)[39m;[2m      Tests [22m [1m[31m1 failed[39m[22m[2m | [22m[1m[32m143 passed[39m[22m[90m (144)[39m;
[2026-08-07 12:39:23] 前端全部通过
[2026-08-07 12:39:23] ===== 第 487 轮结束，sleep 120 =====
[2026-08-07 12:41:23] ===== 第 488 轮开始 =====
[2026-08-07 12:41:34] 后端结果: ;
[2026-08-07 12:41:34] 后端全部通过
[2026-08-07 12:42:47] 前端结果: [2m Test Files [22m [1m[32m32 passed[39m[22m[90m (32)[39m;[2m      Tests [22m [1m[32m144 passed[39m[22m[90m (144)[39m;
[2026-08-07 12:42:47] 前端全部通过
[2026-08-07 12:42:47] ===== 第 488 轮结束，sleep 120 =====
[2026-08-07 12:44:47] ===== 第 489 轮开始 =====
[2026-08-07 12:44:58] 后端结果: ;
[2026-08-07 12:44:58] 后端全部通过
[2026-08-07 12:46:05] 前端结果: [2m Test Files [22m [1m[32m32 passed[39m[22m[90m (32)[39m;[2m      Tests [22m [1m[32m144 passed[39m[22m[90m (144)[39m;
[2026-08-07 12:46:05] 前端全部通过
[2026-08-07 12:46:05] ===== 第 489 轮结束，sleep 120 =====
[2026-08-07 12:48:05] ===== 第 490 轮开始 =====
[2026-08-07 12:48:17] 后端结果: ;
[2026-08-07 12:48:17] 后端全部通过
[2026-08-07 12:49:04] 前端结果: [2m Test Files [22m [1m[32m32 passed[39m[22m[90m (32)[39m;[2m      Tests [22m [1m[32m144 passed[39m[22m[90m (144)[39m;
[2026-08-07 12:49:04] 前端全部通过
[2026-08-07 12:49:04] ===== 第 490 轮结束，sleep 120 =====
[2026-08-07 12:51:04] ===== 第 491 轮开始 =====
[2026-08-07 12:51:15] 后端结果: ;
[2026-08-07 12:51:15] 后端全部通过
[2026-08-07 12:52:10] 前端结果: [2m Test Files [22m [1m[32m32 passed[39m[22m[90m (32)[39m;[2m      Tests [22m [1m[32m144 passed[39m[22m[90m (144)[39m;
[2026-08-07 12:52:10] 前端全部通过
[2026-08-07 12:52:11] ===== 第 491 轮结束，sleep 120 =====
[2026-08-07 12:54:11] ===== 第 492 轮开始 =====
[2026-08-07 12:54:22] 后端结果: ;
[2026-08-07 12:54:22] 后端全部通过
[2026-08-07 12:55:24] 前端结果: [2m Test Files [22m [1m[32m32 passed[39m[22m[90m (32)[39m;[2m      Tests [22m [1m[32m144 passed[39m[22m[90m (144)[39m;
[2026-08-07 12:55:24] 前端全部通过
[2026-08-07 12:55:25] ===== 第 492 轮结束，sleep 120 =====
[2026-08-07 12:57:25] ===== 第 493 轮开始 =====
[2026-08-07 12:57:37] 后端结果: ;
[2026-08-07 12:57:37] 后端全部通过
[2026-08-07 12:58:30] 前端结果: [2m Test Files [22m [1m[32m32 passed[39m[22m[90m (32)[39m;[2m      Tests [22m [1m[32m144 passed[39m[22m[90m (144)[39m;
[2026-08-07 12:58:30] 前端全部通过
[2026-08-07 12:58:30] ===== 第 493 轮结束，sleep 120 =====
[2026-08-07 13:00:30] ===== 第 494 轮开始 =====
[2026-08-07 13:00:41] 后端结果: ;
[2026-08-07 13:00:41] 后端全部通过
[2026-08-07 13:01:35] 前端结果: [2m Test Files [22m [1m[32m32 passed[39m[22m[90m (32)[39m;[2m      Tests [22m [1m[32m144 passed[39m[22m[90m (144)[39m;
[2026-08-07 13:01:35] 前端全部通过
[2026-08-07 13:01:35] ===== 第 494 轮结束，sleep 120 =====
[2026-08-07 13:03:35] ===== 第 495 轮开始 =====
[2026-08-07 13:03:47] 后端结果: ;
[2026-08-07 13:03:47] 后端全部通过
[2026-08-07 13:04:37] 前端结果: [2m Test Files [22m [1m[32m32 passed[39m[22m[90m (32)[39m;[2m      Tests [22m [1m[32m144 passed[39m[22m[90m (144)[39m;
[2026-08-07 13:04:37] 前端全部通过
[2026-08-07 13:04:37] ===== 第 495 轮结束，sleep 120 =====
[2026-08-07 13:06:37] ===== 第 496 轮开始 =====
[2026-08-07 13:06:49] 后端结果: ;
[2026-08-07 13:06:49] 后端全部通过
[2026-08-07 13:07:36] 前端结果: [2m Test Files [22m [1m[32m32 passed[39m[22m[90m (32)[39m;[2m      Tests [22m [1m[32m144 passed[39m[22m[90m (144)[39m;
[2026-08-07 13:07:36] 前端全部通过
[2026-08-07 13:07:37] ===== 第 496 轮结束，sleep 120 =====
[2026-08-07 13:09:37] ===== 第 497 轮开始 =====
[2026-08-07 13:09:48] 后端结果: ;
[2026-08-07 13:09:48] 后端全部通过
[2026-08-07 13:10:45] 前端结果: [2m Test Files [22m [1m[32m32 passed[39m[22m[90m (32)[39m;[2m      Tests [22m [1m[32m144 passed[39m[22m[90m (144)[39m;
[2026-08-07 13:10:45] 前端全部通过
[2026-08-07 13:10:46] ===== 第 497 轮结束，sleep 120 =====
[2026-08-07 13:12:46] ===== 第 498 轮开始 =====
[2026-08-07 13:12:57] 后端结果: ;
[2026-08-07 13:12:57] 后端全部通过
[2026-08-07 13:13:47] 前端结果: [2m Test Files [22m [1m[32m32 passed[39m[22m[90m (32)[39m;[2m      Tests [22m [1m[32m144 passed[39m[22m[90m (144)[39m;
[2026-08-07 13:13:47] 前端全部通过
[2026-08-07 13:13:47] ===== 第 498 轮结束，sleep 120 =====
[2026-08-07 13:15:47] ===== 第 499 轮开始 =====
[2026-08-07 13:15:58] 后端结果: ;
[2026-08-07 13:15:58] 后端全部通过
[2026-08-07 13:16:42] 前端结果: [2m Test Files [22m [1m[32m32 passed[39m[22m[90m (32)[39m;[2m      Tests [22m [1m[32m144 passed[39m[22m[90m (144)[39m;
[2026-08-07 13:16:42] 前端全部通过
[2026-08-07 13:16:43] ===== 第 499 轮结束，sleep 120 =====
[2026-08-07 13:18:43] ===== 第 500 轮开始 =====
[2026-08-07 13:18:54] 后端结果: ;
[2026-08-07 13:18:54] 后端全部通过
[2026-08-07 13:19:47] 前端结果: [2m Test Files [22m [1m[32m32 passed[39m[22m[90m (32)[39m;[2m      Tests [22m [1m[32m144 passed[39m[22m[90m (144)[39m;
[2026-08-07 13:19:47] 前端全部通过
[2026-08-07 13:19:48] ===== 第 500 轮结束，sleep 120 =====
[2026-08-07 13:21:48] ===== 第 501 轮开始 =====
[2026-08-07 13:21:59] 后端结果: ;
[2026-08-07 13:21:59] 后端全部通过
[2026-08-07 13:22:55] 前端结果: [2m Test Files [22m [1m[32m32 passed[39m[22m[90m (32)[39m;[2m      Tests [22m [1m[32m144 passed[39m[22m[90m (144)[39m;
[2026-08-07 13:22:55] 前端全部通过
[2026-08-07 13:22:55] ===== 第 501 轮结束，sleep 120 =====
[2026-08-07 13:24:55] ===== 第 502 轮开始 =====
[2026-08-07 13:25:07] 后端结果: ;
[2026-08-07 13:25:07] 后端全部通过
[2026-08-07 13:26:07] 前端结果: [2m Test Files [22m [1m[32m32 passed[39m[22m[90m (32)[39m;[2m      Tests [22m [1m[32m144 passed[39m[22m[90m (144)[39m;
[2026-08-07 13:26:08] 前端全部通过
[2026-08-07 13:26:08] ===== 第 502 轮结束，sleep 120 =====
[2026-08-07 13:28:08] ===== 第 503 轮开始 =====
[2026-08-07 13:28:19] 后端结果: ;
[2026-08-07 13:28:19] 后端全部通过
[2026-08-07 13:29:14] 前端结果: [2m Test Files [22m [1m[32m32 passed[39m[22m[90m (32)[39m;[2m      Tests [22m [1m[32m144 passed[39m[22m[90m (144)[39m;
[2026-08-07 13:29:14] 前端全部通过
[2026-08-07 13:29:14] ===== 第 503 轮结束，sleep 120 =====
[2026-08-07 13:31:14] ===== 第 504 轮开始 =====
[2026-08-07 13:31:25] 后端结果: ;
[2026-08-07 13:31:25] 后端全部通过
[2026-08-07 13:32:12] 前端结果: [2m Test Files [22m [1m[32m32 passed[39m[22m[90m (32)[39m;[2m      Tests [22m [1m[32m144 passed[39m[22m[90m (144)[39m;
[2026-08-07 13:32:12] 前端全部通过
[2026-08-07 13:32:12] ===== 第 504 轮结束，sleep 120 =====
[2026-08-07 13:34:12] ===== 第 505 轮开始 =====
[2026-08-07 13:34:24] 后端结果: ;
[2026-08-07 13:34:24] 后端全部通过
[2026-08-07 13:35:17] 前端结果: [2m Test Files [22m [1m[32m32 passed[39m[22m[90m (32)[39m;[2m      Tests [22m [1m[32m144 passed[39m[22m[90m (144)[39m;
[2026-08-07 13:35:17] 前端全部通过
[2026-08-07 13:35:17] ===== 第 505 轮结束，sleep 120 =====
[2026-08-07 13:37:17] ===== 第 506 轮开始 =====
[2026-08-07 13:37:28] 后端结果: ;
[2026-08-07 13:37:28] 后端全部通过
[2026-08-07 13:38:26] 前端结果: [2m Test Files [22m [1m[32m32 passed[39m[22m[90m (32)[39m;[2m      Tests [22m [1m[32m144 passed[39m[22m[90m (144)[39m;
[2026-08-07 13:38:26] 前端全部通过
[2026-08-07 13:38:27] ===== 第 506 轮结束，sleep 120 =====
[2026-08-07 13:40:27] ===== 第 507 轮开始 =====
[2026-08-07 13:40:38] 后端结果: ;
[2026-08-07 13:40:38] 后端全部通过
[2026-08-07 13:41:26] 前端结果: [2m Test Files [22m [1m[32m32 passed[39m[22m[90m (32)[39m;[2m      Tests [22m [1m[32m144 passed[39m[22m[90m (144)[39m;
[2026-08-07 13:41:27] 前端全部通过
[2026-08-07 13:41:27] ===== 第 507 轮结束，sleep 120 =====
[2026-08-07 13:43:27] ===== 第 508 轮开始 =====
[2026-08-07 13:43:38] 后端结果: ;
[2026-08-07 13:43:38] 后端全部通过
[2026-08-07 13:44:34] 前端结果: [2m Test Files [22m [1m[32m32 passed[39m[22m[90m (32)[39m;[2m      Tests [22m [1m[32m144 passed[39m[22m[90m (144)[39m;
[2026-08-07 13:44:34] 前端全部通过
[2026-08-07 13:44:34] ===== 第 508 轮结束，sleep 120 =====
[2026-08-07 13:46:34] ===== 第 509 轮开始 =====
[2026-08-07 13:46:49] 后端结果: ;
[2026-08-07 13:46:49] 后端全部通过
[2026-08-07 13:48:58] 前端结果: [31m⎯⎯⎯⎯⎯⎯⎯[39m[1m[41m Failed Tests 1 [49m[22m[31m⎯⎯⎯⎯⎯⎯⎯[39m;[2m Test Files [22m [1m[31m1 failed[39m[22m[2m | [22m[1m[32m31 passed[39m[22m[90m (32)[39m;[2m      Tests [22m [1m[31m1 failed[39m[22m[2m | [22m[1m[32m143 passed[39m[22m[90m (144)[39m;
[2026-08-07 13:48:58] 前端全部通过
[2026-08-07 13:48:58] ===== 第 509 轮结束，sleep 120 =====
[2026-08-07 13:50:59] ===== 第 510 轮开始 =====
[2026-08-07 13:51:05] 后端结果:   /workspace/agent-engine/app/models/users.py:136: PydanticDeprecatedSince20: Support for class-based `config` is deprecated, use ConfigDict instead. Deprecated in Pydantic V2.0 to be removed in V3.0. See Pydantic V2 Migration Guide at https://errors.pydantic.dev/2.13/migration/;  /workspace/agent-engine/app/models/users.py:210: PydanticDeprecatedSince20: Support for class-based `config` is deprecated, use ConfigDict instead. Deprecated in Pydantic V2.0 to be removed in V3.0. See Pydantic V2 Migration Guide at https://errors.pydantic.dev/2.13/migration/;!!!!!!!!!!!!!!!!!!!! Interrupted: 1 error during collection !!!!!!!!!!!!!!!!!!!!;4 warnings, 1 error in 0.32s;
[2026-08-07 13:51:05] backend: 记录 2 个失败到 /workspace/.monkeycode/loop/backend_fail_20260807_135105.txt
[2026-08-07 13:51:08] 后端复验:   /workspace/agent-engine/app/models/users.py:136: PydanticDeprecatedSince20: Support for class-based `config` is deprecated, use ConfigDict instead. Deprecated in Pydantic V2.0 to be removed in V3.0. See Pydantic V2 Migration Guide at https://errors.pydantic.dev/2.13/migration/;  /workspace/agent-engine/app/models/users.py:210: PydanticDeprecatedSince20: Support for class-based `config` is deprecated, use ConfigDict instead. Deprecated in Pydantic V2.0 to be removed in V3.0. See Pydantic V2 Migration Guide at https://errors.pydantic.dev/2.13/migration/;!!!!!!!!!!!!!!!!!!!! Interrupted: 1 error during collection !!!!!!!!!!!!!!!!!!!!;4 warnings, 1 error in 0.27s;
[2026-08-07 13:51:08] 后端复验通过
[2026-08-07 13:52:14] 前端结果: [2m Test Files [22m [1m[31m1 failed[39m[22m[2m | [22m[1m[32m31 passed[39m[22m[90m (32)[39m;[2m      Tests [22m [1m[32m135 passed[39m[22m[2m | [22m[33m9 skipped[39m[90m (144)[39m;
[2026-08-07 13:52:14] 前端全部通过
[2026-08-07 13:52:15] ===== 第 510 轮结束，sleep 120 =====
[2026-08-07 13:54:15] ===== 第 511 轮开始 =====
[2026-08-07 13:54:19] 后端结果:   /workspace/agent-engine/app/models/users.py:136: PydanticDeprecatedSince20: Support for class-based `config` is deprecated, use ConfigDict instead. Deprecated in Pydantic V2.0 to be removed in V3.0. See Pydantic V2 Migration Guide at https://errors.pydantic.dev/2.13/migration/;  /workspace/agent-engine/app/models/users.py:210: PydanticDeprecatedSince20: Support for class-based `config` is deprecated, use ConfigDict instead. Deprecated in Pydantic V2.0 to be removed in V3.0. See Pydantic V2 Migration Guide at https://errors.pydantic.dev/2.13/migration/;!!!!!!!!!!!!!!!!!!!! Interrupted: 1 error during collection !!!!!!!!!!!!!!!!!!!!;4 warnings, 1 error in 0.30s;
[2026-08-07 13:54:19] backend: 记录 2 个失败到 /workspace/.monkeycode/loop/backend_fail_20260807_135419.txt
[2026-08-07 13:54:22] 后端复验:   /workspace/agent-engine/app/models/users.py:136: PydanticDeprecatedSince20: Support for class-based `config` is deprecated, use ConfigDict instead. Deprecated in Pydantic V2.0 to be removed in V3.0. See Pydantic V2 Migration Guide at https://errors.pydantic.dev/2.13/migration/;  /workspace/agent-engine/app/models/users.py:210: PydanticDeprecatedSince20: Support for class-based `config` is deprecated, use ConfigDict instead. Deprecated in Pydantic V2.0 to be removed in V3.0. See Pydantic V2 Migration Guide at https://errors.pydantic.dev/2.13/migration/;!!!!!!!!!!!!!!!!!!!! Interrupted: 1 error during collection !!!!!!!!!!!!!!!!!!!!;4 warnings, 1 error in 0.30s;
[2026-08-07 13:54:22] 后端复验通过
[2026-08-07 13:55:43] 前端结果: [2m Test Files [22m [1m[32m32 passed[39m[22m[90m (32)[39m;[2m      Tests [22m [1m[32m144 passed[39m[22m[90m (144)[39m;
[2026-08-07 13:55:43] 前端全部通过
[2026-08-07 13:55:44] ===== 第 511 轮结束，sleep 120 =====
[2026-08-07 13:57:44] ===== 第 512 轮开始 =====
[2026-08-07 13:57:48] 后端结果:   /workspace/agent-engine/app/models/users.py:136: PydanticDeprecatedSince20: Support for class-based `config` is deprecated, use ConfigDict instead. Deprecated in Pydantic V2.0 to be removed in V3.0. See Pydantic V2 Migration Guide at https://errors.pydantic.dev/2.13/migration/;  /workspace/agent-engine/app/models/users.py:210: PydanticDeprecatedSince20: Support for class-based `config` is deprecated, use ConfigDict instead. Deprecated in Pydantic V2.0 to be removed in V3.0. See Pydantic V2 Migration Guide at https://errors.pydantic.dev/2.13/migration/;!!!!!!!!!!!!!!!!!!!! Interrupted: 1 error during collection !!!!!!!!!!!!!!!!!!!!;4 warnings, 1 error in 0.36s;
[2026-08-07 13:57:48] backend: 记录 2 个失败到 /workspace/.monkeycode/loop/backend_fail_20260807_135748.txt
[2026-08-07 13:57:51] 后端复验:   /workspace/agent-engine/app/models/users.py:136: PydanticDeprecatedSince20: Support for class-based `config` is deprecated, use ConfigDict instead. Deprecated in Pydantic V2.0 to be removed in V3.0. See Pydantic V2 Migration Guide at https://errors.pydantic.dev/2.13/migration/;  /workspace/agent-engine/app/models/users.py:210: PydanticDeprecatedSince20: Support for class-based `config` is deprecated, use ConfigDict instead. Deprecated in Pydantic V2.0 to be removed in V3.0. See Pydantic V2 Migration Guide at https://errors.pydantic.dev/2.13/migration/;!!!!!!!!!!!!!!!!!!!! Interrupted: 1 error during collection !!!!!!!!!!!!!!!!!!!!;4 warnings, 1 error in 0.26s;
[2026-08-07 13:57:51] 后端复验通过
[2026-08-07 13:59:41] 前端结果: [2m Test Files [22m [1m[32m32 passed[39m[22m[90m (32)[39m;[2m      Tests [22m [1m[32m144 passed[39m[22m[90m (144)[39m;
[2026-08-07 13:59:41] 前端全部通过
[2026-08-07 13:59:41] ===== 第 512 轮结束，sleep 120 =====
[2026-08-07 14:01:41] ===== 第 513 轮开始 =====
[2026-08-07 14:02:08] 后端结果:   /workspace/agent-engine/app/models/users.py:136: PydanticDeprecatedSince20: Support for class-based `config` is deprecated, use ConfigDict instead. Deprecated in Pydantic V2.0 to be removed in V3.0. See Pydantic V2 Migration Guide at https://errors.pydantic.dev/2.13/migration/;  /workspace/agent-engine/app/models/users.py:210: PydanticDeprecatedSince20: Support for class-based `config` is deprecated, use ConfigDict instead. Deprecated in Pydantic V2.0 to be removed in V3.0. See Pydantic V2 Migration Guide at https://errors.pydantic.dev/2.13/migration/;!!!!!!!!!!!!!!!!!!!! Interrupted: 1 error during collection !!!!!!!!!!!!!!!!!!!!;4 warnings, 1 error in 0.78s;
[2026-08-07 14:02:08] backend: 记录 2 个失败到 /workspace/.monkeycode/loop/backend_fail_20260807_140208.txt
[2026-08-07 14:02:11] 后端复验:   /workspace/agent-engine/app/models/users.py:136: PydanticDeprecatedSince20: Support for class-based `config` is deprecated, use ConfigDict instead. Deprecated in Pydantic V2.0 to be removed in V3.0. See Pydantic V2 Migration Guide at https://errors.pydantic.dev/2.13/migration/;  /workspace/agent-engine/app/models/users.py:210: PydanticDeprecatedSince20: Support for class-based `config` is deprecated, use ConfigDict instead. Deprecated in Pydantic V2.0 to be removed in V3.0. See Pydantic V2 Migration Guide at https://errors.pydantic.dev/2.13/migration/;!!!!!!!!!!!!!!!!!!!! Interrupted: 1 error during collection !!!!!!!!!!!!!!!!!!!!;4 warnings, 1 error in 0.30s;
[2026-08-07 14:02:11] 后端复验通过
[2026-08-07 14:03:46] 前端结果: [2m Test Files [22m [1m[32m32 passed[39m[22m[90m (32)[39m;[2m      Tests [22m [1m[32m144 passed[39m[22m[90m (144)[39m;
[2026-08-07 14:03:46] 前端全部通过
[2026-08-07 14:03:46] ===== 第 513 轮结束，sleep 120 =====
[2026-08-07 14:05:47] ===== 第 514 轮开始 =====
[2026-08-07 14:06:20] 后端结果:   /workspace/agent-engine/app/models/users.py:136: PydanticDeprecatedSince20: Support for class-based `config` is deprecated, use ConfigDict instead. Deprecated in Pydantic V2.0 to be removed in V3.0. See Pydantic V2 Migration Guide at https://errors.pydantic.dev/2.13/migration/;  /workspace/agent-engine/app/models/users.py:210: PydanticDeprecatedSince20: Support for class-based `config` is deprecated, use ConfigDict instead. Deprecated in Pydantic V2.0 to be removed in V3.0. See Pydantic V2 Migration Guide at https://errors.pydantic.dev/2.13/migration/;!!!!!!!!!!!!!!!!!!!! Interrupted: 1 error during collection !!!!!!!!!!!!!!!!!!!!;4 warnings, 1 error in 0.61s;
[2026-08-07 14:06:20] backend: 记录 2 个失败到 /workspace/.monkeycode/loop/backend_fail_20260807_140620.txt
[2026-08-07 14:06:24] 后端复验:   /workspace/agent-engine/app/models/users.py:136: PydanticDeprecatedSince20: Support for class-based `config` is deprecated, use ConfigDict instead. Deprecated in Pydantic V2.0 to be removed in V3.0. See Pydantic V2 Migration Guide at https://errors.pydantic.dev/2.13/migration/;  /workspace/agent-engine/app/models/users.py:210: PydanticDeprecatedSince20: Support for class-based `config` is deprecated, use ConfigDict instead. Deprecated in Pydantic V2.0 to be removed in V3.0. See Pydantic V2 Migration Guide at https://errors.pydantic.dev/2.13/migration/;!!!!!!!!!!!!!!!!!!!! Interrupted: 1 error during collection !!!!!!!!!!!!!!!!!!!!;4 warnings, 1 error in 0.34s;
[2026-08-07 14:06:24] 后端复验通过
[2026-08-07 14:07:10] 前端结果: [2m Test Files [22m [1m[32m32 passed[39m[22m[90m (32)[39m;[2m      Tests [22m [1m[32m144 passed[39m[22m[90m (144)[39m;
[2026-08-07 14:07:10] 前端全部通过
[2026-08-07 14:07:10] ===== 第 514 轮结束，sleep 120 =====
[2026-08-07 14:09:10] ===== 第 515 轮开始 =====
[2026-08-07 14:09:14] 后端结果:   /workspace/agent-engine/app/models/users.py:136: PydanticDeprecatedSince20: Support for class-based `config` is deprecated, use ConfigDict instead. Deprecated in Pydantic V2.0 to be removed in V3.0. See Pydantic V2 Migration Guide at https://errors.pydantic.dev/2.13/migration/;  /workspace/agent-engine/app/models/users.py:210: PydanticDeprecatedSince20: Support for class-based `config` is deprecated, use ConfigDict instead. Deprecated in Pydantic V2.0 to be removed in V3.0. See Pydantic V2 Migration Guide at https://errors.pydantic.dev/2.13/migration/;!!!!!!!!!!!!!!!!!!!! Interrupted: 1 error during collection !!!!!!!!!!!!!!!!!!!!;4 warnings, 1 error in 0.63s;
[2026-08-07 14:09:14] backend: 记录 2 个失败到 /workspace/.monkeycode/loop/backend_fail_20260807_140914.txt
[2026-08-07 14:09:17] 后端复验:   /workspace/agent-engine/app/models/users.py:136: PydanticDeprecatedSince20: Support for class-based `config` is deprecated, use ConfigDict instead. Deprecated in Pydantic V2.0 to be removed in V3.0. See Pydantic V2 Migration Guide at https://errors.pydantic.dev/2.13/migration/;  /workspace/agent-engine/app/models/users.py:210: PydanticDeprecatedSince20: Support for class-based `config` is deprecated, use ConfigDict instead. Deprecated in Pydantic V2.0 to be removed in V3.0. See Pydantic V2 Migration Guide at https://errors.pydantic.dev/2.13/migration/;!!!!!!!!!!!!!!!!!!!! Interrupted: 1 error during collection !!!!!!!!!!!!!!!!!!!!;4 warnings, 1 error in 0.26s;
[2026-08-07 14:09:17] 后端复验通过
[2026-08-07 14:10:47] 前端结果: [2m Test Files [22m [1m[32m32 passed[39m[22m[90m (32)[39m;[2m      Tests [22m [1m[32m144 passed[39m[22m[90m (144)[39m;
[2026-08-07 14:10:47] 前端全部通过
[2026-08-07 14:10:47] ===== 第 515 轮结束，sleep 120 =====
[2026-08-07 14:12:47] ===== 第 516 轮开始 =====
[2026-08-07 14:12:55] 后端结果:   /workspace/agent-engine/app/models/users.py:136: PydanticDeprecatedSince20: Support for class-based `config` is deprecated, use ConfigDict instead. Deprecated in Pydantic V2.0 to be removed in V3.0. See Pydantic V2 Migration Guide at https://errors.pydantic.dev/2.13/migration/;  /workspace/agent-engine/app/models/users.py:210: PydanticDeprecatedSince20: Support for class-based `config` is deprecated, use ConfigDict instead. Deprecated in Pydantic V2.0 to be removed in V3.0. See Pydantic V2 Migration Guide at https://errors.pydantic.dev/2.13/migration/;!!!!!!!!!!!!!!!!!!!! Interrupted: 1 error during collection !!!!!!!!!!!!!!!!!!!!;4 warnings, 1 error in 1.33s;
[2026-08-07 14:12:55] backend: 记录 2 个失败到 /workspace/.monkeycode/loop/backend_fail_20260807_141255.txt
[2026-08-07 14:14:06] 后端复验:   /workspace/agent-engine/app/models/users.py:136: PydanticDeprecatedSince20: Support for class-based `config` is deprecated, use ConfigDict instead. Deprecated in Pydantic V2.0 to be removed in V3.0. See Pydantic V2 Migration Guide at https://errors.pydantic.dev/2.13/migration/;  /workspace/agent-engine/app/models/users.py:210: PydanticDeprecatedSince20: Support for class-based `config` is deprecated, use ConfigDict instead. Deprecated in Pydantic V2.0 to be removed in V3.0. See Pydantic V2 Migration Guide at https://errors.pydantic.dev/2.13/migration/;!!!!!!!!!!!!!!!!!!!! Interrupted: 1 error during collection !!!!!!!!!!!!!!!!!!!!;4 warnings, 1 error in 4.47s;
[2026-08-07 14:14:06] 后端复验通过
[2026-08-07 14:14:53] 前端结果: [2m Test Files [22m [1m[32m32 passed[39m[22m[90m (32)[39m;[2m      Tests [22m [1m[32m144 passed[39m[22m[90m (144)[39m;
[2026-08-07 14:14:53] 前端全部通过
[2026-08-07 14:14:53] ===== 第 516 轮结束，sleep 120 =====
[2026-08-07 14:16:53] ===== 第 517 轮开始 =====
[2026-08-07 14:17:03] 后端结果:   /workspace/agent-engine/app/models/users.py:136: PydanticDeprecatedSince20: Support for class-based `config` is deprecated, use ConfigDict instead. Deprecated in Pydantic V2.0 to be removed in V3.0. See Pydantic V2 Migration Guide at https://errors.pydantic.dev/2.13/migration/;  /workspace/agent-engine/app/models/users.py:210: PydanticDeprecatedSince20: Support for class-based `config` is deprecated, use ConfigDict instead. Deprecated in Pydantic V2.0 to be removed in V3.0. See Pydantic V2 Migration Guide at https://errors.pydantic.dev/2.13/migration/;!!!!!!!!!!!!!!!!!!!! Interrupted: 1 error during collection !!!!!!!!!!!!!!!!!!!!;4 warnings, 1 error in 0.92s;
[2026-08-07 14:17:03] backend: 记录 2 个失败到 /workspace/.monkeycode/loop/backend_fail_20260807_141703.txt
[2026-08-07 14:17:06] 后端复验:   /workspace/agent-engine/app/models/users.py:136: PydanticDeprecatedSince20: Support for class-based `config` is deprecated, use ConfigDict instead. Deprecated in Pydantic V2.0 to be removed in V3.0. See Pydantic V2 Migration Guide at https://errors.pydantic.dev/2.13/migration/;  /workspace/agent-engine/app/models/users.py:210: PydanticDeprecatedSince20: Support for class-based `config` is deprecated, use ConfigDict instead. Deprecated in Pydantic V2.0 to be removed in V3.0. See Pydantic V2 Migration Guide at https://errors.pydantic.dev/2.13/migration/;!!!!!!!!!!!!!!!!!!!! Interrupted: 1 error during collection !!!!!!!!!!!!!!!!!!!!;4 warnings, 1 error in 0.34s;
[2026-08-07 14:17:06] 后端复验通过
[2026-08-07 14:19:15] 前端结果: [2m Test Files [22m [1m[32m32 passed[39m[22m[90m (32)[39m;[2m      Tests [22m [1m[32m144 passed[39m[22m[90m (144)[39m;
[2026-08-07 14:19:15] 前端全部通过
[2026-08-07 14:19:16] ===== 第 517 轮结束，sleep 120 =====
[2026-08-07 14:21:16] ===== 第 518 轮开始 =====
[2026-08-07 14:21:44] 后端结果:   /workspace/agent-engine/app/models/users.py:136: PydanticDeprecatedSince20: Support for class-based `config` is deprecated, use ConfigDict instead. Deprecated in Pydantic V2.0 to be removed in V3.0. See Pydantic V2 Migration Guide at https://errors.pydantic.dev/2.13/migration/;  /workspace/agent-engine/app/models/users.py:210: PydanticDeprecatedSince20: Support for class-based `config` is deprecated, use ConfigDict instead. Deprecated in Pydantic V2.0 to be removed in V3.0. See Pydantic V2 Migration Guide at https://errors.pydantic.dev/2.13/migration/;!!!!!!!!!!!!!!!!!!!! Interrupted: 1 error during collection !!!!!!!!!!!!!!!!!!!!;4 warnings, 1 error in 1.02s;
[2026-08-07 14:21:44] backend: 记录 2 个失败到 /workspace/.monkeycode/loop/backend_fail_20260807_142144.txt
[2026-08-07 14:21:47] 后端复验:   /workspace/agent-engine/app/models/users.py:136: PydanticDeprecatedSince20: Support for class-based `config` is deprecated, use ConfigDict instead. Deprecated in Pydantic V2.0 to be removed in V3.0. See Pydantic V2 Migration Guide at https://errors.pydantic.dev/2.13/migration/;  /workspace/agent-engine/app/models/users.py:210: PydanticDeprecatedSince20: Support for class-based `config` is deprecated, use ConfigDict instead. Deprecated in Pydantic V2.0 to be removed in V3.0. See Pydantic V2 Migration Guide at https://errors.pydantic.dev/2.13/migration/;!!!!!!!!!!!!!!!!!!!! Interrupted: 1 error during collection !!!!!!!!!!!!!!!!!!!!;4 warnings, 1 error in 0.30s;
[2026-08-07 14:21:47] 后端复验通过
[2026-08-07 14:24:14] 前端结果: [2m Test Files [22m [1m[32m31 passed[39m[22m[90m (31)[39m;[2m      Tests [22m [1m[32m135 passed[39m[22m[90m (135)[39m;
[2026-08-07 14:24:14] 前端全部通过
[2026-08-07 14:24:15] ===== 第 518 轮结束，sleep 120 =====
[2026-08-07 14:26:15] ===== 第 519 轮开始 =====
[2026-08-07 14:26:27] 后端结果:   /workspace/agent-engine/app/models/users.py:136: PydanticDeprecatedSince20: Support for class-based `config` is deprecated, use ConfigDict instead. Deprecated in Pydantic V2.0 to be removed in V3.0. See Pydantic V2 Migration Guide at https://errors.pydantic.dev/2.13/migration/;  /workspace/agent-engine/app/models/users.py:210: PydanticDeprecatedSince20: Support for class-based `config` is deprecated, use ConfigDict instead. Deprecated in Pydantic V2.0 to be removed in V3.0. See Pydantic V2 Migration Guide at https://errors.pydantic.dev/2.13/migration/;!!!!!!!!!!!!!!!!!!!! Interrupted: 1 error during collection !!!!!!!!!!!!!!!!!!!!;4 warnings, 1 error in 0.32s;
[2026-08-07 14:26:27] backend: 记录 2 个失败到 /workspace/.monkeycode/loop/backend_fail_20260807_142627.txt
[2026-08-07 14:26:31] 后端复验:   /workspace/agent-engine/app/models/users.py:136: PydanticDeprecatedSince20: Support for class-based `config` is deprecated, use ConfigDict instead. Deprecated in Pydantic V2.0 to be removed in V3.0. See Pydantic V2 Migration Guide at https://errors.pydantic.dev/2.13/migration/;  /workspace/agent-engine/app/models/users.py:210: PydanticDeprecatedSince20: Support for class-based `config` is deprecated, use ConfigDict instead. Deprecated in Pydantic V2.0 to be removed in V3.0. See Pydantic V2 Migration Guide at https://errors.pydantic.dev/2.13/migration/;!!!!!!!!!!!!!!!!!!!! Interrupted: 1 error during collection !!!!!!!!!!!!!!!!!!!!;4 warnings, 1 error in 0.26s;
[2026-08-07 14:26:31] 后端复验通过
[2026-08-07 14:27:22] 前端结果: [2m Test Files [22m [1m[32m32 passed[39m[22m[90m (32)[39m;[2m      Tests [22m [1m[32m144 passed[39m[22m[90m (144)[39m;
[2026-08-07 14:27:22] 前端全部通过
[2026-08-07 14:27:23] ===== 第 519 轮结束，sleep 120 =====
[2026-08-07 14:29:23] ===== 第 520 轮开始 =====
[2026-08-07 14:29:35] 后端结果:   /workspace/agent-engine/app/models/users.py:136: PydanticDeprecatedSince20: Support for class-based `config` is deprecated, use ConfigDict instead. Deprecated in Pydantic V2.0 to be removed in V3.0. See Pydantic V2 Migration Guide at https://errors.pydantic.dev/2.13/migration/;  /workspace/agent-engine/app/models/users.py:210: PydanticDeprecatedSince20: Support for class-based `config` is deprecated, use ConfigDict instead. Deprecated in Pydantic V2.0 to be removed in V3.0. See Pydantic V2 Migration Guide at https://errors.pydantic.dev/2.13/migration/;!!!!!!!!!!!!!!!!!!!! Interrupted: 1 error during collection !!!!!!!!!!!!!!!!!!!!;4 warnings, 1 error in 0.40s;
[2026-08-07 14:29:35] backend: 记录 2 个失败到 /workspace/.monkeycode/loop/backend_fail_20260807_142935.txt
[2026-08-07 14:29:39] 后端复验:   /workspace/agent-engine/app/models/users.py:136: PydanticDeprecatedSince20: Support for class-based `config` is deprecated, use ConfigDict instead. Deprecated in Pydantic V2.0 to be removed in V3.0. See Pydantic V2 Migration Guide at https://errors.pydantic.dev/2.13/migration/;  /workspace/agent-engine/app/models/users.py:210: PydanticDeprecatedSince20: Support for class-based `config` is deprecated, use ConfigDict instead. Deprecated in Pydantic V2.0 to be removed in V3.0. See Pydantic V2 Migration Guide at https://errors.pydantic.dev/2.13/migration/;!!!!!!!!!!!!!!!!!!!! Interrupted: 1 error during collection !!!!!!!!!!!!!!!!!!!!;4 warnings, 1 error in 0.28s;
[2026-08-07 14:29:39] 后端复验通过
[2026-08-07 14:30:34] 前端结果: [2m Test Files [22m [1m[32m32 passed[39m[22m[90m (32)[39m;[2m      Tests [22m [1m[32m144 passed[39m[22m[90m (144)[39m;
[2026-08-07 14:30:34] 前端全部通过
[2026-08-07 14:30:35] ===== 第 520 轮结束，sleep 120 =====
[2026-08-07 14:32:35] ===== 第 521 轮开始 =====
[2026-08-07 14:32:47] 后端结果:   /workspace/agent-engine/app/models/users.py:136: PydanticDeprecatedSince20: Support for class-based `config` is deprecated, use ConfigDict instead. Deprecated in Pydantic V2.0 to be removed in V3.0. See Pydantic V2 Migration Guide at https://errors.pydantic.dev/2.13/migration/;  /workspace/agent-engine/app/models/users.py:210: PydanticDeprecatedSince20: Support for class-based `config` is deprecated, use ConfigDict instead. Deprecated in Pydantic V2.0 to be removed in V3.0. See Pydantic V2 Migration Guide at https://errors.pydantic.dev/2.13/migration/;!!!!!!!!!!!!!!!!!!!! Interrupted: 1 error during collection !!!!!!!!!!!!!!!!!!!!;4 warnings, 1 error in 0.30s;
[2026-08-07 14:32:47] backend: 记录 2 个失败到 /workspace/.monkeycode/loop/backend_fail_20260807_143247.txt
[2026-08-07 14:32:53] 后端复验:   /workspace/agent-engine/app/models/users.py:136: PydanticDeprecatedSince20: Support for class-based `config` is deprecated, use ConfigDict instead. Deprecated in Pydantic V2.0 to be removed in V3.0. See Pydantic V2 Migration Guide at https://errors.pydantic.dev/2.13/migration/;  /workspace/agent-engine/app/models/users.py:210: PydanticDeprecatedSince20: Support for class-based `config` is deprecated, use ConfigDict instead. Deprecated in Pydantic V2.0 to be removed in V3.0. See Pydantic V2 Migration Guide at https://errors.pydantic.dev/2.13/migration/;!!!!!!!!!!!!!!!!!!!! Interrupted: 1 error during collection !!!!!!!!!!!!!!!!!!!!;4 warnings, 1 error in 0.47s;
[2026-08-07 14:32:53] 后端复验通过
[2026-08-07 14:33:49] 前端结果: [2m Test Files [22m [1m[32m32 passed[39m[22m[90m (32)[39m;[2m      Tests [22m [1m[32m144 passed[39m[22m[90m (144)[39m;
[2026-08-07 14:33:49] 前端全部通过
[2026-08-07 14:33:50] ===== 第 521 轮结束，sleep 120 =====
[2026-08-07 14:35:50] ===== 第 522 轮开始 =====
[2026-08-07 14:36:02] 后端结果:   /workspace/agent-engine/app/models/users.py:136: PydanticDeprecatedSince20: Support for class-based `config` is deprecated, use ConfigDict instead. Deprecated in Pydantic V2.0 to be removed in V3.0. See Pydantic V2 Migration Guide at https://errors.pydantic.dev/2.13/migration/;  /workspace/agent-engine/app/models/users.py:210: PydanticDeprecatedSince20: Support for class-based `config` is deprecated, use ConfigDict instead. Deprecated in Pydantic V2.0 to be removed in V3.0. See Pydantic V2 Migration Guide at https://errors.pydantic.dev/2.13/migration/;!!!!!!!!!!!!!!!!!!!! Interrupted: 1 error during collection !!!!!!!!!!!!!!!!!!!!;4 warnings, 1 error in 0.33s;
[2026-08-07 14:36:02] backend: 记录 2 个失败到 /workspace/.monkeycode/loop/backend_fail_20260807_143602.txt
[2026-08-07 14:36:07] 后端复验:   /workspace/agent-engine/app/models/users.py:136: PydanticDeprecatedSince20: Support for class-based `config` is deprecated, use ConfigDict instead. Deprecated in Pydantic V2.0 to be removed in V3.0. See Pydantic V2 Migration Guide at https://errors.pydantic.dev/2.13/migration/;  /workspace/agent-engine/app/models/users.py:210: PydanticDeprecatedSince20: Support for class-based `config` is deprecated, use ConfigDict instead. Deprecated in Pydantic V2.0 to be removed in V3.0. See Pydantic V2 Migration Guide at https://errors.pydantic.dev/2.13/migration/;!!!!!!!!!!!!!!!!!!!! Interrupted: 1 error during collection !!!!!!!!!!!!!!!!!!!!;4 warnings, 1 error in 0.28s;
[2026-08-07 14:36:07] 后端复验通过
[2026-08-07 14:37:23] 前端结果: [2m Test Files [22m [1m[32m32 passed[39m[22m[90m (32)[39m;[2m      Tests [22m [1m[32m144 passed[39m[22m[90m (144)[39m;
[2026-08-07 14:37:23] 前端全部通过
[2026-08-07 14:37:24] ===== 第 522 轮结束，sleep 120 =====
[2026-08-07 14:39:24] ===== 第 523 轮开始 =====
[2026-08-07 14:39:36] 后端结果:   /workspace/agent-engine/app/models/users.py:136: PydanticDeprecatedSince20: Support for class-based `config` is deprecated, use ConfigDict instead. Deprecated in Pydantic V2.0 to be removed in V3.0. See Pydantic V2 Migration Guide at https://errors.pydantic.dev/2.13/migration/;  /workspace/agent-engine/app/models/users.py:210: PydanticDeprecatedSince20: Support for class-based `config` is deprecated, use ConfigDict instead. Deprecated in Pydantic V2.0 to be removed in V3.0. See Pydantic V2 Migration Guide at https://errors.pydantic.dev/2.13/migration/;!!!!!!!!!!!!!!!!!!!! Interrupted: 1 error during collection !!!!!!!!!!!!!!!!!!!!;4 warnings, 1 error in 0.30s;
[2026-08-07 14:39:36] backend: 记录 2 个失败到 /workspace/.monkeycode/loop/backend_fail_20260807_143936.txt
[2026-08-07 14:39:42] 后端复验:   /workspace/agent-engine/app/models/users.py:136: PydanticDeprecatedSince20: Support for class-based `config` is deprecated, use ConfigDict instead. Deprecated in Pydantic V2.0 to be removed in V3.0. See Pydantic V2 Migration Guide at https://errors.pydantic.dev/2.13/migration/;  /workspace/agent-engine/app/models/users.py:210: PydanticDeprecatedSince20: Support for class-based `config` is deprecated, use ConfigDict instead. Deprecated in Pydantic V2.0 to be removed in V3.0. See Pydantic V2 Migration Guide at https://errors.pydantic.dev/2.13/migration/;!!!!!!!!!!!!!!!!!!!! Interrupted: 1 error during collection !!!!!!!!!!!!!!!!!!!!;4 warnings, 1 error in 0.28s;
[2026-08-07 14:39:42] 后端复验通过
[2026-08-07 14:40:26] 前端结果: [2m Test Files [22m [1m[32m32 passed[39m[22m[90m (32)[39m;[2m      Tests [22m [1m[32m144 passed[39m[22m[90m (144)[39m;
[2026-08-07 14:40:26] 前端全部通过
[2026-08-07 14:40:26] ===== 第 523 轮结束，sleep 120 =====
[2026-08-07 14:42:26] ===== 第 524 轮开始 =====
[2026-08-07 14:42:38] 后端结果:   /workspace/agent-engine/app/models/users.py:136: PydanticDeprecatedSince20: Support for class-based `config` is deprecated, use ConfigDict instead. Deprecated in Pydantic V2.0 to be removed in V3.0. See Pydantic V2 Migration Guide at https://errors.pydantic.dev/2.13/migration/;  /workspace/agent-engine/app/models/users.py:210: PydanticDeprecatedSince20: Support for class-based `config` is deprecated, use ConfigDict instead. Deprecated in Pydantic V2.0 to be removed in V3.0. See Pydantic V2 Migration Guide at https://errors.pydantic.dev/2.13/migration/;!!!!!!!!!!!!!!!!!!!! Interrupted: 1 error during collection !!!!!!!!!!!!!!!!!!!!;4 warnings, 1 error in 0.31s;
[2026-08-07 14:42:38] backend: 记录 2 个失败到 /workspace/.monkeycode/loop/backend_fail_20260807_144238.txt
[2026-08-07 14:42:44] 后端复验:   /workspace/agent-engine/app/models/users.py:136: PydanticDeprecatedSince20: Support for class-based `config` is deprecated, use ConfigDict instead. Deprecated in Pydantic V2.0 to be removed in V3.0. See Pydantic V2 Migration Guide at https://errors.pydantic.dev/2.13/migration/;  /workspace/agent-engine/app/models/users.py:210: PydanticDeprecatedSince20: Support for class-based `config` is deprecated, use ConfigDict instead. Deprecated in Pydantic V2.0 to be removed in V3.0. See Pydantic V2 Migration Guide at https://errors.pydantic.dev/2.13/migration/;!!!!!!!!!!!!!!!!!!!! Interrupted: 1 error during collection !!!!!!!!!!!!!!!!!!!!;4 warnings, 1 error in 0.30s;
[2026-08-07 14:42:44] 后端复验通过
[2026-08-07 14:43:33] 前端结果: [2m Test Files [22m [1m[32m32 passed[39m[22m[90m (32)[39m;[2m      Tests [22m [1m[32m144 passed[39m[22m[90m (144)[39m;
[2026-08-07 14:43:34] 前端全部通过
[2026-08-07 14:43:34] ===== 第 524 轮结束，sleep 120 =====
[2026-08-07 14:45:34] ===== 第 525 轮开始 =====
[2026-08-07 14:45:46] 后端结果:   /workspace/agent-engine/app/models/users.py:136: PydanticDeprecatedSince20: Support for class-based `config` is deprecated, use ConfigDict instead. Deprecated in Pydantic V2.0 to be removed in V3.0. See Pydantic V2 Migration Guide at https://errors.pydantic.dev/2.13/migration/;  /workspace/agent-engine/app/models/users.py:210: PydanticDeprecatedSince20: Support for class-based `config` is deprecated, use ConfigDict instead. Deprecated in Pydantic V2.0 to be removed in V3.0. See Pydantic V2 Migration Guide at https://errors.pydantic.dev/2.13/migration/;!!!!!!!!!!!!!!!!!!!! Interrupted: 1 error during collection !!!!!!!!!!!!!!!!!!!!;4 warnings, 1 error in 0.28s;
[2026-08-07 14:45:46] backend: 记录 2 个失败到 /workspace/.monkeycode/loop/backend_fail_20260807_144546.txt
[2026-08-07 14:45:52] 后端复验:   /workspace/agent-engine/app/models/users.py:136: PydanticDeprecatedSince20: Support for class-based `config` is deprecated, use ConfigDict instead. Deprecated in Pydantic V2.0 to be removed in V3.0. See Pydantic V2 Migration Guide at https://errors.pydantic.dev/2.13/migration/;  /workspace/agent-engine/app/models/users.py:210: PydanticDeprecatedSince20: Support for class-based `config` is deprecated, use ConfigDict instead. Deprecated in Pydantic V2.0 to be removed in V3.0. See Pydantic V2 Migration Guide at https://errors.pydantic.dev/2.13/migration/;!!!!!!!!!!!!!!!!!!!! Interrupted: 1 error during collection !!!!!!!!!!!!!!!!!!!!;4 warnings, 1 error in 0.27s;
[2026-08-07 14:45:52] 后端复验通过
[2026-08-07 14:46:44] 前端结果: [2m Test Files [22m [1m[32m32 passed[39m[22m[90m (32)[39m;[2m      Tests [22m [1m[32m144 passed[39m[22m[90m (144)[39m;
[2026-08-07 14:46:44] 前端全部通过
[2026-08-07 14:46:45] ===== 第 525 轮结束，sleep 120 =====
[2026-08-07 14:48:45] ===== 第 526 轮开始 =====
[2026-08-07 14:48:57] 后端结果:   /workspace/agent-engine/app/models/users.py:136: PydanticDeprecatedSince20: Support for class-based `config` is deprecated, use ConfigDict instead. Deprecated in Pydantic V2.0 to be removed in V3.0. See Pydantic V2 Migration Guide at https://errors.pydantic.dev/2.13/migration/;  /workspace/agent-engine/app/models/users.py:210: PydanticDeprecatedSince20: Support for class-based `config` is deprecated, use ConfigDict instead. Deprecated in Pydantic V2.0 to be removed in V3.0. See Pydantic V2 Migration Guide at https://errors.pydantic.dev/2.13/migration/;!!!!!!!!!!!!!!!!!!!! Interrupted: 1 error during collection !!!!!!!!!!!!!!!!!!!!;4 warnings, 1 error in 0.29s;
[2026-08-07 14:48:57] backend: 记录 2 个失败到 /workspace/.monkeycode/loop/backend_fail_20260807_144857.txt
[2026-08-07 14:49:02] 后端复验:   /workspace/agent-engine/app/models/users.py:136: PydanticDeprecatedSince20: Support for class-based `config` is deprecated, use ConfigDict instead. Deprecated in Pydantic V2.0 to be removed in V3.0. See Pydantic V2 Migration Guide at https://errors.pydantic.dev/2.13/migration/;  /workspace/agent-engine/app/models/users.py:210: PydanticDeprecatedSince20: Support for class-based `config` is deprecated, use ConfigDict instead. Deprecated in Pydantic V2.0 to be removed in V3.0. See Pydantic V2 Migration Guide at https://errors.pydantic.dev/2.13/migration/;!!!!!!!!!!!!!!!!!!!! Interrupted: 1 error during collection !!!!!!!!!!!!!!!!!!!!;4 warnings, 1 error in 0.34s;
[2026-08-07 14:49:02] 后端复验通过
[2026-08-07 14:49:56] 前端结果: [2m Test Files [22m [1m[32m32 passed[39m[22m[90m (32)[39m;[2m      Tests [22m [1m[32m144 passed[39m[22m[90m (144)[39m;
[2026-08-07 14:49:56] 前端全部通过
[2026-08-07 14:49:57] ===== 第 526 轮结束，sleep 120 =====
[2026-08-07 14:51:57] ===== 第 527 轮开始 =====
[2026-08-07 14:52:08] 后端结果:   /workspace/agent-engine/app/models/users.py:136: PydanticDeprecatedSince20: Support for class-based `config` is deprecated, use ConfigDict instead. Deprecated in Pydantic V2.0 to be removed in V3.0. See Pydantic V2 Migration Guide at https://errors.pydantic.dev/2.13/migration/;  /workspace/agent-engine/app/models/users.py:210: PydanticDeprecatedSince20: Support for class-based `config` is deprecated, use ConfigDict instead. Deprecated in Pydantic V2.0 to be removed in V3.0. See Pydantic V2 Migration Guide at https://errors.pydantic.dev/2.13/migration/;!!!!!!!!!!!!!!!!!!!! Interrupted: 1 error during collection !!!!!!!!!!!!!!!!!!!!;4 warnings, 1 error in 0.29s;
[2026-08-07 14:52:09] backend: 记录 2 个失败到 /workspace/.monkeycode/loop/backend_fail_20260807_145209.txt
[2026-08-07 14:52:14] 后端复验:   /workspace/agent-engine/app/models/users.py:136: PydanticDeprecatedSince20: Support for class-based `config` is deprecated, use ConfigDict instead. Deprecated in Pydantic V2.0 to be removed in V3.0. See Pydantic V2 Migration Guide at https://errors.pydantic.dev/2.13/migration/;  /workspace/agent-engine/app/models/users.py:210: PydanticDeprecatedSince20: Support for class-based `config` is deprecated, use ConfigDict instead. Deprecated in Pydantic V2.0 to be removed in V3.0. See Pydantic V2 Migration Guide at https://errors.pydantic.dev/2.13/migration/;!!!!!!!!!!!!!!!!!!!! Interrupted: 1 error during collection !!!!!!!!!!!!!!!!!!!!;4 warnings, 1 error in 0.25s;
[2026-08-07 14:52:14] 后端复验通过
[2026-08-07 14:52:51] 前端结果: [2m Test Files [22m [1m[32m32 passed[39m[22m[90m (32)[39m;[2m      Tests [22m [1m[32m144 passed[39m[22m[90m (144)[39m;
[2026-08-07 14:52:51] 前端全部通过
[2026-08-07 14:52:51] ===== 第 527 轮结束，sleep 120 =====
[2026-08-07 14:54:51] ===== 第 528 轮开始 =====
[2026-08-07 14:55:03] 后端结果:   /workspace/agent-engine/app/models/users.py:136: PydanticDeprecatedSince20: Support for class-based `config` is deprecated, use ConfigDict instead. Deprecated in Pydantic V2.0 to be removed in V3.0. See Pydantic V2 Migration Guide at https://errors.pydantic.dev/2.13/migration/;  /workspace/agent-engine/app/models/users.py:210: PydanticDeprecatedSince20: Support for class-based `config` is deprecated, use ConfigDict instead. Deprecated in Pydantic V2.0 to be removed in V3.0. See Pydantic V2 Migration Guide at https://errors.pydantic.dev/2.13/migration/;!!!!!!!!!!!!!!!!!!!! Interrupted: 1 error during collection !!!!!!!!!!!!!!!!!!!!;4 warnings, 1 error in 0.39s;
[2026-08-07 14:55:03] backend: 记录 2 个失败到 /workspace/.monkeycode/loop/backend_fail_20260807_145503.txt
[2026-08-07 14:55:09] 后端复验:   /workspace/agent-engine/app/models/users.py:136: PydanticDeprecatedSince20: Support for class-based `config` is deprecated, use ConfigDict instead. Deprecated in Pydantic V2.0 to be removed in V3.0. See Pydantic V2 Migration Guide at https://errors.pydantic.dev/2.13/migration/;  /workspace/agent-engine/app/models/users.py:210: PydanticDeprecatedSince20: Support for class-based `config` is deprecated, use ConfigDict instead. Deprecated in Pydantic V2.0 to be removed in V3.0. See Pydantic V2 Migration Guide at https://errors.pydantic.dev/2.13/migration/;!!!!!!!!!!!!!!!!!!!! Interrupted: 1 error during collection !!!!!!!!!!!!!!!!!!!!;4 warnings, 1 error in 0.32s;
[2026-08-07 14:55:09] 后端复验通过
[2026-08-07 14:55:48] 前端结果: [2m Test Files [22m [1m[32m32 passed[39m[22m[90m (32)[39m;[2m      Tests [22m [1m[32m144 passed[39m[22m[90m (144)[39m;
[2026-08-07 14:55:49] 前端全部通过
[2026-08-07 14:55:49] ===== 第 528 轮结束，sleep 120 =====
[2026-08-07 14:57:49] ===== 第 529 轮开始 =====
[2026-08-07 14:58:01] 后端结果:   /workspace/agent-engine/app/models/users.py:136: PydanticDeprecatedSince20: Support for class-based `config` is deprecated, use ConfigDict instead. Deprecated in Pydantic V2.0 to be removed in V3.0. See Pydantic V2 Migration Guide at https://errors.pydantic.dev/2.13/migration/;  /workspace/agent-engine/app/models/users.py:210: PydanticDeprecatedSince20: Support for class-based `config` is deprecated, use ConfigDict instead. Deprecated in Pydantic V2.0 to be removed in V3.0. See Pydantic V2 Migration Guide at https://errors.pydantic.dev/2.13/migration/;!!!!!!!!!!!!!!!!!!!! Interrupted: 1 error during collection !!!!!!!!!!!!!!!!!!!!;4 warnings, 1 error in 0.42s;
[2026-08-07 14:58:01] backend: 记录 2 个失败到 /workspace/.monkeycode/loop/backend_fail_20260807_145801.txt
[2026-08-07 14:58:04] 后端复验:   /workspace/agent-engine/app/models/users.py:136: PydanticDeprecatedSince20: Support for class-based `config` is deprecated, use ConfigDict instead. Deprecated in Pydantic V2.0 to be removed in V3.0. See Pydantic V2 Migration Guide at https://errors.pydantic.dev/2.13/migration/;  /workspace/agent-engine/app/models/users.py:210: PydanticDeprecatedSince20: Support for class-based `config` is deprecated, use ConfigDict instead. Deprecated in Pydantic V2.0 to be removed in V3.0. See Pydantic V2 Migration Guide at https://errors.pydantic.dev/2.13/migration/;!!!!!!!!!!!!!!!!!!!! Interrupted: 1 error during collection !!!!!!!!!!!!!!!!!!!!;4 warnings, 1 error in 0.29s;
[2026-08-07 14:58:04] 后端复验通过
[2026-08-07 14:58:39] 前端结果: [2m Test Files [22m [1m[32m32 passed[39m[22m[90m (32)[39m;[2m      Tests [22m [1m[32m144 passed[39m[22m[90m (144)[39m;
[2026-08-07 14:58:39] 前端全部通过
[2026-08-07 14:58:39] ===== 第 529 轮结束，sleep 120 =====
[2026-08-07 15:00:39] ===== 第 530 轮开始 =====
[2026-08-07 15:00:52] 后端结果:   /workspace/agent-engine/app/models/users.py:136: PydanticDeprecatedSince20: Support for class-based `config` is deprecated, use ConfigDict instead. Deprecated in Pydantic V2.0 to be removed in V3.0. See Pydantic V2 Migration Guide at https://errors.pydantic.dev/2.13/migration/;  /workspace/agent-engine/app/models/users.py:210: PydanticDeprecatedSince20: Support for class-based `config` is deprecated, use ConfigDict instead. Deprecated in Pydantic V2.0 to be removed in V3.0. See Pydantic V2 Migration Guide at https://errors.pydantic.dev/2.13/migration/;!!!!!!!!!!!!!!!!!!!! Interrupted: 1 error during collection !!!!!!!!!!!!!!!!!!!!;4 warnings, 1 error in 0.33s;
[2026-08-07 15:00:52] backend: 记录 2 个失败到 /workspace/.monkeycode/loop/backend_fail_20260807_150052.txt
[2026-08-07 15:00:57] 后端复验:   /workspace/agent-engine/app/models/users.py:136: PydanticDeprecatedSince20: Support for class-based `config` is deprecated, use ConfigDict instead. Deprecated in Pydantic V2.0 to be removed in V3.0. See Pydantic V2 Migration Guide at https://errors.pydantic.dev/2.13/migration/;  /workspace/agent-engine/app/models/users.py:210: PydanticDeprecatedSince20: Support for class-based `config` is deprecated, use ConfigDict instead. Deprecated in Pydantic V2.0 to be removed in V3.0. See Pydantic V2 Migration Guide at https://errors.pydantic.dev/2.13/migration/;!!!!!!!!!!!!!!!!!!!! Interrupted: 1 error during collection !!!!!!!!!!!!!!!!!!!!;4 warnings, 1 error in 0.30s;
[2026-08-07 15:00:57] 后端复验通过
[2026-08-07 15:01:44] 前端结果: [2m Test Files [22m [1m[32m32 passed[39m[22m[90m (32)[39m;[2m      Tests [22m [1m[32m144 passed[39m[22m[90m (144)[39m;
[2026-08-07 15:01:44] 前端全部通过
[2026-08-07 15:01:45] ===== 第 530 轮结束，sleep 120 =====
[2026-08-07 15:03:45] ===== 第 531 轮开始 =====
[2026-08-07 15:03:56] 后端结果:   /workspace/agent-engine/app/models/users.py:136: PydanticDeprecatedSince20: Support for class-based `config` is deprecated, use ConfigDict instead. Deprecated in Pydantic V2.0 to be removed in V3.0. See Pydantic V2 Migration Guide at https://errors.pydantic.dev/2.13/migration/;  /workspace/agent-engine/app/models/users.py:210: PydanticDeprecatedSince20: Support for class-based `config` is deprecated, use ConfigDict instead. Deprecated in Pydantic V2.0 to be removed in V3.0. See Pydantic V2 Migration Guide at https://errors.pydantic.dev/2.13/migration/;!!!!!!!!!!!!!!!!!!!! Interrupted: 1 error during collection !!!!!!!!!!!!!!!!!!!!;4 warnings, 1 error in 0.29s;
[2026-08-07 15:03:57] backend: 记录 2 个失败到 /workspace/.monkeycode/loop/backend_fail_20260807_150357.txt
[2026-08-07 15:04:02] 后端复验:   /workspace/agent-engine/app/models/users.py:136: PydanticDeprecatedSince20: Support for class-based `config` is deprecated, use ConfigDict instead. Deprecated in Pydantic V2.0 to be removed in V3.0. See Pydantic V2 Migration Guide at https://errors.pydantic.dev/2.13/migration/;  /workspace/agent-engine/app/models/users.py:210: PydanticDeprecatedSince20: Support for class-based `config` is deprecated, use ConfigDict instead. Deprecated in Pydantic V2.0 to be removed in V3.0. See Pydantic V2 Migration Guide at https://errors.pydantic.dev/2.13/migration/;!!!!!!!!!!!!!!!!!!!! Interrupted: 1 error during collection !!!!!!!!!!!!!!!!!!!!;4 warnings, 1 error in 0.27s;
[2026-08-07 15:04:02] 后端复验通过
[2026-08-07 15:04:56] 前端结果: [2m Test Files [22m [1m[32m32 passed[39m[22m[90m (32)[39m;[2m      Tests [22m [1m[32m144 passed[39m[22m[90m (144)[39m;
[2026-08-07 15:04:56] 前端全部通过
[2026-08-07 15:04:57] ===== 第 531 轮结束，sleep 120 =====
[2026-08-07 15:06:57] ===== 第 532 轮开始 =====
[2026-08-07 15:07:09] 后端结果:   /workspace/agent-engine/app/models/users.py:136: PydanticDeprecatedSince20: Support for class-based `config` is deprecated, use ConfigDict instead. Deprecated in Pydantic V2.0 to be removed in V3.0. See Pydantic V2 Migration Guide at https://errors.pydantic.dev/2.13/migration/;  /workspace/agent-engine/app/models/users.py:210: PydanticDeprecatedSince20: Support for class-based `config` is deprecated, use ConfigDict instead. Deprecated in Pydantic V2.0 to be removed in V3.0. See Pydantic V2 Migration Guide at https://errors.pydantic.dev/2.13/migration/;!!!!!!!!!!!!!!!!!!!! Interrupted: 1 error during collection !!!!!!!!!!!!!!!!!!!!;4 warnings, 1 error in 0.38s;
[2026-08-07 15:07:09] backend: 记录 2 个失败到 /workspace/.monkeycode/loop/backend_fail_20260807_150709.txt
[2026-08-07 15:07:14] 后端复验:   /workspace/agent-engine/app/models/users.py:136: PydanticDeprecatedSince20: Support for class-based `config` is deprecated, use ConfigDict instead. Deprecated in Pydantic V2.0 to be removed in V3.0. See Pydantic V2 Migration Guide at https://errors.pydantic.dev/2.13/migration/;  /workspace/agent-engine/app/models/users.py:210: PydanticDeprecatedSince20: Support for class-based `config` is deprecated, use ConfigDict instead. Deprecated in Pydantic V2.0 to be removed in V3.0. See Pydantic V2 Migration Guide at https://errors.pydantic.dev/2.13/migration/;!!!!!!!!!!!!!!!!!!!! Interrupted: 1 error during collection !!!!!!!!!!!!!!!!!!!!;4 warnings, 1 error in 0.29s;
[2026-08-07 15:07:14] 后端复验通过
[2026-08-07 15:07:48] 前端结果: [2m Test Files [22m [1m[32m32 passed[39m[22m[90m (32)[39m;[2m      Tests [22m [1m[32m144 passed[39m[22m[90m (144)[39m;
[2026-08-07 15:07:48] 前端全部通过
[2026-08-07 15:07:48] ===== 第 532 轮结束，sleep 120 =====
[2026-08-07 15:09:48] ===== 第 533 轮开始 =====
[2026-08-07 15:10:00] 后端结果:   /workspace/agent-engine/app/models/users.py:136: PydanticDeprecatedSince20: Support for class-based `config` is deprecated, use ConfigDict instead. Deprecated in Pydantic V2.0 to be removed in V3.0. See Pydantic V2 Migration Guide at https://errors.pydantic.dev/2.13/migration/;  /workspace/agent-engine/app/models/users.py:210: PydanticDeprecatedSince20: Support for class-based `config` is deprecated, use ConfigDict instead. Deprecated in Pydantic V2.0 to be removed in V3.0. See Pydantic V2 Migration Guide at https://errors.pydantic.dev/2.13/migration/;!!!!!!!!!!!!!!!!!!!! Interrupted: 1 error during collection !!!!!!!!!!!!!!!!!!!!;4 warnings, 1 error in 0.26s;
[2026-08-07 15:10:00] backend: 记录 2 个失败到 /workspace/.monkeycode/loop/backend_fail_20260807_151000.txt
[2026-08-07 15:10:05] 后端复验:   /workspace/agent-engine/app/models/users.py:136: PydanticDeprecatedSince20: Support for class-based `config` is deprecated, use ConfigDict instead. Deprecated in Pydantic V2.0 to be removed in V3.0. See Pydantic V2 Migration Guide at https://errors.pydantic.dev/2.13/migration/;  /workspace/agent-engine/app/models/users.py:210: PydanticDeprecatedSince20: Support for class-based `config` is deprecated, use ConfigDict instead. Deprecated in Pydantic V2.0 to be removed in V3.0. See Pydantic V2 Migration Guide at https://errors.pydantic.dev/2.13/migration/;!!!!!!!!!!!!!!!!!!!! Interrupted: 1 error during collection !!!!!!!!!!!!!!!!!!!!;4 warnings, 1 error in 0.25s;
[2026-08-07 15:10:05] 后端复验通过
[2026-08-07 15:11:15] 前端结果: [2m Test Files [22m [1m[32m32 passed[39m[22m[90m (32)[39m;[2m      Tests [22m [1m[32m144 passed[39m[22m[90m (144)[39m;
[2026-08-07 15:11:15] 前端全部通过
[2026-08-07 15:11:15] ===== 第 533 轮结束，sleep 120 =====
[2026-08-07 15:13:15] ===== 第 534 轮开始 =====
[2026-08-07 15:13:27] 后端结果:   /workspace/agent-engine/app/models/users.py:136: PydanticDeprecatedSince20: Support for class-based `config` is deprecated, use ConfigDict instead. Deprecated in Pydantic V2.0 to be removed in V3.0. See Pydantic V2 Migration Guide at https://errors.pydantic.dev/2.13/migration/;  /workspace/agent-engine/app/models/users.py:210: PydanticDeprecatedSince20: Support for class-based `config` is deprecated, use ConfigDict instead. Deprecated in Pydantic V2.0 to be removed in V3.0. See Pydantic V2 Migration Guide at https://errors.pydantic.dev/2.13/migration/;!!!!!!!!!!!!!!!!!!!! Interrupted: 1 error during collection !!!!!!!!!!!!!!!!!!!!;4 warnings, 1 error in 0.30s;
[2026-08-07 15:13:27] backend: 记录 2 个失败到 /workspace/.monkeycode/loop/backend_fail_20260807_151327.txt
[2026-08-07 15:13:33] 后端复验:   /workspace/agent-engine/app/models/users.py:136: PydanticDeprecatedSince20: Support for class-based `config` is deprecated, use ConfigDict instead. Deprecated in Pydantic V2.0 to be removed in V3.0. See Pydantic V2 Migration Guide at https://errors.pydantic.dev/2.13/migration/;  /workspace/agent-engine/app/models/users.py:210: PydanticDeprecatedSince20: Support for class-based `config` is deprecated, use ConfigDict instead. Deprecated in Pydantic V2.0 to be removed in V3.0. See Pydantic V2 Migration Guide at https://errors.pydantic.dev/2.13/migration/;!!!!!!!!!!!!!!!!!!!! Interrupted: 1 error during collection !!!!!!!!!!!!!!!!!!!!;4 warnings, 1 error in 0.26s;
[2026-08-07 15:13:33] 后端复验通过
[2026-08-07 15:14:10] 前端结果: [2m Test Files [22m [1m[32m32 passed[39m[22m[90m (32)[39m;[2m      Tests [22m [1m[32m144 passed[39m[22m[90m (144)[39m;
[2026-08-07 15:14:11] 前端全部通过
[2026-08-07 15:14:11] ===== 第 534 轮结束，sleep 120 =====
[2026-08-07 15:16:11] ===== 第 535 轮开始 =====
[2026-08-07 15:16:23] 后端结果:   /workspace/agent-engine/app/models/users.py:136: PydanticDeprecatedSince20: Support for class-based `config` is deprecated, use ConfigDict instead. Deprecated in Pydantic V2.0 to be removed in V3.0. See Pydantic V2 Migration Guide at https://errors.pydantic.dev/2.13/migration/;  /workspace/agent-engine/app/models/users.py:210: PydanticDeprecatedSince20: Support for class-based `config` is deprecated, use ConfigDict instead. Deprecated in Pydantic V2.0 to be removed in V3.0. See Pydantic V2 Migration Guide at https://errors.pydantic.dev/2.13/migration/;!!!!!!!!!!!!!!!!!!!! Interrupted: 1 error during collection !!!!!!!!!!!!!!!!!!!!;4 warnings, 1 error in 0.26s;
[2026-08-07 15:16:23] backend: 记录 2 个失败到 /workspace/.monkeycode/loop/backend_fail_20260807_151623.txt
[2026-08-07 15:16:26] 后端复验:   /workspace/agent-engine/app/models/users.py:136: PydanticDeprecatedSince20: Support for class-based `config` is deprecated, use ConfigDict instead. Deprecated in Pydantic V2.0 to be removed in V3.0. See Pydantic V2 Migration Guide at https://errors.pydantic.dev/2.13/migration/;  /workspace/agent-engine/app/models/users.py:210: PydanticDeprecatedSince20: Support for class-based `config` is deprecated, use ConfigDict instead. Deprecated in Pydantic V2.0 to be removed in V3.0. See Pydantic V2 Migration Guide at https://errors.pydantic.dev/2.13/migration/;!!!!!!!!!!!!!!!!!!!! Interrupted: 1 error during collection !!!!!!!!!!!!!!!!!!!!;4 warnings, 1 error in 0.25s;
[2026-08-07 15:16:26] 后端复验通过
[2026-08-07 15:17:04] 前端结果: [2m Test Files [22m [1m[32m32 passed[39m[22m[90m (32)[39m;[2m      Tests [22m [1m[32m144 passed[39m[22m[90m (144)[39m;
[2026-08-07 15:17:05] 前端全部通过
[2026-08-07 15:17:05] ===== 第 535 轮结束，sleep 120 =====
[2026-08-07 15:19:05] ===== 第 536 轮开始 =====
[2026-08-07 15:19:17] 后端结果:   /workspace/agent-engine/app/models/users.py:136: PydanticDeprecatedSince20: Support for class-based `config` is deprecated, use ConfigDict instead. Deprecated in Pydantic V2.0 to be removed in V3.0. See Pydantic V2 Migration Guide at https://errors.pydantic.dev/2.13/migration/;  /workspace/agent-engine/app/models/users.py:210: PydanticDeprecatedSince20: Support for class-based `config` is deprecated, use ConfigDict instead. Deprecated in Pydantic V2.0 to be removed in V3.0. See Pydantic V2 Migration Guide at https://errors.pydantic.dev/2.13/migration/;!!!!!!!!!!!!!!!!!!!! Interrupted: 1 error during collection !!!!!!!!!!!!!!!!!!!!;4 warnings, 1 error in 0.44s;
[2026-08-07 15:19:17] backend: 记录 2 个失败到 /workspace/.monkeycode/loop/backend_fail_20260807_151917.txt
[2026-08-07 15:19:23] 后端复验:   /workspace/agent-engine/app/models/users.py:136: PydanticDeprecatedSince20: Support for class-based `config` is deprecated, use ConfigDict instead. Deprecated in Pydantic V2.0 to be removed in V3.0. See Pydantic V2 Migration Guide at https://errors.pydantic.dev/2.13/migration/;  /workspace/agent-engine/app/models/users.py:210: PydanticDeprecatedSince20: Support for class-based `config` is deprecated, use ConfigDict instead. Deprecated in Pydantic V2.0 to be removed in V3.0. See Pydantic V2 Migration Guide at https://errors.pydantic.dev/2.13/migration/;!!!!!!!!!!!!!!!!!!!! Interrupted: 1 error during collection !!!!!!!!!!!!!!!!!!!!;4 warnings, 1 error in 0.30s;
[2026-08-07 15:19:23] 后端复验通过
[2026-08-07 15:20:17] 前端结果: [31m⎯⎯⎯⎯⎯⎯⎯[39m[1m[41m Failed Tests 1 [49m[22m[31m⎯⎯⎯⎯⎯⎯⎯[39m;[2m Test Files [22m [1m[31m1 failed[39m[22m[2m | [22m[1m[32m31 passed[39m[22m[90m (32)[39m;[2m      Tests [22m [1m[31m1 failed[39m[22m[2m | [22m[1m[32m143 passed[39m[22m[90m (144)[39m;
[2026-08-07 15:20:17] 前端全部通过
[2026-08-07 15:20:17] ===== 第 536 轮结束，sleep 120 =====
[2026-08-07 15:22:17] ===== 第 537 轮开始 =====
[2026-08-07 15:22:29] 后端结果:   /workspace/agent-engine/app/models/users.py:136: PydanticDeprecatedSince20: Support for class-based `config` is deprecated, use ConfigDict instead. Deprecated in Pydantic V2.0 to be removed in V3.0. See Pydantic V2 Migration Guide at https://errors.pydantic.dev/2.13/migration/;  /workspace/agent-engine/app/models/users.py:210: PydanticDeprecatedSince20: Support for class-based `config` is deprecated, use ConfigDict instead. Deprecated in Pydantic V2.0 to be removed in V3.0. See Pydantic V2 Migration Guide at https://errors.pydantic.dev/2.13/migration/;!!!!!!!!!!!!!!!!!!!! Interrupted: 1 error during collection !!!!!!!!!!!!!!!!!!!!;4 warnings, 1 error in 0.39s;
[2026-08-07 15:22:29] backend: 记录 2 个失败到 /workspace/.monkeycode/loop/backend_fail_20260807_152229.txt
[2026-08-07 15:22:35] 后端复验:   /workspace/agent-engine/app/models/users.py:136: PydanticDeprecatedSince20: Support for class-based `config` is deprecated, use ConfigDict instead. Deprecated in Pydantic V2.0 to be removed in V3.0. See Pydantic V2 Migration Guide at https://errors.pydantic.dev/2.13/migration/;  /workspace/agent-engine/app/models/users.py:210: PydanticDeprecatedSince20: Support for class-based `config` is deprecated, use ConfigDict instead. Deprecated in Pydantic V2.0 to be removed in V3.0. See Pydantic V2 Migration Guide at https://errors.pydantic.dev/2.13/migration/;!!!!!!!!!!!!!!!!!!!! Interrupted: 1 error during collection !!!!!!!!!!!!!!!!!!!!;4 warnings, 1 error in 0.34s;
[2026-08-07 15:22:35] 后端复验通过
[2026-08-07 15:23:21] 前端结果: [2m Test Files [22m [1m[32m32 passed[39m[22m[90m (32)[39m;[2m      Tests [22m [1m[32m144 passed[39m[22m[90m (144)[39m;
[2026-08-07 15:23:21] 前端全部通过
[2026-08-07 15:23:22] ===== 第 537 轮结束，sleep 120 =====
[2026-08-07 15:25:22] ===== 第 538 轮开始 =====
[2026-08-07 15:25:33] 后端结果:   /workspace/agent-engine/app/models/users.py:136: PydanticDeprecatedSince20: Support for class-based `config` is deprecated, use ConfigDict instead. Deprecated in Pydantic V2.0 to be removed in V3.0. See Pydantic V2 Migration Guide at https://errors.pydantic.dev/2.13/migration/;  /workspace/agent-engine/app/models/users.py:210: PydanticDeprecatedSince20: Support for class-based `config` is deprecated, use ConfigDict instead. Deprecated in Pydantic V2.0 to be removed in V3.0. See Pydantic V2 Migration Guide at https://errors.pydantic.dev/2.13/migration/;!!!!!!!!!!!!!!!!!!!! Interrupted: 1 error during collection !!!!!!!!!!!!!!!!!!!!;4 warnings, 1 error in 0.35s;
[2026-08-07 15:25:33] backend: 记录 2 个失败到 /workspace/.monkeycode/loop/backend_fail_20260807_152533.txt
[2026-08-07 15:25:39] 后端复验:   /workspace/agent-engine/app/models/users.py:136: PydanticDeprecatedSince20: Support for class-based `config` is deprecated, use ConfigDict instead. Deprecated in Pydantic V2.0 to be removed in V3.0. See Pydantic V2 Migration Guide at https://errors.pydantic.dev/2.13/migration/;  /workspace/agent-engine/app/models/users.py:210: PydanticDeprecatedSince20: Support for class-based `config` is deprecated, use ConfigDict instead. Deprecated in Pydantic V2.0 to be removed in V3.0. See Pydantic V2 Migration Guide at https://errors.pydantic.dev/2.13/migration/;!!!!!!!!!!!!!!!!!!!! Interrupted: 1 error during collection !!!!!!!!!!!!!!!!!!!!;4 warnings, 1 error in 0.26s;
[2026-08-07 15:25:39] 后端复验通过
[2026-08-07 15:26:24] 前端结果: [2m Test Files [22m [1m[32m32 passed[39m[22m[90m (32)[39m;[2m      Tests [22m [1m[32m144 passed[39m[22m[90m (144)[39m;
[2026-08-07 15:26:24] 前端全部通过
[2026-08-07 15:26:25] ===== 第 538 轮结束，sleep 120 =====
[2026-08-07 15:28:25] ===== 第 539 轮开始 =====
[2026-08-07 15:28:37] 后端结果:   /workspace/agent-engine/app/models/users.py:136: PydanticDeprecatedSince20: Support for class-based `config` is deprecated, use ConfigDict instead. Deprecated in Pydantic V2.0 to be removed in V3.0. See Pydantic V2 Migration Guide at https://errors.pydantic.dev/2.13/migration/;  /workspace/agent-engine/app/models/users.py:210: PydanticDeprecatedSince20: Support for class-based `config` is deprecated, use ConfigDict instead. Deprecated in Pydantic V2.0 to be removed in V3.0. See Pydantic V2 Migration Guide at https://errors.pydantic.dev/2.13/migration/;!!!!!!!!!!!!!!!!!!!! Interrupted: 1 error during collection !!!!!!!!!!!!!!!!!!!!;4 warnings, 1 error in 0.37s;
[2026-08-07 15:28:37] backend: 记录 2 个失败到 /workspace/.monkeycode/loop/backend_fail_20260807_152837.txt
[2026-08-07 15:28:42] 后端复验:   /workspace/agent-engine/app/models/users.py:136: PydanticDeprecatedSince20: Support for class-based `config` is deprecated, use ConfigDict instead. Deprecated in Pydantic V2.0 to be removed in V3.0. See Pydantic V2 Migration Guide at https://errors.pydantic.dev/2.13/migration/;  /workspace/agent-engine/app/models/users.py:210: PydanticDeprecatedSince20: Support for class-based `config` is deprecated, use ConfigDict instead. Deprecated in Pydantic V2.0 to be removed in V3.0. See Pydantic V2 Migration Guide at https://errors.pydantic.dev/2.13/migration/;!!!!!!!!!!!!!!!!!!!! Interrupted: 1 error during collection !!!!!!!!!!!!!!!!!!!!;4 warnings, 1 error in 0.25s;
[2026-08-07 15:28:42] 后端复验通过
[2026-08-07 15:29:42] 前端结果: [2m Test Files [22m [1m[32m32 passed[39m[22m[90m (32)[39m;[2m      Tests [22m [1m[32m144 passed[39m[22m[90m (144)[39m;
[2026-08-07 15:29:42] 前端全部通过
[2026-08-07 15:29:43] ===== 第 539 轮结束，sleep 120 =====
[2026-08-07 15:31:43] ===== 第 540 轮开始 =====
[2026-08-07 15:31:54] 后端结果:   /workspace/agent-engine/app/models/users.py:136: PydanticDeprecatedSince20: Support for class-based `config` is deprecated, use ConfigDict instead. Deprecated in Pydantic V2.0 to be removed in V3.0. See Pydantic V2 Migration Guide at https://errors.pydantic.dev/2.13/migration/;  /workspace/agent-engine/app/models/users.py:210: PydanticDeprecatedSince20: Support for class-based `config` is deprecated, use ConfigDict instead. Deprecated in Pydantic V2.0 to be removed in V3.0. See Pydantic V2 Migration Guide at https://errors.pydantic.dev/2.13/migration/;!!!!!!!!!!!!!!!!!!!! Interrupted: 1 error during collection !!!!!!!!!!!!!!!!!!!!;4 warnings, 1 error in 0.28s;
[2026-08-07 15:31:54] backend: 记录 2 个失败到 /workspace/.monkeycode/loop/backend_fail_20260807_153154.txt
[2026-08-07 15:31:58] 后端复验:   /workspace/agent-engine/app/models/users.py:136: PydanticDeprecatedSince20: Support for class-based `config` is deprecated, use ConfigDict instead. Deprecated in Pydantic V2.0 to be removed in V3.0. See Pydantic V2 Migration Guide at https://errors.pydantic.dev/2.13/migration/;  /workspace/agent-engine/app/models/users.py:210: PydanticDeprecatedSince20: Support for class-based `config` is deprecated, use ConfigDict instead. Deprecated in Pydantic V2.0 to be removed in V3.0. See Pydantic V2 Migration Guide at https://errors.pydantic.dev/2.13/migration/;!!!!!!!!!!!!!!!!!!!! Interrupted: 1 error during collection !!!!!!!!!!!!!!!!!!!!;4 warnings, 1 error in 0.32s;
[2026-08-07 15:31:58] 后端复验通过
[2026-08-07 15:32:52] 前端结果: [31m⎯⎯⎯⎯⎯⎯⎯[39m[1m[41m Failed Tests 1 [49m[22m[31m⎯⎯⎯⎯⎯⎯⎯[39m;[2m Test Files [22m [1m[31m1 failed[39m[22m[2m | [22m[1m[32m31 passed[39m[22m[90m (32)[39m;[2m      Tests [22m [1m[31m1 failed[39m[22m[2m | [22m[1m[32m143 passed[39m[22m[90m (144)[39m;
[2026-08-07 15:32:52] 前端全部通过
[2026-08-07 15:32:53] ===== 第 540 轮结束，sleep 120 =====
[2026-08-07 15:34:53] ===== 第 541 轮开始 =====
[2026-08-07 15:35:05] 后端结果:   /workspace/agent-engine/app/models/users.py:136: PydanticDeprecatedSince20: Support for class-based `config` is deprecated, use ConfigDict instead. Deprecated in Pydantic V2.0 to be removed in V3.0. See Pydantic V2 Migration Guide at https://errors.pydantic.dev/2.13/migration/;  /workspace/agent-engine/app/models/users.py:210: PydanticDeprecatedSince20: Support for class-based `config` is deprecated, use ConfigDict instead. Deprecated in Pydantic V2.0 to be removed in V3.0. See Pydantic V2 Migration Guide at https://errors.pydantic.dev/2.13/migration/;!!!!!!!!!!!!!!!!!!!! Interrupted: 1 error during collection !!!!!!!!!!!!!!!!!!!!;4 warnings, 1 error in 0.38s;
[2026-08-07 15:35:05] backend: 记录 2 个失败到 /workspace/.monkeycode/loop/backend_fail_20260807_153505.txt
[2026-08-07 15:35:11] 后端复验:   /workspace/agent-engine/app/models/users.py:136: PydanticDeprecatedSince20: Support for class-based `config` is deprecated, use ConfigDict instead. Deprecated in Pydantic V2.0 to be removed in V3.0. See Pydantic V2 Migration Guide at https://errors.pydantic.dev/2.13/migration/;  /workspace/agent-engine/app/models/users.py:210: PydanticDeprecatedSince20: Support for class-based `config` is deprecated, use ConfigDict instead. Deprecated in Pydantic V2.0 to be removed in V3.0. See Pydantic V2 Migration Guide at https://errors.pydantic.dev/2.13/migration/;!!!!!!!!!!!!!!!!!!!! Interrupted: 1 error during collection !!!!!!!!!!!!!!!!!!!!;4 warnings, 1 error in 0.30s;
[2026-08-07 15:35:11] 后端复验通过
[2026-08-07 15:36:02] 前端结果: [2m Test Files [22m [1m[32m32 passed[39m[22m[90m (32)[39m;[2m      Tests [22m [1m[32m144 passed[39m[22m[90m (144)[39m;
[2026-08-07 15:36:02] 前端全部通过
[2026-08-07 15:36:02] ===== 第 541 轮结束，sleep 120 =====
[2026-08-07 15:38:02] ===== 第 542 轮开始 =====
[2026-08-07 15:38:14] 后端结果:   /workspace/agent-engine/app/models/users.py:136: PydanticDeprecatedSince20: Support for class-based `config` is deprecated, use ConfigDict instead. Deprecated in Pydantic V2.0 to be removed in V3.0. See Pydantic V2 Migration Guide at https://errors.pydantic.dev/2.13/migration/;  /workspace/agent-engine/app/models/users.py:210: PydanticDeprecatedSince20: Support for class-based `config` is deprecated, use ConfigDict instead. Deprecated in Pydantic V2.0 to be removed in V3.0. See Pydantic V2 Migration Guide at https://errors.pydantic.dev/2.13/migration/;!!!!!!!!!!!!!!!!!!!! Interrupted: 1 error during collection !!!!!!!!!!!!!!!!!!!!;4 warnings, 1 error in 0.42s;
[2026-08-07 15:38:14] backend: 记录 2 个失败到 /workspace/.monkeycode/loop/backend_fail_20260807_153814.txt
[2026-08-07 15:38:21] 后端复验:   /workspace/agent-engine/app/models/users.py:136: PydanticDeprecatedSince20: Support for class-based `config` is deprecated, use ConfigDict instead. Deprecated in Pydantic V2.0 to be removed in V3.0. See Pydantic V2 Migration Guide at https://errors.pydantic.dev/2.13/migration/;  /workspace/agent-engine/app/models/users.py:210: PydanticDeprecatedSince20: Support for class-based `config` is deprecated, use ConfigDict instead. Deprecated in Pydantic V2.0 to be removed in V3.0. See Pydantic V2 Migration Guide at https://errors.pydantic.dev/2.13/migration/;!!!!!!!!!!!!!!!!!!!! Interrupted: 1 error during collection !!!!!!!!!!!!!!!!!!!!;4 warnings, 1 error in 0.31s;
[2026-08-07 15:38:21] 后端复验通过
[2026-08-07 15:39:16] 前端结果: [2m Test Files [22m [1m[32m32 passed[39m[22m[90m (32)[39m;[2m      Tests [22m [1m[32m144 passed[39m[22m[90m (144)[39m;
[2026-08-07 15:39:16] 前端全部通过
[2026-08-07 15:39:17] ===== 第 542 轮结束，sleep 120 =====
[2026-08-07 15:41:17] ===== 第 543 轮开始 =====
[2026-08-07 15:41:28] 后端结果:   /workspace/agent-engine/app/models/users.py:136: PydanticDeprecatedSince20: Support for class-based `config` is deprecated, use ConfigDict instead. Deprecated in Pydantic V2.0 to be removed in V3.0. See Pydantic V2 Migration Guide at https://errors.pydantic.dev/2.13/migration/;  /workspace/agent-engine/app/models/users.py:210: PydanticDeprecatedSince20: Support for class-based `config` is deprecated, use ConfigDict instead. Deprecated in Pydantic V2.0 to be removed in V3.0. See Pydantic V2 Migration Guide at https://errors.pydantic.dev/2.13/migration/;!!!!!!!!!!!!!!!!!!!! Interrupted: 1 error during collection !!!!!!!!!!!!!!!!!!!!;4 warnings, 1 error in 0.28s;
[2026-08-07 15:41:28] backend: 记录 2 个失败到 /workspace/.monkeycode/loop/backend_fail_20260807_154128.txt
[2026-08-07 15:41:34] 后端复验:   /workspace/agent-engine/app/models/users.py:136: PydanticDeprecatedSince20: Support for class-based `config` is deprecated, use ConfigDict instead. Deprecated in Pydantic V2.0 to be removed in V3.0. See Pydantic V2 Migration Guide at https://errors.pydantic.dev/2.13/migration/;  /workspace/agent-engine/app/models/users.py:210: PydanticDeprecatedSince20: Support for class-based `config` is deprecated, use ConfigDict instead. Deprecated in Pydantic V2.0 to be removed in V3.0. See Pydantic V2 Migration Guide at https://errors.pydantic.dev/2.13/migration/;!!!!!!!!!!!!!!!!!!!! Interrupted: 1 error during collection !!!!!!!!!!!!!!!!!!!!;4 warnings, 1 error in 0.25s;
[2026-08-07 15:41:34] 后端复验通过
[2026-08-07 15:42:14] 前端结果: [2m Test Files [22m [1m[32m32 passed[39m[22m[90m (32)[39m;[2m      Tests [22m [1m[32m144 passed[39m[22m[90m (144)[39m;
[2026-08-07 15:42:14] 前端全部通过
[2026-08-07 15:42:14] ===== 第 543 轮结束，sleep 120 =====
[2026-08-07 15:44:14] ===== 第 544 轮开始 =====
[2026-08-07 15:44:26] 后端结果:   /workspace/agent-engine/app/models/users.py:136: PydanticDeprecatedSince20: Support for class-based `config` is deprecated, use ConfigDict instead. Deprecated in Pydantic V2.0 to be removed in V3.0. See Pydantic V2 Migration Guide at https://errors.pydantic.dev/2.13/migration/;  /workspace/agent-engine/app/models/users.py:210: PydanticDeprecatedSince20: Support for class-based `config` is deprecated, use ConfigDict instead. Deprecated in Pydantic V2.0 to be removed in V3.0. See Pydantic V2 Migration Guide at https://errors.pydantic.dev/2.13/migration/;!!!!!!!!!!!!!!!!!!!! Interrupted: 1 error during collection !!!!!!!!!!!!!!!!!!!!;4 warnings, 1 error in 0.31s;
[2026-08-07 15:44:26] backend: 记录 2 个失败到 /workspace/.monkeycode/loop/backend_fail_20260807_154426.txt
[2026-08-07 15:44:31] 后端复验:   /workspace/agent-engine/app/models/users.py:136: PydanticDeprecatedSince20: Support for class-based `config` is deprecated, use ConfigDict instead. Deprecated in Pydantic V2.0 to be removed in V3.0. See Pydantic V2 Migration Guide at https://errors.pydantic.dev/2.13/migration/;  /workspace/agent-engine/app/models/users.py:210: PydanticDeprecatedSince20: Support for class-based `config` is deprecated, use ConfigDict instead. Deprecated in Pydantic V2.0 to be removed in V3.0. See Pydantic V2 Migration Guide at https://errors.pydantic.dev/2.13/migration/;!!!!!!!!!!!!!!!!!!!! Interrupted: 1 error during collection !!!!!!!!!!!!!!!!!!!!;4 warnings, 1 error in 0.27s;
[2026-08-07 15:44:31] 后端复验通过
[2026-08-07 15:45:29] 前端结果: [2m Test Files [22m [1m[32m32 passed[39m[22m[90m (32)[39m;[2m      Tests [22m [1m[32m144 passed[39m[22m[90m (144)[39m;
[2026-08-07 15:45:30] 前端全部通过
[2026-08-07 15:45:30] ===== 第 544 轮结束，sleep 120 =====
[2026-08-07 15:47:30] ===== 第 545 轮开始 =====
[2026-08-07 15:47:42] 后端结果:   /workspace/agent-engine/app/models/users.py:136: PydanticDeprecatedSince20: Support for class-based `config` is deprecated, use ConfigDict instead. Deprecated in Pydantic V2.0 to be removed in V3.0. See Pydantic V2 Migration Guide at https://errors.pydantic.dev/2.13/migration/;  /workspace/agent-engine/app/models/users.py:210: PydanticDeprecatedSince20: Support for class-based `config` is deprecated, use ConfigDict instead. Deprecated in Pydantic V2.0 to be removed in V3.0. See Pydantic V2 Migration Guide at https://errors.pydantic.dev/2.13/migration/;!!!!!!!!!!!!!!!!!!!! Interrupted: 1 error during collection !!!!!!!!!!!!!!!!!!!!;4 warnings, 1 error in 0.41s;
[2026-08-07 15:47:42] backend: 记录 2 个失败到 /workspace/.monkeycode/loop/backend_fail_20260807_154742.txt
[2026-08-07 15:47:48] 后端复验:   /workspace/agent-engine/app/models/users.py:136: PydanticDeprecatedSince20: Support for class-based `config` is deprecated, use ConfigDict instead. Deprecated in Pydantic V2.0 to be removed in V3.0. See Pydantic V2 Migration Guide at https://errors.pydantic.dev/2.13/migration/;  /workspace/agent-engine/app/models/users.py:210: PydanticDeprecatedSince20: Support for class-based `config` is deprecated, use ConfigDict instead. Deprecated in Pydantic V2.0 to be removed in V3.0. See Pydantic V2 Migration Guide at https://errors.pydantic.dev/2.13/migration/;!!!!!!!!!!!!!!!!!!!! Interrupted: 1 error during collection !!!!!!!!!!!!!!!!!!!!;4 warnings, 1 error in 0.28s;
[2026-08-07 15:47:48] 后端复验通过
[2026-08-07 15:48:50] 前端结果: [2m Test Files [22m [1m[32m32 passed[39m[22m[90m (32)[39m;[2m      Tests [22m [1m[32m144 passed[39m[22m[90m (144)[39m;
[2026-08-07 15:48:50] 前端全部通过
[2026-08-07 15:48:50] ===== 第 545 轮结束，sleep 120 =====
[2026-08-07 15:50:50] ===== 第 546 轮开始 =====
[2026-08-07 15:51:02] 后端结果:   /workspace/agent-engine/app/models/users.py:136: PydanticDeprecatedSince20: Support for class-based `config` is deprecated, use ConfigDict instead. Deprecated in Pydantic V2.0 to be removed in V3.0. See Pydantic V2 Migration Guide at https://errors.pydantic.dev/2.13/migration/;  /workspace/agent-engine/app/models/users.py:210: PydanticDeprecatedSince20: Support for class-based `config` is deprecated, use ConfigDict instead. Deprecated in Pydantic V2.0 to be removed in V3.0. See Pydantic V2 Migration Guide at https://errors.pydantic.dev/2.13/migration/;!!!!!!!!!!!!!!!!!!!! Interrupted: 1 error during collection !!!!!!!!!!!!!!!!!!!!;4 warnings, 1 error in 0.29s;
[2026-08-07 15:51:02] backend: 记录 2 个失败到 /workspace/.monkeycode/loop/backend_fail_20260807_155102.txt
[2026-08-07 15:51:07] 后端复验:   /workspace/agent-engine/app/models/users.py:136: PydanticDeprecatedSince20: Support for class-based `config` is deprecated, use ConfigDict instead. Deprecated in Pydantic V2.0 to be removed in V3.0. See Pydantic V2 Migration Guide at https://errors.pydantic.dev/2.13/migration/;  /workspace/agent-engine/app/models/users.py:210: PydanticDeprecatedSince20: Support for class-based `config` is deprecated, use ConfigDict instead. Deprecated in Pydantic V2.0 to be removed in V3.0. See Pydantic V2 Migration Guide at https://errors.pydantic.dev/2.13/migration/;!!!!!!!!!!!!!!!!!!!! Interrupted: 1 error during collection !!!!!!!!!!!!!!!!!!!!;4 warnings, 1 error in 0.33s;
[2026-08-07 15:51:08] 后端复验通过
[2026-08-07 15:51:54] 前端结果: [2m Test Files [22m [1m[32m32 passed[39m[22m[90m (32)[39m;[2m      Tests [22m [1m[32m144 passed[39m[22m[90m (144)[39m;
[2026-08-07 15:51:55] 前端全部通过
[2026-08-07 15:51:55] ===== 第 546 轮结束，sleep 120 =====
[2026-08-07 15:53:55] ===== 第 547 轮开始 =====
[2026-08-07 15:54:07] 后端结果:   /workspace/agent-engine/app/models/users.py:136: PydanticDeprecatedSince20: Support for class-based `config` is deprecated, use ConfigDict instead. Deprecated in Pydantic V2.0 to be removed in V3.0. See Pydantic V2 Migration Guide at https://errors.pydantic.dev/2.13/migration/;  /workspace/agent-engine/app/models/users.py:210: PydanticDeprecatedSince20: Support for class-based `config` is deprecated, use ConfigDict instead. Deprecated in Pydantic V2.0 to be removed in V3.0. See Pydantic V2 Migration Guide at https://errors.pydantic.dev/2.13/migration/;!!!!!!!!!!!!!!!!!!!! Interrupted: 1 error during collection !!!!!!!!!!!!!!!!!!!!;4 warnings, 1 error in 0.31s;
[2026-08-07 15:54:07] backend: 记录 2 个失败到 /workspace/.monkeycode/loop/backend_fail_20260807_155407.txt
[2026-08-07 15:54:13] 后端复验:   /workspace/agent-engine/app/models/users.py:136: PydanticDeprecatedSince20: Support for class-based `config` is deprecated, use ConfigDict instead. Deprecated in Pydantic V2.0 to be removed in V3.0. See Pydantic V2 Migration Guide at https://errors.pydantic.dev/2.13/migration/;  /workspace/agent-engine/app/models/users.py:210: PydanticDeprecatedSince20: Support for class-based `config` is deprecated, use ConfigDict instead. Deprecated in Pydantic V2.0 to be removed in V3.0. See Pydantic V2 Migration Guide at https://errors.pydantic.dev/2.13/migration/;!!!!!!!!!!!!!!!!!!!! Interrupted: 1 error during collection !!!!!!!!!!!!!!!!!!!!;4 warnings, 1 error in 0.33s;
[2026-08-07 15:54:13] 后端复验通过
[2026-08-07 15:55:03] 前端结果: [2m Test Files [22m [1m[32m32 passed[39m[22m[90m (32)[39m;[2m      Tests [22m [1m[32m144 passed[39m[22m[90m (144)[39m;
[2026-08-07 15:55:03] 前端全部通过
[2026-08-07 15:55:04] ===== 第 547 轮结束，sleep 120 =====
[2026-08-07 15:57:04] ===== 第 548 轮开始 =====
[2026-08-07 15:57:16] 后端结果:   /workspace/agent-engine/app/models/users.py:136: PydanticDeprecatedSince20: Support for class-based `config` is deprecated, use ConfigDict instead. Deprecated in Pydantic V2.0 to be removed in V3.0. See Pydantic V2 Migration Guide at https://errors.pydantic.dev/2.13/migration/;  /workspace/agent-engine/app/models/users.py:210: PydanticDeprecatedSince20: Support for class-based `config` is deprecated, use ConfigDict instead. Deprecated in Pydantic V2.0 to be removed in V3.0. See Pydantic V2 Migration Guide at https://errors.pydantic.dev/2.13/migration/;!!!!!!!!!!!!!!!!!!!! Interrupted: 1 error during collection !!!!!!!!!!!!!!!!!!!!;4 warnings, 1 error in 0.33s;
[2026-08-07 15:57:16] backend: 记录 2 个失败到 /workspace/.monkeycode/loop/backend_fail_20260807_155716.txt
[2026-08-07 15:57:21] 后端复验:   /workspace/agent-engine/app/models/users.py:136: PydanticDeprecatedSince20: Support for class-based `config` is deprecated, use ConfigDict instead. Deprecated in Pydantic V2.0 to be removed in V3.0. See Pydantic V2 Migration Guide at https://errors.pydantic.dev/2.13/migration/;  /workspace/agent-engine/app/models/users.py:210: PydanticDeprecatedSince20: Support for class-based `config` is deprecated, use ConfigDict instead. Deprecated in Pydantic V2.0 to be removed in V3.0. See Pydantic V2 Migration Guide at https://errors.pydantic.dev/2.13/migration/;!!!!!!!!!!!!!!!!!!!! Interrupted: 1 error during collection !!!!!!!!!!!!!!!!!!!!;4 warnings, 1 error in 0.29s;
[2026-08-07 15:57:21] 后端复验通过
[2026-08-07 15:58:30] 前端结果: [2m Test Files [22m [1m[32m32 passed[39m[22m[90m (32)[39m;[2m      Tests [22m [1m[32m144 passed[39m[22m[90m (144)[39m;
[2026-08-07 15:58:31] 前端全部通过
[2026-08-07 15:58:31] ===== 第 548 轮结束，sleep 120 =====
[2026-08-07 16:00:31] ===== 第 549 轮开始 =====
[2026-08-07 16:00:43] 后端结果:   /workspace/agent-engine/app/models/users.py:136: PydanticDeprecatedSince20: Support for class-based `config` is deprecated, use ConfigDict instead. Deprecated in Pydantic V2.0 to be removed in V3.0. See Pydantic V2 Migration Guide at https://errors.pydantic.dev/2.13/migration/;  /workspace/agent-engine/app/models/users.py:210: PydanticDeprecatedSince20: Support for class-based `config` is deprecated, use ConfigDict instead. Deprecated in Pydantic V2.0 to be removed in V3.0. See Pydantic V2 Migration Guide at https://errors.pydantic.dev/2.13/migration/;!!!!!!!!!!!!!!!!!!!! Interrupted: 1 error during collection !!!!!!!!!!!!!!!!!!!!;4 warnings, 1 error in 0.26s;
[2026-08-07 16:00:43] backend: 记录 2 个失败到 /workspace/.monkeycode/loop/backend_fail_20260807_160043.txt
[2026-08-07 16:00:48] 后端复验:   /workspace/agent-engine/app/models/users.py:136: PydanticDeprecatedSince20: Support for class-based `config` is deprecated, use ConfigDict instead. Deprecated in Pydantic V2.0 to be removed in V3.0. See Pydantic V2 Migration Guide at https://errors.pydantic.dev/2.13/migration/;  /workspace/agent-engine/app/models/users.py:210: PydanticDeprecatedSince20: Support for class-based `config` is deprecated, use ConfigDict instead. Deprecated in Pydantic V2.0 to be removed in V3.0. See Pydantic V2 Migration Guide at https://errors.pydantic.dev/2.13/migration/;!!!!!!!!!!!!!!!!!!!! Interrupted: 1 error during collection !!!!!!!!!!!!!!!!!!!!;4 warnings, 1 error in 0.31s;
[2026-08-07 16:00:48] 后端复验通过
[2026-08-07 16:01:44] 前端结果: [2m Test Files [22m [1m[32m32 passed[39m[22m[90m (32)[39m;[2m      Tests [22m [1m[32m144 passed[39m[22m[90m (144)[39m;
[2026-08-07 16:01:44] 前端全部通过
[2026-08-07 16:01:45] ===== 第 549 轮结束，sleep 120 =====
[2026-08-07 16:03:45] ===== 第 550 轮开始 =====
[2026-08-07 16:04:20] 后端结果:   /workspace/agent-engine/app/models/users.py:136: PydanticDeprecatedSince20: Support for class-based `config` is deprecated, use ConfigDict instead. Deprecated in Pydantic V2.0 to be removed in V3.0. See Pydantic V2 Migration Guide at https://errors.pydantic.dev/2.13/migration/;  /workspace/agent-engine/app/models/users.py:210: PydanticDeprecatedSince20: Support for class-based `config` is deprecated, use ConfigDict instead. Deprecated in Pydantic V2.0 to be removed in V3.0. See Pydantic V2 Migration Guide at https://errors.pydantic.dev/2.13/migration/;!!!!!!!!!!!!!!!!!!!! Interrupted: 1 error during collection !!!!!!!!!!!!!!!!!!!!;4 warnings, 1 error in 2.47s;
[2026-08-07 16:04:20] backend: 记录 2 个失败到 /workspace/.monkeycode/loop/backend_fail_20260807_160420.txt
[2026-08-07 16:04:44] 后端复验:   /workspace/agent-engine/app/models/users.py:136: PydanticDeprecatedSince20: Support for class-based `config` is deprecated, use ConfigDict instead. Deprecated in Pydantic V2.0 to be removed in V3.0. See Pydantic V2 Migration Guide at https://errors.pydantic.dev/2.13/migration/;  /workspace/agent-engine/app/models/users.py:210: PydanticDeprecatedSince20: Support for class-based `config` is deprecated, use ConfigDict instead. Deprecated in Pydantic V2.0 to be removed in V3.0. See Pydantic V2 Migration Guide at https://errors.pydantic.dev/2.13/migration/;!!!!!!!!!!!!!!!!!!!! Interrupted: 1 error during collection !!!!!!!!!!!!!!!!!!!!;4 warnings, 1 error in 0.29s;
[2026-08-07 16:04:44] 后端复验通过
[2026-08-07 16:05:44] 前端结果: [2m Test Files [22m [1m[32m32 passed[39m[22m[90m (32)[39m;[2m      Tests [22m [1m[32m144 passed[39m[22m[90m (144)[39m;
[2026-08-07 16:05:44] 前端全部通过
[2026-08-07 16:05:45] ===== 第 550 轮结束，sleep 120 =====
[2026-08-07 16:07:46] ===== 第 551 轮开始 =====
[2026-08-07 16:08:11] 后端结果:   /workspace/agent-engine/app/models/users.py:136: PydanticDeprecatedSince20: Support for class-based `config` is deprecated, use ConfigDict instead. Deprecated in Pydantic V2.0 to be removed in V3.0. See Pydantic V2 Migration Guide at https://errors.pydantic.dev/2.13/migration/;  /workspace/agent-engine/app/models/users.py:210: PydanticDeprecatedSince20: Support for class-based `config` is deprecated, use ConfigDict instead. Deprecated in Pydantic V2.0 to be removed in V3.0. See Pydantic V2 Migration Guide at https://errors.pydantic.dev/2.13/migration/;!!!!!!!!!!!!!!!!!!!! Interrupted: 1 error during collection !!!!!!!!!!!!!!!!!!!!;4 warnings, 1 error in 1.07s;
[2026-08-07 16:08:11] backend: 记录 2 个失败到 /workspace/.monkeycode/loop/backend_fail_20260807_160811.txt
[2026-08-07 16:08:14] 后端复验:   /workspace/agent-engine/app/models/users.py:136: PydanticDeprecatedSince20: Support for class-based `config` is deprecated, use ConfigDict instead. Deprecated in Pydantic V2.0 to be removed in V3.0. See Pydantic V2 Migration Guide at https://errors.pydantic.dev/2.13/migration/;  /workspace/agent-engine/app/models/users.py:210: PydanticDeprecatedSince20: Support for class-based `config` is deprecated, use ConfigDict instead. Deprecated in Pydantic V2.0 to be removed in V3.0. See Pydantic V2 Migration Guide at https://errors.pydantic.dev/2.13/migration/;!!!!!!!!!!!!!!!!!!!! Interrupted: 1 error during collection !!!!!!!!!!!!!!!!!!!!;4 warnings, 1 error in 0.31s;
[2026-08-07 16:08:14] 后端复验通过
[2026-08-07 16:10:24] 前端结果: [2m Test Files [22m [1m[32m32 passed[39m[22m[90m (32)[39m;[2m      Tests [22m [1m[32m144 passed[39m[22m[90m (144)[39m;
[2026-08-07 16:10:24] 前端全部通过
[2026-08-07 16:10:25] ===== 第 551 轮结束，sleep 120 =====
[2026-08-07 16:12:30] ===== 第 552 轮开始 =====
[2026-08-07 16:13:09] 后端结果:   /workspace/agent-engine/app/models/users.py:136: PydanticDeprecatedSince20: Support for class-based `config` is deprecated, use ConfigDict instead. Deprecated in Pydantic V2.0 to be removed in V3.0. See Pydantic V2 Migration Guide at https://errors.pydantic.dev/2.13/migration/;  /workspace/agent-engine/app/models/users.py:210: PydanticDeprecatedSince20: Support for class-based `config` is deprecated, use ConfigDict instead. Deprecated in Pydantic V2.0 to be removed in V3.0. See Pydantic V2 Migration Guide at https://errors.pydantic.dev/2.13/migration/;!!!!!!!!!!!!!!!!!!!! Interrupted: 1 error during collection !!!!!!!!!!!!!!!!!!!!;4 warnings, 1 error in 0.43s;
[2026-08-07 16:13:09] backend: 记录 2 个失败到 /workspace/.monkeycode/loop/backend_fail_20260807_161309.txt
[2026-08-07 16:13:13] 后端复验:   /workspace/agent-engine/app/models/users.py:136: PydanticDeprecatedSince20: Support for class-based `config` is deprecated, use ConfigDict instead. Deprecated in Pydantic V2.0 to be removed in V3.0. See Pydantic V2 Migration Guide at https://errors.pydantic.dev/2.13/migration/;  /workspace/agent-engine/app/models/users.py:210: PydanticDeprecatedSince20: Support for class-based `config` is deprecated, use ConfigDict instead. Deprecated in Pydantic V2.0 to be removed in V3.0. See Pydantic V2 Migration Guide at https://errors.pydantic.dev/2.13/migration/;!!!!!!!!!!!!!!!!!!!! Interrupted: 1 error during collection !!!!!!!!!!!!!!!!!!!!;4 warnings, 1 error in 0.32s;
[2026-08-07 16:13:13] 后端复验通过
[2026-08-07 16:15:38] 前端结果: [2m Test Files [22m [1m[32m32 passed[39m[22m[90m (32)[39m;[2m      Tests [22m [1m[32m144 passed[39m[22m[90m (144)[39m;
[2026-08-07 16:15:38] 前端全部通过
[2026-08-07 16:15:39] ===== 第 552 轮结束，sleep 120 =====
[2026-08-07 16:17:49] ===== 第 553 轮开始 =====
[2026-08-07 16:19:15] 后端结果:   /workspace/agent-engine/app/models/users.py:136: PydanticDeprecatedSince20: Support for class-based `config` is deprecated, use ConfigDict instead. Deprecated in Pydantic V2.0 to be removed in V3.0. See Pydantic V2 Migration Guide at https://errors.pydantic.dev/2.13/migration/;  /workspace/agent-engine/app/models/users.py:210: PydanticDeprecatedSince20: Support for class-based `config` is deprecated, use ConfigDict instead. Deprecated in Pydantic V2.0 to be removed in V3.0. See Pydantic V2 Migration Guide at https://errors.pydantic.dev/2.13/migration/;50 passed, 2 skipped, 7 warnings, 6 errors in 49.65s;
[2026-08-07 16:19:16] backend: 记录 2 个失败到 /workspace/.monkeycode/loop/backend_fail_20260807_161916.txt
[2026-08-07 16:20:33] 后端复验:   /workspace/agent-engine/app/models/users.py:136: PydanticDeprecatedSince20: Support for class-based `config` is deprecated, use ConfigDict instead. Deprecated in Pydantic V2.0 to be removed in V3.0. See Pydantic V2 Migration Guide at https://errors.pydantic.dev/2.13/migration/;  /workspace/agent-engine/app/models/users.py:210: PydanticDeprecatedSince20: Support for class-based `config` is deprecated, use ConfigDict instead. Deprecated in Pydantic V2.0 to be removed in V3.0. See Pydantic V2 Migration Guide at https://errors.pydantic.dev/2.13/migration/;50 passed, 2 skipped, 7 warnings, 6 errors in 70.80s (0:01:10);
[2026-08-07 16:20:33] 后端复验通过
[2026-08-07 16:22:24] 前端结果: [2m Test Files [22m [1m[32m32 passed[39m[22m[90m (32)[39m;[2m      Tests [22m [1m[32m144 passed[39m[22m[90m (144)[39m;
[2026-08-07 16:22:24] 前端全部通过
[2026-08-07 16:22:25] ===== 第 553 轮结束，sleep 120 =====
[2026-08-07 16:24:25] ===== 第 554 轮开始 =====
[2026-08-07 16:26:07] 后端结果:   /workspace/agent-engine/app/models/users.py:136: PydanticDeprecatedSince20: Support for class-based `config` is deprecated, use ConfigDict instead. Deprecated in Pydantic V2.0 to be removed in V3.0. See Pydantic V2 Migration Guide at https://errors.pydantic.dev/2.13/migration/;  /workspace/agent-engine/app/models/users.py:210: PydanticDeprecatedSince20: Support for class-based `config` is deprecated, use ConfigDict instead. Deprecated in Pydantic V2.0 to be removed in V3.0. See Pydantic V2 Migration Guide at https://errors.pydantic.dev/2.13/migration/;50 passed, 2 skipped, 7 warnings, 6 errors in 41.57s;
[2026-08-07 16:26:07] backend: 记录 2 个失败到 /workspace/.monkeycode/loop/backend_fail_20260807_162607.txt
[2026-08-07 16:26:57] 后端复验:   /workspace/agent-engine/app/models/users.py:136: PydanticDeprecatedSince20: Support for class-based `config` is deprecated, use ConfigDict instead. Deprecated in Pydantic V2.0 to be removed in V3.0. See Pydantic V2 Migration Guide at https://errors.pydantic.dev/2.13/migration/;  /workspace/agent-engine/app/models/users.py:210: PydanticDeprecatedSince20: Support for class-based `config` is deprecated, use ConfigDict instead. Deprecated in Pydantic V2.0 to be removed in V3.0. See Pydantic V2 Migration Guide at https://errors.pydantic.dev/2.13/migration/;50 passed, 2 skipped, 7 warnings, 6 errors in 43.43s;
[2026-08-07 16:26:57] 后端复验通过
[2026-08-07 16:28:08] 前端结果: [2m Test Files [22m [1m[32m32 passed[39m[22m[90m (32)[39m;[2m      Tests [22m [1m[32m144 passed[39m[22m[90m (144)[39m;
[2026-08-07 16:28:08] 前端全部通过
[2026-08-07 16:28:08] ===== 第 554 轮结束，sleep 120 =====
[2026-08-07 16:30:08] ===== 第 555 轮开始 =====
[2026-08-07 16:31:15] 后端结果:   /workspace/agent-engine/app/models/users.py:136: PydanticDeprecatedSince20: Support for class-based `config` is deprecated, use ConfigDict instead. Deprecated in Pydantic V2.0 to be removed in V3.0. See Pydantic V2 Migration Guide at https://errors.pydantic.dev/2.13/migration/;  /workspace/agent-engine/app/models/users.py:210: PydanticDeprecatedSince20: Support for class-based `config` is deprecated, use ConfigDict instead. Deprecated in Pydantic V2.0 to be removed in V3.0. See Pydantic V2 Migration Guide at https://errors.pydantic.dev/2.13/migration/;50 passed, 2 skipped, 7 warnings, 6 errors in 63.37s (0:01:03);
[2026-08-07 16:31:15] backend: 记录 2 个失败到 /workspace/.monkeycode/loop/backend_fail_20260807_163115.txt
[2026-08-07 16:32:03] 后端复验:   /workspace/agent-engine/app/models/users.py:136: PydanticDeprecatedSince20: Support for class-based `config` is deprecated, use ConfigDict instead. Deprecated in Pydantic V2.0 to be removed in V3.0. See Pydantic V2 Migration Guide at https://errors.pydantic.dev/2.13/migration/;  /workspace/agent-engine/app/models/users.py:210: PydanticDeprecatedSince20: Support for class-based `config` is deprecated, use ConfigDict instead. Deprecated in Pydantic V2.0 to be removed in V3.0. See Pydantic V2 Migration Guide at https://errors.pydantic.dev/2.13/migration/;50 passed, 2 skipped, 7 warnings, 6 errors in 40.49s;
[2026-08-07 16:32:03] 后端复验通过
[2026-08-07 16:32:46] 前端结果: [2m Test Files [22m [1m[32m32 passed[39m[22m[90m (32)[39m;[2m      Tests [22m [1m[32m144 passed[39m[22m[90m (144)[39m;
[2026-08-07 16:32:46] 前端全部通过
[2026-08-07 16:32:46] ===== 第 555 轮结束，sleep 120 =====
[2026-08-07 16:34:46] ===== 第 556 轮开始 =====
[2026-08-07 16:35:52] 后端结果:   /workspace/agent-engine/app/models/users.py:136: PydanticDeprecatedSince20: Support for class-based `config` is deprecated, use ConfigDict instead. Deprecated in Pydantic V2.0 to be removed in V3.0. See Pydantic V2 Migration Guide at https://errors.pydantic.dev/2.13/migration/;  /workspace/agent-engine/app/models/users.py:210: PydanticDeprecatedSince20: Support for class-based `config` is deprecated, use ConfigDict instead. Deprecated in Pydantic V2.0 to be removed in V3.0. See Pydantic V2 Migration Guide at https://errors.pydantic.dev/2.13/migration/;50 passed, 2 skipped, 7 warnings, 6 errors in 51.47s;
[2026-08-07 16:35:52] backend: 记录 2 个失败到 /workspace/.monkeycode/loop/backend_fail_20260807_163552.txt
[2026-08-07 16:36:50] 后端复验:   /workspace/agent-engine/app/models/users.py:136: PydanticDeprecatedSince20: Support for class-based `config` is deprecated, use ConfigDict instead. Deprecated in Pydantic V2.0 to be removed in V3.0. See Pydantic V2 Migration Guide at https://errors.pydantic.dev/2.13/migration/;  /workspace/agent-engine/app/models/users.py:210: PydanticDeprecatedSince20: Support for class-based `config` is deprecated, use ConfigDict instead. Deprecated in Pydantic V2.0 to be removed in V3.0. See Pydantic V2 Migration Guide at https://errors.pydantic.dev/2.13/migration/;50 passed, 2 skipped, 7 warnings, 6 errors in 51.39s;
[2026-08-07 16:36:50] 后端复验通过
[2026-08-07 16:37:22] 前端结果: [2m Test Files [22m [1m[32m32 passed[39m[22m[90m (32)[39m;[2m      Tests [22m [1m[32m144 passed[39m[22m[90m (144)[39m;
[2026-08-07 16:37:22] 前端全部通过
[2026-08-07 16:37:22] ===== 第 556 轮结束，sleep 120 =====
[2026-08-07 16:39:30] ===== 第 557 轮开始 =====
[2026-08-07 16:41:28] 后端结果:   /workspace/agent-engine/app/models/users.py:136: PydanticDeprecatedSince20: Support for class-based `config` is deprecated, use ConfigDict instead. Deprecated in Pydantic V2.0 to be removed in V3.0. See Pydantic V2 Migration Guide at https://errors.pydantic.dev/2.13/migration/;  /workspace/agent-engine/app/models/users.py:210: PydanticDeprecatedSince20: Support for class-based `config` is deprecated, use ConfigDict instead. Deprecated in Pydantic V2.0 to be removed in V3.0. See Pydantic V2 Migration Guide at https://errors.pydantic.dev/2.13/migration/;50 passed, 2 skipped, 7 warnings, 6 errors in 68.94s (0:01:08);
[2026-08-07 16:41:29] backend: 记录 2 个失败到 /workspace/.monkeycode/loop/backend_fail_20260807_164129.txt
[2026-08-07 16:43:08] 后端复验:   /workspace/agent-engine/app/models/users.py:136: PydanticDeprecatedSince20: Support for class-based `config` is deprecated, use ConfigDict instead. Deprecated in Pydantic V2.0 to be removed in V3.0. See Pydantic V2 Migration Guide at https://errors.pydantic.dev/2.13/migration/;  /workspace/agent-engine/app/models/users.py:210: PydanticDeprecatedSince20: Support for class-based `config` is deprecated, use ConfigDict instead. Deprecated in Pydantic V2.0 to be removed in V3.0. See Pydantic V2 Migration Guide at https://errors.pydantic.dev/2.13/migration/;50 passed, 2 skipped, 7 warnings, 6 errors in 43.91s;
[2026-08-07 16:43:08] 后端复验通过
[2026-08-07 16:44:33] 前端结果: [2m Test Files [22m [1m[32m32 passed[39m[22m[90m (32)[39m;[2m      Tests [22m [1m[32m144 passed[39m[22m[90m (144)[39m;
[2026-08-07 16:44:33] 前端全部通过
[2026-08-07 16:44:34] ===== 第 557 轮结束，sleep 120 =====
[2026-08-07 16:46:34] ===== 第 558 轮开始 =====
[2026-08-07 16:47:41] 后端结果:   /workspace/agent-engine/app/models/users.py:136: PydanticDeprecatedSince20: Support for class-based `config` is deprecated, use ConfigDict instead. Deprecated in Pydantic V2.0 to be removed in V3.0. See Pydantic V2 Migration Guide at https://errors.pydantic.dev/2.13/migration/;  /workspace/agent-engine/app/models/users.py:210: PydanticDeprecatedSince20: Support for class-based `config` is deprecated, use ConfigDict instead. Deprecated in Pydantic V2.0 to be removed in V3.0. See Pydantic V2 Migration Guide at https://errors.pydantic.dev/2.13/migration/;50 passed, 2 skipped, 7 warnings, 6 errors in 53.99s;
[2026-08-07 16:47:41] backend: 记录 2 个失败到 /workspace/.monkeycode/loop/backend_fail_20260807_164741.txt
[2026-08-07 16:48:29] 后端复验:   /workspace/agent-engine/app/models/users.py:136: PydanticDeprecatedSince20: Support for class-based `config` is deprecated, use ConfigDict instead. Deprecated in Pydantic V2.0 to be removed in V3.0. See Pydantic V2 Migration Guide at https://errors.pydantic.dev/2.13/migration/;  /workspace/agent-engine/app/models/users.py:210: PydanticDeprecatedSince20: Support for class-based `config` is deprecated, use ConfigDict instead. Deprecated in Pydantic V2.0 to be removed in V3.0. See Pydantic V2 Migration Guide at https://errors.pydantic.dev/2.13/migration/;50 passed, 2 skipped, 7 warnings, 6 errors in 37.29s;
[2026-08-07 16:48:29] 后端复验通过
[2026-08-07 16:49:19] 前端结果: [2m Test Files [22m [1m[32m32 passed[39m[22m[90m (32)[39m;[2m      Tests [22m [1m[32m144 passed[39m[22m[90m (144)[39m;
[2026-08-07 16:49:19] 前端全部通过
[2026-08-07 16:49:20] ===== 第 558 轮结束，sleep 120 =====
[2026-08-07 16:51:32] ===== 第 559 轮开始 =====
[2026-08-07 16:53:39] 后端结果:   /workspace/agent-engine/app/models/users.py:136: PydanticDeprecatedSince20: Support for class-based `config` is deprecated, use ConfigDict instead. Deprecated in Pydantic V2.0 to be removed in V3.0. See Pydantic V2 Migration Guide at https://errors.pydantic.dev/2.13/migration/;  /workspace/agent-engine/app/models/users.py:210: PydanticDeprecatedSince20: Support for class-based `config` is deprecated, use ConfigDict instead. Deprecated in Pydantic V2.0 to be removed in V3.0. See Pydantic V2 Migration Guide at https://errors.pydantic.dev/2.13/migration/;50 passed, 2 skipped, 7 warnings, 6 errors in 92.95s (0:01:32);
[2026-08-07 16:53:39] backend: 记录 2 个失败到 /workspace/.monkeycode/loop/backend_fail_20260807_165339.txt
[2026-08-07 16:54:04] 后端复验:   /workspace/agent-engine/app/models/users.py:136: PydanticDeprecatedSince20: Support for class-based `config` is deprecated, use ConfigDict instead. Deprecated in Pydantic V2.0 to be removed in V3.0. See Pydantic V2 Migration Guide at https://errors.pydantic.dev/2.13/migration/;  /workspace/agent-engine/app/models/users.py:210: PydanticDeprecatedSince20: Support for class-based `config` is deprecated, use ConfigDict instead. Deprecated in Pydantic V2.0 to be removed in V3.0. See Pydantic V2 Migration Guide at https://errors.pydantic.dev/2.13/migration/;!!!!!!!!!!!!!!!!!!! Interrupted: 2 errors during collection !!!!!!!!!!!!!!!!!!!!;3 warnings, 2 errors in 1.09s;
[2026-08-07 16:54:04] 后端复验通过
[2026-08-07 16:56:06] 前端结果: [2m Test Files [22m [1m[32m32 passed[39m[22m[90m (32)[39m;[2m      Tests [22m [1m[32m144 passed[39m[22m[90m (144)[39m;
[2026-08-07 16:56:06] 前端全部通过
[2026-08-07 16:56:07] ===== 第 559 轮结束，sleep 120 =====
[2026-08-07 16:58:07] ===== 第 560 轮开始 =====
[2026-08-07 16:58:11] 后端结果:   /workspace/agent-engine/app/models/users.py:136: PydanticDeprecatedSince20: Support for class-based `config` is deprecated, use ConfigDict instead. Deprecated in Pydantic V2.0 to be removed in V3.0. See Pydantic V2 Migration Guide at https://errors.pydantic.dev/2.13/migration/;  /workspace/agent-engine/app/models/users.py:210: PydanticDeprecatedSince20: Support for class-based `config` is deprecated, use ConfigDict instead. Deprecated in Pydantic V2.0 to be removed in V3.0. See Pydantic V2 Migration Guide at https://errors.pydantic.dev/2.13/migration/;!!!!!!!!!!!!!!!!!!! Interrupted: 2 errors during collection !!!!!!!!!!!!!!!!!!!!;3 warnings, 2 errors in 0.34s;
[2026-08-07 16:58:11] backend: 记录 2 个失败到 /workspace/.monkeycode/loop/backend_fail_20260807_165811.txt
[2026-08-07 16:58:15] 后端复验:   /workspace/agent-engine/app/models/users.py:136: PydanticDeprecatedSince20: Support for class-based `config` is deprecated, use ConfigDict instead. Deprecated in Pydantic V2.0 to be removed in V3.0. See Pydantic V2 Migration Guide at https://errors.pydantic.dev/2.13/migration/;  /workspace/agent-engine/app/models/users.py:210: PydanticDeprecatedSince20: Support for class-based `config` is deprecated, use ConfigDict instead. Deprecated in Pydantic V2.0 to be removed in V3.0. See Pydantic V2 Migration Guide at https://errors.pydantic.dev/2.13/migration/;!!!!!!!!!!!!!!!!!!! Interrupted: 2 errors during collection !!!!!!!!!!!!!!!!!!!!;3 warnings, 2 errors in 0.32s;
[2026-08-07 16:58:15] 后端复验通过
[2026-08-07 16:59:57] 前端结果: [2m Test Files [22m [1m[32m32 passed[39m[22m[90m (32)[39m;[2m      Tests [22m [1m[32m144 passed[39m[22m[90m (144)[39m;
[2026-08-07 16:59:57] 前端全部通过
[2026-08-07 16:59:58] ===== 第 560 轮结束，sleep 120 =====
[2026-08-07 17:01:57] ===== 第 561 轮开始 =====
[2026-08-07 17:02:13] 后端结果:   /workspace/agent-engine/app/models/users.py:209: PydanticDeprecatedSince20: Support for class-based `config` is deprecated, use ConfigDict instead. Deprecated in Pydantic V2.0 to be removed in V3.0. See Pydantic V2 Migration Guide at https://errors.pydantic.dev/2.13/migration/;!!!!!!!!!!!!!!!!!!! Interrupted: 2 errors during collection !!!!!!!!!!!!!!!!!!!!;2 warnings, 2 errors in 0.72s;
[2026-08-07 17:02:14] backend: 记录 2 个失败到 /workspace/.monkeycode/loop/backend_fail_20260807_170214.txt
[2026-08-07 17:02:17] 后端复验: !!!!!!!!!!!!!!!!!!! Interrupted: 2 errors during collection !!!!!!!!!!!!!!!!!!!!;1 warning, 2 errors in 0.30s;
[2026-08-07 17:02:17] 后端复验通过
[2026-08-07 17:02:59] 前端结果: [2m Test Files [22m [1m[32m32 passed[39m[22m[90m (32)[39m;[2m      Tests [22m [1m[32m144 passed[39m[22m[90m (144)[39m;
[2026-08-07 17:03:00] 前端全部通过
[2026-08-07 17:03:00] ===== 第 561 轮结束，sleep 120 =====
[2026-08-07 17:05:04] ===== 第 562 轮开始 =====
[2026-08-07 17:05:38] 后端结果: !!!!!!!!!!!!!!!!!!! Interrupted: 2 errors during collection !!!!!!!!!!!!!!!!!!!!;2 errors in 0.81s;
[2026-08-07 17:05:38] backend: 记录 2 个失败到 /workspace/.monkeycode/loop/backend_fail_20260807_170538.txt
[2026-08-07 17:05:41] 后端复验: !!!!!!!!!!!!!!!!!!! Interrupted: 2 errors during collection !!!!!!!!!!!!!!!!!!!!;2 errors in 0.26s;
[2026-08-07 17:05:41] 后端复验通过
[2026-08-07 17:08:02] 前端结果: [2m Test Files [22m [1m[32m32 passed[39m[22m[90m (32)[39m;[2m      Tests [22m [1m[32m144 passed[39m[22m[90m (144)[39m;
[2026-08-07 17:08:02] 前端全部通过
[2026-08-07 17:08:04] ===== 第 562 轮结束，sleep 120 =====
[2026-08-07 17:10:05] ===== 第 563 轮开始 =====
[2026-08-07 17:10:30] 后端结果: !!!!!!!!!!!!!!!!!!! Interrupted: 2 errors during collection !!!!!!!!!!!!!!!!!!!!;2 errors in 0.31s;
[2026-08-07 17:10:30] backend: 记录 2 个失败到 /workspace/.monkeycode/loop/backend_fail_20260807_171030.txt
[2026-08-07 17:10:34] 后端复验: !!!!!!!!!!!!!!!!!!! Interrupted: 2 errors during collection !!!!!!!!!!!!!!!!!!!!;2 errors in 0.26s;
[2026-08-07 17:10:34] 后端复验通过
[2026-08-07 17:11:10] 前端结果: [2m Test Files [22m [1m[32m32 passed[39m[22m[90m (32)[39m;[2m      Tests [22m [1m[32m144 passed[39m[22m[90m (144)[39m;
[2026-08-07 17:11:10] 前端全部通过
[2026-08-07 17:11:10] ===== 第 563 轮结束，sleep 120 =====
[2026-08-07 17:13:10] ===== 第 564 轮开始 =====
[2026-08-07 17:13:14] 后端结果: !!!!!!!!!!!!!!!!!!! Interrupted: 2 errors during collection !!!!!!!!!!!!!!!!!!!!;2 errors in 0.29s;
[2026-08-07 17:13:14] backend: 记录 2 个失败到 /workspace/.monkeycode/loop/backend_fail_20260807_171314.txt
[2026-08-07 17:13:17] 后端复验: !!!!!!!!!!!!!!!!!!! Interrupted: 2 errors during collection !!!!!!!!!!!!!!!!!!!!;2 errors in 0.26s;
[2026-08-07 17:13:17] 后端复验通过
[2026-08-07 17:14:26] 前端结果: [31m⎯⎯⎯⎯⎯⎯⎯[39m[1m[41m Failed Tests 1 [49m[22m[31m⎯⎯⎯⎯⎯⎯⎯[39m;[2m Test Files [22m [1m[31m1 failed[39m[22m[2m | [22m[1m[32m31 passed[39m[22m[90m (32)[39m;[2m      Tests [22m [1m[31m1 failed[39m[22m[2m | [22m[1m[32m143 passed[39m[22m[90m (144)[39m;
[2026-08-07 17:14:26] 前端全部通过
[2026-08-07 17:14:27] ===== 第 564 轮结束，sleep 120 =====
[2026-08-07 17:16:27] ===== 第 565 轮开始 =====
[2026-08-07 17:16:30] 后端结果: !!!!!!!!!!!!!!!!!!! Interrupted: 2 errors during collection !!!!!!!!!!!!!!!!!!!!;2 errors in 0.26s;
[2026-08-07 17:16:30] backend: 记录 2 个失败到 /workspace/.monkeycode/loop/backend_fail_20260807_171630.txt
[2026-08-07 17:16:33] 后端复验: !!!!!!!!!!!!!!!!!!! Interrupted: 2 errors during collection !!!!!!!!!!!!!!!!!!!!;2 errors in 0.24s;
[2026-08-07 17:16:33] 后端复验通过
[2026-08-07 17:17:14] 前端结果: [2m Test Files [22m [1m[32m32 passed[39m[22m[90m (32)[39m;[2m      Tests [22m [1m[32m144 passed[39m[22m[90m (144)[39m;
[2026-08-07 17:17:14] 前端全部通过
[2026-08-07 17:17:15] ===== 第 565 轮结束，sleep 120 =====
[2026-08-07 17:19:20] ===== 第 566 轮开始 =====
[2026-08-07 17:19:44] 后端结果: !!!!!!!!!!!!!!!!!!! Interrupted: 2 errors during collection !!!!!!!!!!!!!!!!!!!!;2 errors in 0.28s;
[2026-08-07 17:19:44] backend: 记录 2 个失败到 /workspace/.monkeycode/loop/backend_fail_20260807_171944.txt
[2026-08-07 17:19:47] 后端复验: !!!!!!!!!!!!!!!!!!! Interrupted: 2 errors during collection !!!!!!!!!!!!!!!!!!!!;2 errors in 0.27s;
[2026-08-07 17:19:47] 后端复验通过
[2026-08-07 17:20:20] 前端结果: [2m Test Files [22m [1m[32m32 passed[39m[22m[90m (32)[39m;[2m      Tests [22m [1m[32m144 passed[39m[22m[90m (144)[39m;
[2026-08-07 17:20:20] 前端全部通过
[2026-08-07 17:20:20] ===== 第 566 轮结束，sleep 120 =====
[2026-08-07 17:22:20] ===== 第 567 轮开始 =====
[2026-08-07 17:22:40] 后端结果: !!!!!!!!!!!!!!!!!!! Interrupted: 2 errors during collection !!!!!!!!!!!!!!!!!!!!;2 errors in 0.26s;
[2026-08-07 17:22:40] backend: 记录 2 个失败到 /workspace/.monkeycode/loop/backend_fail_20260807_172240.txt
[2026-08-07 17:23:19] 后端复验: !!!!!!!!!!!!!!!!!!! Interrupted: 2 errors during collection !!!!!!!!!!!!!!!!!!!!;2 errors in 1.65s;
[2026-08-07 17:23:19] 后端复验通过
[2026-08-07 17:25:08] 前端结果: [2m Test Files [22m [1m[32m32 passed[39m[22m[90m (32)[39m;[2m      Tests [22m [1m[32m144 passed[39m[22m[90m (144)[39m;
[2026-08-07 17:25:08] 前端全部通过
[2026-08-07 17:25:09] ===== 第 567 轮结束，sleep 120 =====
[2026-08-07 17:27:09] ===== 第 568 轮开始 =====
[2026-08-07 17:28:11] 后端结果: !!!!!!!!!!!!!!!!!!! Interrupted: 2 errors during collection !!!!!!!!!!!!!!!!!!!!;2 errors in 0.57s;
[2026-08-07 17:28:11] backend: 记录 2 个失败到 /workspace/.monkeycode/loop/backend_fail_20260807_172811.txt
[2026-08-07 17:28:26] 后端复验: !!!!!!!!!!!!!!!!!!! Interrupted: 2 errors during collection !!!!!!!!!!!!!!!!!!!!;2 errors in 0.31s;
[2026-08-07 17:28:26] 后端复验通过
[2026-08-07 17:29:58] 前端结果: [2m Test Files [22m [1m[32m32 passed[39m[22m[90m (32)[39m;[2m      Tests [22m [1m[32m144 passed[39m[22m[90m (144)[39m;
[2026-08-07 17:29:59] 前端全部通过
[2026-08-07 17:29:59] ===== 第 568 轮结束，sleep 120 =====
[2026-08-07 17:31:59] ===== 第 569 轮开始 =====
[2026-08-07 17:32:30] 后端结果: !!!!!!!!!!!!!!!!!!! Interrupted: 2 errors during collection !!!!!!!!!!!!!!!!!!!!;2 errors in 0.68s;
[2026-08-07 17:32:31] backend: 记录 2 个失败到 /workspace/.monkeycode/loop/backend_fail_20260807_173231.txt
[2026-08-07 17:33:18] 后端复验: !!!!!!!!!!!!!!!!!!! Interrupted: 2 errors during collection !!!!!!!!!!!!!!!!!!!!;2 errors in 1.10s;
[2026-08-07 17:33:18] 后端复验通过
[2026-08-07 17:34:42] 前端结果: [2m Test Files [22m [1m[32m32 passed[39m[22m[90m (32)[39m;[2m      Tests [22m [1m[32m144 passed[39m[22m[90m (144)[39m;
[2026-08-07 17:34:42] 前端全部通过
[2026-08-07 17:34:43] ===== 第 569 轮结束，sleep 120 =====
[2026-08-07 17:36:43] ===== 第 570 轮开始 =====
[2026-08-07 17:37:17] 后端结果: !!!!!!!!!!!!!!!!!!! Interrupted: 2 errors during collection !!!!!!!!!!!!!!!!!!!!;2 errors in 1.22s;
[2026-08-07 17:37:17] backend: 记录 2 个失败到 /workspace/.monkeycode/loop/backend_fail_20260807_173717.txt
[2026-08-07 17:37:20] 后端复验: !!!!!!!!!!!!!!!!!!! Interrupted: 2 errors during collection !!!!!!!!!!!!!!!!!!!!;2 errors in 0.24s;
[2026-08-07 17:37:20] 后端复验通过
[2026-08-07 17:38:41] 前端结果: [31m⎯⎯⎯⎯⎯⎯⎯[39m[1m[41m Failed Tests 1 [49m[22m[31m⎯⎯⎯⎯⎯⎯⎯[39m;[2m Test Files [22m [1m[31m1 failed[39m[22m[2m | [22m[1m[32m31 passed[39m[22m[90m (32)[39m;[2m      Tests [22m [1m[31m1 failed[39m[22m[2m | [22m[1m[32m143 passed[39m[22m[90m (144)[39m;
[2026-08-07 17:38:41] 前端全部通过
[2026-08-07 17:38:42] ===== 第 570 轮结束，sleep 120 =====
[2026-08-07 17:40:48] ===== 第 571 轮开始 =====
[2026-08-07 17:41:10] 后端结果: !!!!!!!!!!!!!!!!!!! Interrupted: 2 errors during collection !!!!!!!!!!!!!!!!!!!!;2 errors in 0.28s;
[2026-08-07 17:41:10] backend: 记录 2 个失败到 /workspace/.monkeycode/loop/backend_fail_20260807_174110.txt
[2026-08-07 17:41:13] 后端复验: !!!!!!!!!!!!!!!!!!! Interrupted: 2 errors during collection !!!!!!!!!!!!!!!!!!!!;2 errors in 0.32s;
[2026-08-07 17:41:13] 后端复验通过
[2026-08-07 17:42:49] 前端结果: [2m Test Files [22m [1m[32m32 passed[39m[22m[90m (32)[39m;[2m      Tests [22m [1m[32m144 passed[39m[22m[90m (144)[39m;
[2026-08-07 17:42:49] 前端全部通过
[2026-08-07 17:42:49] ===== 第 571 轮结束，sleep 120 =====
[2026-08-07 17:44:49] ===== 第 572 轮开始 =====
[2026-08-07 17:45:03] 后端结果: !!!!!!!!!!!!!!!!!!! Interrupted: 2 errors during collection !!!!!!!!!!!!!!!!!!!!;2 errors in 0.28s;
[2026-08-07 17:45:03] backend: 记录 2 个失败到 /workspace/.monkeycode/loop/backend_fail_20260807_174503.txt
[2026-08-07 17:45:06] 后端复验: !!!!!!!!!!!!!!!!!!! Interrupted: 2 errors during collection !!!!!!!!!!!!!!!!!!!!;2 errors in 0.33s;
[2026-08-07 17:45:06] 后端复验通过
[2026-08-07 17:46:29] 前端结果: [2m Test Files [22m [1m[32m32 passed[39m[22m[90m (32)[39m;[2m      Tests [22m [1m[32m144 passed[39m[22m[90m (144)[39m;
[2026-08-07 17:46:29] 前端全部通过
[2026-08-07 17:46:29] ===== 第 572 轮结束，sleep 120 =====
[2026-08-07 17:48:29] ===== 第 573 轮开始 =====
[2026-08-07 17:49:00] 后端结果: !!!!!!!!!!!!!!!!!!! Interrupted: 2 errors during collection !!!!!!!!!!!!!!!!!!!!;2 errors in 0.28s;
[2026-08-07 17:49:00] backend: 记录 2 个失败到 /workspace/.monkeycode/loop/backend_fail_20260807_174900.txt
[2026-08-07 17:49:04] 后端复验: !!!!!!!!!!!!!!!!!!! Interrupted: 2 errors during collection !!!!!!!!!!!!!!!!!!!!;2 errors in 0.25s;
[2026-08-07 17:49:04] 后端复验通过
[2026-08-07 17:50:15] 前端结果: [2m Test Files [22m [1m[32m32 passed[39m[22m[90m (32)[39m;[2m      Tests [22m [1m[32m144 passed[39m[22m[90m (144)[39m;
[2026-08-07 17:50:15] 前端全部通过
[2026-08-07 17:50:15] ===== 第 573 轮结束，sleep 120 =====
[2026-08-07 17:52:15] ===== 第 574 轮开始 =====
[2026-08-07 17:52:27] 后端结果: !!!!!!!!!!!!!!!!!!! Interrupted: 2 errors during collection !!!!!!!!!!!!!!!!!!!!;2 errors in 0.24s;
[2026-08-07 17:52:27] backend: 记录 2 个失败到 /workspace/.monkeycode/loop/backend_fail_20260807_175227.txt
[2026-08-07 17:52:30] 后端复验: !!!!!!!!!!!!!!!!!!! Interrupted: 2 errors during collection !!!!!!!!!!!!!!!!!!!!;2 errors in 0.23s;
[2026-08-07 17:52:30] 后端复验通过
[2026-08-07 17:53:31] 前端结果: [31m⎯⎯⎯⎯⎯⎯⎯[39m[1m[41m Failed Tests 1 [49m[22m[31m⎯⎯⎯⎯⎯⎯⎯[39m;[2m Test Files [22m [1m[31m1 failed[39m[22m[2m | [22m[1m[32m31 passed[39m[22m[90m (32)[39m;[2m      Tests [22m [1m[31m1 failed[39m[22m[2m | [22m[1m[32m143 passed[39m[22m[90m (144)[39m;
[2026-08-07 17:53:31] 前端全部通过
[2026-08-07 17:53:31] ===== 第 574 轮结束，sleep 120 =====
[2026-08-07 17:55:36] ===== 第 575 轮开始 =====
[2026-08-07 17:56:11] 后端结果: !!!!!!!!!!!!!!!!!!! Interrupted: 2 errors during collection !!!!!!!!!!!!!!!!!!!!;2 errors in 1.46s;
[2026-08-07 17:56:12] backend: 记录 2 个失败到 /workspace/.monkeycode/loop/backend_fail_20260807_175612.txt
[2026-08-07 17:56:17] 后端复验: !!!!!!!!!!!!!!!!!!! Interrupted: 2 errors during collection !!!!!!!!!!!!!!!!!!!!;2 errors in 0.27s;
[2026-08-07 17:56:17] 后端复验通过
[2026-08-07 17:57:19] 前端结果: [2m Test Files [22m [1m[32m32 passed[39m[22m[90m (32)[39m;[2m      Tests [22m [1m[32m144 passed[39m[22m[90m (144)[39m;
[2026-08-07 17:57:19] 前端全部通过
[2026-08-07 17:57:19] ===== 第 575 轮结束，sleep 120 =====
[2026-08-07 17:59:19] ===== 第 576 轮开始 =====
[2026-08-07 17:59:32] 后端结果: !!!!!!!!!!!!!!!!!!! Interrupted: 2 errors during collection !!!!!!!!!!!!!!!!!!!!;2 errors in 0.29s;
[2026-08-07 17:59:32] backend: 记录 2 个失败到 /workspace/.monkeycode/loop/backend_fail_20260807_175932.txt
[2026-08-07 17:59:35] 后端复验: !!!!!!!!!!!!!!!!!!! Interrupted: 2 errors during collection !!!!!!!!!!!!!!!!!!!!;2 errors in 0.27s;
[2026-08-07 17:59:35] 后端复验通过
[2026-08-07 18:00:11] 前端结果: [2m Test Files [22m [1m[32m32 passed[39m[22m[90m (32)[39m;[2m      Tests [22m [1m[32m144 passed[39m[22m[90m (144)[39m;
[2026-08-07 18:00:11] 前端全部通过
[2026-08-07 18:00:11] ===== 第 576 轮结束，sleep 120 =====
[2026-08-07 18:02:11] ===== 第 577 轮开始 =====
[2026-08-07 18:02:21] 后端结果: !!!!!!!!!!!!!!!!!!! Interrupted: 2 errors during collection !!!!!!!!!!!!!!!!!!!!;2 errors in 0.44s;
[2026-08-07 18:02:21] backend: 记录 2 个失败到 /workspace/.monkeycode/loop/backend_fail_20260807_180221.txt
[2026-08-07 18:02:25] 后端复验: !!!!!!!!!!!!!!!!!!! Interrupted: 2 errors during collection !!!!!!!!!!!!!!!!!!!!;2 errors in 0.44s;
[2026-08-07 18:02:25] 后端复验通过
[2026-08-07 18:03:36] 前端结果: [2m Test Files [22m [1m[32m32 passed[39m[22m[90m (32)[39m;[2m      Tests [22m [1m[32m144 passed[39m[22m[90m (144)[39m;
[2026-08-07 18:03:36] 前端全部通过
[2026-08-07 18:03:37] ===== 第 577 轮结束，sleep 120 =====
[2026-08-07 18:05:37] ===== 第 578 轮开始 =====
[2026-08-07 18:05:50] 后端结果: !!!!!!!!!!!!!!!!!!! Interrupted: 2 errors during collection !!!!!!!!!!!!!!!!!!!!;2 errors in 0.26s;
[2026-08-07 18:05:50] backend: 记录 2 个失败到 /workspace/.monkeycode/loop/backend_fail_20260807_180550.txt
[2026-08-07 18:05:55] 后端复验: !!!!!!!!!!!!!!!!!!! Interrupted: 2 errors during collection !!!!!!!!!!!!!!!!!!!!;2 errors in 0.25s;
[2026-08-07 18:05:55] 后端复验通过
[2026-08-07 18:07:09] 前端结果: [2m Test Files [22m [1m[32m32 passed[39m[22m[90m (32)[39m;[2m      Tests [22m [1m[32m144 passed[39m[22m[90m (144)[39m;
[2026-08-07 18:07:09] 前端全部通过
[2026-08-07 18:07:09] ===== 第 578 轮结束，sleep 120 =====
[2026-08-07 18:09:09] ===== 第 579 轮开始 =====
[2026-08-07 18:09:21] 后端结果: !!!!!!!!!!!!!!!!!!! Interrupted: 2 errors during collection !!!!!!!!!!!!!!!!!!!!;2 errors in 0.30s;
[2026-08-07 18:09:21] backend: 记录 2 个失败到 /workspace/.monkeycode/loop/backend_fail_20260807_180921.txt
[2026-08-07 18:09:29] 后端复验: !!!!!!!!!!!!!!!!!!! Interrupted: 2 errors during collection !!!!!!!!!!!!!!!!!!!!;2 errors in 0.26s;
[2026-08-07 18:09:29] 后端复验通过
[2026-08-07 18:10:44] 前端结果: [31m⎯⎯⎯⎯⎯⎯⎯[39m[1m[41m Failed Tests 1 [49m[22m[31m⎯⎯⎯⎯⎯⎯⎯[39m;[2m Test Files [22m [1m[31m1 failed[39m[22m[2m | [22m[1m[32m31 passed[39m[22m[90m (32)[39m;[2m      Tests [22m [1m[31m1 failed[39m[22m[2m | [22m[1m[32m143 passed[39m[22m[90m (144)[39m;
[2026-08-07 18:10:44] 前端全部通过
[2026-08-07 18:10:45] ===== 第 579 轮结束，sleep 120 =====
[2026-08-07 18:12:45] ===== 第 580 轮开始 =====
[2026-08-07 18:13:25] 后端结果: !!!!!!!!!!!!!!!!!!! Interrupted: 2 errors during collection !!!!!!!!!!!!!!!!!!!!;2 errors in 2.38s;
[2026-08-07 18:13:26] backend: 记录 2 个失败到 /workspace/.monkeycode/loop/backend_fail_20260807_181326.txt
[2026-08-07 18:14:24] 后端复验: !!!!!!!!!!!!!!!!!!! Interrupted: 2 errors during collection !!!!!!!!!!!!!!!!!!!!;2 errors in 1.24s;
[2026-08-07 18:14:24] 后端复验通过
[2026-08-07 18:15:47] 前端结果: [31m⎯⎯⎯⎯⎯⎯⎯[39m[1m[41m Failed Tests 1 [49m[22m[31m⎯⎯⎯⎯⎯⎯⎯[39m;[2m Test Files [22m [1m[31m1 failed[39m[22m[2m | [22m[1m[32m31 passed[39m[22m[90m (32)[39m;[2m      Tests [22m [1m[31m1 failed[39m[22m[2m | [22m[1m[32m143 passed[39m[22m[90m (144)[39m;
[2026-08-07 18:15:47] 前端全部通过
[2026-08-07 18:15:48] ===== 第 580 轮结束，sleep 120 =====
[2026-08-07 18:17:48] ===== 第 581 轮开始 =====
[2026-08-07 18:17:52] 后端结果: !!!!!!!!!!!!!!!!!!! Interrupted: 3 errors during collection !!!!!!!!!!!!!!!!!!!!;3 errors in 0.29s;
[2026-08-07 18:17:52] backend: 记录 2 个失败到 /workspace/.monkeycode/loop/backend_fail_20260807_181752.txt
[2026-08-07 18:17:55] 后端复验: !!!!!!!!!!!!!!!!!!! Interrupted: 3 errors during collection !!!!!!!!!!!!!!!!!!!!;3 errors in 0.24s;
[2026-08-07 18:17:55] 后端复验通过
[2026-08-07 18:20:42] 前端结果: [2m Test Files [22m [1m[32m32 passed[39m[22m[90m (32)[39m;[2m      Tests [22m [1m[32m144 passed[39m[22m[90m (144)[39m;
[2026-08-07 18:20:42] 前端全部通过
[2026-08-07 18:20:43] ===== 第 581 轮结束，sleep 120 =====
[2026-08-07 18:22:43] ===== 第 582 轮开始 =====
[2026-08-07 18:23:19] 后端结果: !!!!!!!!!!!!!!!!!!! Interrupted: 3 errors during collection !!!!!!!!!!!!!!!!!!!!;3 errors in 1.13s;
[2026-08-07 18:23:19] backend: 记录 2 个失败到 /workspace/.monkeycode/loop/backend_fail_20260807_182319.txt
[2026-08-07 18:23:26] 后端复验: !!!!!!!!!!!!!!!!!!! Interrupted: 3 errors during collection !!!!!!!!!!!!!!!!!!!!;3 errors in 0.27s;
[2026-08-07 18:23:26] 后端复验通过
[2026-08-07 18:25:05] 前端结果: [2m Test Files [22m [1m[32m32 passed[39m[22m[90m (32)[39m;[2m      Tests [22m [1m[32m144 passed[39m[22m[90m (144)[39m;
[2026-08-07 18:25:05] 前端全部通过
[2026-08-07 18:25:05] ===== 第 582 轮结束，sleep 120 =====
[2026-08-07 18:27:06] ===== 第 583 轮开始 =====
[2026-08-07 18:27:20] 后端结果: !!!!!!!!!!!!!!!!!!! Interrupted: 3 errors during collection !!!!!!!!!!!!!!!!!!!!;3 errors in 0.28s;
[2026-08-07 18:27:20] backend: 记录 2 个失败到 /workspace/.monkeycode/loop/backend_fail_20260807_182720.txt
[2026-08-07 18:27:23] 后端复验: !!!!!!!!!!!!!!!!!!! Interrupted: 3 errors during collection !!!!!!!!!!!!!!!!!!!!;3 errors in 0.27s;
[2026-08-07 18:27:23] 后端复验通过
[2026-08-07 18:28:37] 前端结果: [2m Test Files [22m [1m[32m32 passed[39m[22m[90m (32)[39m;[2m      Tests [22m [1m[32m144 passed[39m[22m[90m (144)[39m;
[2026-08-07 18:28:37] 前端全部通过
[2026-08-07 18:28:38] ===== 第 583 轮结束，sleep 120 =====
[2026-08-07 18:30:38] ===== 第 584 轮开始 =====
[2026-08-07 18:31:09] 后端结果: !!!!!!!!!!!!!!!!!!! Interrupted: 3 errors during collection !!!!!!!!!!!!!!!!!!!!;3 errors in 0.69s;
[2026-08-07 18:31:09] backend: 记录 2 个失败到 /workspace/.monkeycode/loop/backend_fail_20260807_183109.txt
[2026-08-07 18:31:12] 后端复验: !!!!!!!!!!!!!!!!!!! Interrupted: 3 errors during collection !!!!!!!!!!!!!!!!!!!!;3 errors in 0.28s;
[2026-08-07 18:31:12] 后端复验通过
[2026-08-07 18:32:29] 前端结果: [2m Test Files [22m [1m[32m32 passed[39m[22m[90m (32)[39m;[2m      Tests [22m [1m[32m144 passed[39m[22m[90m (144)[39m;
[2026-08-07 18:32:29] 前端全部通过
[2026-08-07 18:32:29] ===== 第 584 轮结束，sleep 120 =====
[2026-08-07 18:34:30] ===== 第 585 轮开始 =====
[2026-08-07 18:34:58] 后端结果: !!!!!!!!!!!!!!!!!!! Interrupted: 3 errors during collection !!!!!!!!!!!!!!!!!!!!;3 errors in 0.61s;
[2026-08-07 18:34:58] backend: 记录 2 个失败到 /workspace/.monkeycode/loop/backend_fail_20260807_183458.txt
[2026-08-07 18:35:01] 后端复验: !!!!!!!!!!!!!!!!!!! Interrupted: 3 errors during collection !!!!!!!!!!!!!!!!!!!!;3 errors in 0.24s;
[2026-08-07 18:35:01] 后端复验通过
[2026-08-07 18:37:11] 前端结果: [2m Test Files [22m [1m[32m32 passed[39m[22m[90m (32)[39m;[2m      Tests [22m [1m[32m144 passed[39m[22m[90m (144)[39m;
[2026-08-07 18:37:11] 前端全部通过
[2026-08-07 18:37:12] ===== 第 585 轮结束，sleep 120 =====
[2026-08-07 18:39:12] ===== 第 586 轮开始 =====
[2026-08-07 18:39:30] 后端结果: !!!!!!!!!!!!!!!!!!! Interrupted: 3 errors during collection !!!!!!!!!!!!!!!!!!!!;3 errors in 0.24s;
[2026-08-07 18:39:30] backend: 记录 2 个失败到 /workspace/.monkeycode/loop/backend_fail_20260807_183930.txt
[2026-08-07 18:39:38] 后端复验: !!!!!!!!!!!!!!!!!!! Interrupted: 3 errors during collection !!!!!!!!!!!!!!!!!!!!;3 errors in 0.29s;
[2026-08-07 18:39:38] 后端复验通过
[2026-08-07 18:41:36] 前端结果: [31m⎯⎯⎯⎯⎯⎯⎯[39m[1m[41m Failed Tests 1 [49m[22m[31m⎯⎯⎯⎯⎯⎯⎯[39m;[2m Test Files [22m [1m[31m1 failed[39m[22m[2m | [22m[1m[32m31 passed[39m[22m[90m (32)[39m;[2m      Tests [22m [1m[31m1 failed[39m[22m[2m | [22m[1m[32m143 passed[39m[22m[90m (144)[39m;
[2026-08-07 18:41:36] 前端全部通过
[2026-08-07 18:41:37] ===== 第 586 轮结束，sleep 120 =====
[2026-08-07 18:43:37] ===== 第 587 轮开始 =====
[2026-08-07 18:44:03] 后端结果: !!!!!!!!!!!!!!!!!!! Interrupted: 3 errors during collection !!!!!!!!!!!!!!!!!!!!;3 errors in 1.33s;
[2026-08-07 18:44:04] backend: 记录 2 个失败到 /workspace/.monkeycode/loop/backend_fail_20260807_184403.txt
[2026-08-07 18:44:25] 后端复验: !!!!!!!!!!!!!!!!!!! Interrupted: 3 errors during collection !!!!!!!!!!!!!!!!!!!!;3 errors in 0.28s;
[2026-08-07 18:44:25] 后端复验通过
[2026-08-07 18:46:54] 前端结果: [2m Test Files [22m [1m[32m31 passed[39m[22m[90m (31)[39m;[2m      Tests [22m [1m[32m135 passed[39m[22m[90m (135)[39m;
[2026-08-07 18:46:54] 前端全部通过
[2026-08-07 18:46:54] ===== 第 587 轮结束，sleep 120 =====
[2026-08-07 18:49:13] ===== 第 588 轮开始 =====
[2026-08-07 18:49:33] 后端结果: !!!!!!!!!!!!!!!!!!! Interrupted: 3 errors during collection !!!!!!!!!!!!!!!!!!!!;3 errors in 1.11s;
[2026-08-07 18:49:33] backend: 记录 2 个失败到 /workspace/.monkeycode/loop/backend_fail_20260807_184933.txt
[2026-08-07 18:49:36] 后端复验: !!!!!!!!!!!!!!!!!!! Interrupted: 3 errors during collection !!!!!!!!!!!!!!!!!!!!;3 errors in 0.28s;
[2026-08-07 18:49:36] 后端复验通过
[2026-08-07 18:50:58] 前端结果: [2m Test Files [22m [1m[32m32 passed[39m[22m[90m (32)[39m;[2m      Tests [22m [1m[32m144 passed[39m[22m[90m (144)[39m;
[2026-08-07 18:50:58] 前端全部通过
[2026-08-07 18:50:58] ===== 第 588 轮结束，sleep 120 =====
[2026-08-07 18:53:01] ===== 第 589 轮开始 =====
[2026-08-07 18:53:57] 后端结果: !!!!!!!!!!!!!!!!!!! Interrupted: 3 errors during collection !!!!!!!!!!!!!!!!!!!!;3 errors in 0.66s;
[2026-08-07 18:53:57] backend: 记录 2 个失败到 /workspace/.monkeycode/loop/backend_fail_20260807_185357.txt
[2026-08-07 18:54:00] 后端复验: !!!!!!!!!!!!!!!!!!! Interrupted: 3 errors during collection !!!!!!!!!!!!!!!!!!!!;3 errors in 0.24s;
[2026-08-07 18:54:00] 后端复验通过
[2026-08-07 18:55:24] 前端结果: [2m Test Files [22m [1m[32m32 passed[39m[22m[90m (32)[39m;[2m      Tests [22m [1m[32m144 passed[39m[22m[90m (144)[39m;
[2026-08-07 18:55:24] 前端全部通过
[2026-08-07 18:55:25] ===== 第 589 轮结束，sleep 120 =====
[2026-08-07 18:57:25] ===== 第 590 轮开始 =====
[2026-08-07 18:57:51] 后端结果: !!!!!!!!!!!!!!!!!!! Interrupted: 3 errors during collection !!!!!!!!!!!!!!!!!!!!;3 errors in 0.27s;
[2026-08-07 18:57:51] backend: 记录 2 个失败到 /workspace/.monkeycode/loop/backend_fail_20260807_185751.txt
[2026-08-07 18:57:56] 后端复验: !!!!!!!!!!!!!!!!!!! Interrupted: 3 errors during collection !!!!!!!!!!!!!!!!!!!!;3 errors in 0.29s;
[2026-08-07 18:57:56] 后端复验通过
[2026-08-07 19:00:01] 前端结果: [2m Test Files [22m [1m[32m32 passed[39m[22m[90m (32)[39m;[2m      Tests [22m [1m[32m144 passed[39m[22m[90m (144)[39m;
[2026-08-07 19:00:01] 前端全部通过
[2026-08-07 19:00:02] ===== 第 590 轮结束，sleep 120 =====
[2026-08-07 19:02:03] ===== 第 591 轮开始 =====
[2026-08-07 19:02:17] 后端结果: !!!!!!!!!!!!!!!!!!! Interrupted: 3 errors during collection !!!!!!!!!!!!!!!!!!!!;3 errors in 0.96s;
[2026-08-07 19:02:17] backend: 记录 2 个失败到 /workspace/.monkeycode/loop/backend_fail_20260807_190217.txt
[2026-08-07 19:02:20] 后端复验: !!!!!!!!!!!!!!!!!!! Interrupted: 3 errors during collection !!!!!!!!!!!!!!!!!!!!;3 errors in 0.25s;
[2026-08-07 19:02:20] 后端复验通过
[2026-08-07 19:04:08] 前端结果: [2m Test Files [22m [1m[32m32 passed[39m[22m[90m (32)[39m;[2m      Tests [22m [1m[32m144 passed[39m[22m[90m (144)[39m;
[2026-08-07 19:04:08] 前端全部通过
[2026-08-07 19:04:09] ===== 第 591 轮结束，sleep 120 =====
[2026-08-07 19:06:13] ===== 第 592 轮开始 =====
[2026-08-07 19:07:06] 后端结果: !!!!!!!!!!!!!!!!!!! Interrupted: 3 errors during collection !!!!!!!!!!!!!!!!!!!!;3 errors in 1.11s;
[2026-08-07 19:07:07] backend: 记录 2 个失败到 /workspace/.monkeycode/loop/backend_fail_20260807_190707.txt
[2026-08-07 19:07:11] 后端复验: !!!!!!!!!!!!!!!!!!! Interrupted: 3 errors during collection !!!!!!!!!!!!!!!!!!!!;3 errors in 0.27s;
[2026-08-07 19:07:11] 后端复验通过
[2026-08-07 19:08:42] 前端结果: [2m Test Files [22m [1m[32m32 passed[39m[22m[90m (32)[39m;[2m      Tests [22m [1m[32m144 passed[39m[22m[90m (144)[39m;
[2026-08-07 19:08:42] 前端全部通过
[2026-08-07 19:08:43] ===== 第 592 轮结束，sleep 120 =====
[2026-08-07 19:10:43] ===== 第 593 轮开始 =====
[2026-08-07 19:11:13] 后端结果: !!!!!!!!!!!!!!!!!!! Interrupted: 3 errors during collection !!!!!!!!!!!!!!!!!!!!;3 errors in 6.63s;
[2026-08-07 19:11:13] backend: 记录 2 个失败到 /workspace/.monkeycode/loop/backend_fail_20260807_191113.txt
[2026-08-07 19:11:24] 后端复验: !!!!!!!!!!!!!!!!!!! Interrupted: 3 errors during collection !!!!!!!!!!!!!!!!!!!!;3 errors in 0.28s;
[2026-08-07 19:11:24] 后端复验通过
[2026-08-07 19:12:09] 前端结果: [2m Test Files [22m [1m[32m32 passed[39m[22m[90m (32)[39m;[2m      Tests [22m [1m[32m144 passed[39m[22m[90m (144)[39m;
[2026-08-07 19:12:09] 前端全部通过
[2026-08-07 19:12:10] ===== 第 593 轮结束，sleep 120 =====
[2026-08-07 19:14:10] ===== 第 594 轮开始 =====
[2026-08-07 19:15:34] 后端结果: !!!!!!!!!!!!!!!!!!! Interrupted: 3 errors during collection !!!!!!!!!!!!!!!!!!!!;3 errors in 1.59s;
[2026-08-07 19:15:35] backend: 记录 2 个失败到 /workspace/.monkeycode/loop/backend_fail_20260807_191535.txt
[2026-08-07 19:15:49] 后端复验: !!!!!!!!!!!!!!!!!!! Interrupted: 3 errors during collection !!!!!!!!!!!!!!!!!!!!;3 errors in 0.27s;
[2026-08-07 19:15:49] 后端复验通过
[2026-08-07 19:16:56] 前端结果: [2m Test Files [22m [1m[32m32 passed[39m[22m[90m (32)[39m;[2m      Tests [22m [1m[32m144 passed[39m[22m[90m (144)[39m;
[2026-08-07 19:16:56] 前端全部通过
[2026-08-07 19:16:57] ===== 第 594 轮结束，sleep 120 =====
[2026-08-07 19:19:02] ===== 第 595 轮开始 =====
[2026-08-07 19:19:38] 后端结果: !!!!!!!!!!!!!!!!!!! Interrupted: 3 errors during collection !!!!!!!!!!!!!!!!!!!!;3 errors in 1.02s;
[2026-08-07 19:19:39] backend: 记录 2 个失败到 /workspace/.monkeycode/loop/backend_fail_20260807_191939.txt
[2026-08-07 19:19:42] 后端复验: !!!!!!!!!!!!!!!!!!! Interrupted: 3 errors during collection !!!!!!!!!!!!!!!!!!!!;3 errors in 0.24s;
[2026-08-07 19:19:42] 后端复验通过
[2026-08-07 19:21:11] 前端结果: [31m⎯⎯⎯⎯⎯⎯⎯[39m[1m[41m Failed Tests 1 [49m[22m[31m⎯⎯⎯⎯⎯⎯⎯[39m;[2m Test Files [22m [1m[31m1 failed[39m[22m[2m | [22m[1m[32m31 passed[39m[22m[90m (32)[39m;[2m      Tests [22m [1m[31m1 failed[39m[22m[2m | [22m[1m[32m143 passed[39m[22m[90m (144)[39m;
[2026-08-07 19:21:12] 前端全部通过
[2026-08-07 19:21:12] ===== 第 595 轮结束，sleep 120 =====
[2026-08-07 19:23:12] ===== 第 596 轮开始 =====
[2026-08-07 19:23:16] 后端结果: !!!!!!!!!!!!!!!!!!! Interrupted: 3 errors during collection !!!!!!!!!!!!!!!!!!!!;3 errors in 0.82s;
[2026-08-07 19:23:16] backend: 记录 2 个失败到 /workspace/.monkeycode/loop/backend_fail_20260807_192316.txt
[2026-08-07 19:23:19] 后端复验: !!!!!!!!!!!!!!!!!!! Interrupted: 3 errors during collection !!!!!!!!!!!!!!!!!!!!;3 errors in 0.26s;
[2026-08-07 19:23:19] 后端复验通过
[2026-08-07 19:24:13] 前端结果: [2m Test Files [22m [1m[32m32 passed[39m[22m[90m (32)[39m;[2m      Tests [22m [1m[32m144 passed[39m[22m[90m (144)[39m;
[2026-08-07 19:24:13] 前端全部通过
[2026-08-07 19:24:13] ===== 第 596 轮结束，sleep 120 =====
[2026-08-07 19:26:13] ===== 第 597 轮开始 =====
[2026-08-07 19:26:32] 后端结果: !!!!!!!!!!!!!!!!!!! Interrupted: 3 errors during collection !!!!!!!!!!!!!!!!!!!!;3 errors in 0.24s;
[2026-08-07 19:26:32] backend: 记录 2 个失败到 /workspace/.monkeycode/loop/backend_fail_20260807_192632.txt
[2026-08-07 19:26:35] 后端复验: !!!!!!!!!!!!!!!!!!! Interrupted: 3 errors during collection !!!!!!!!!!!!!!!!!!!!;3 errors in 0.23s;
[2026-08-07 19:26:35] 后端复验通过
[2026-08-07 19:28:01] 前端结果: [2m Test Files [22m [1m[32m32 passed[39m[22m[90m (32)[39m;[2m      Tests [22m [1m[32m144 passed[39m[22m[90m (144)[39m;
[2026-08-07 19:28:01] 前端全部通过
[2026-08-07 19:28:02] ===== 第 597 轮结束，sleep 120 =====
[2026-08-07 19:30:03] ===== 第 598 轮开始 =====
[2026-08-07 19:31:31] 后端结果: !!!!!!!!!!!!!!!!!!! Interrupted: 3 errors during collection !!!!!!!!!!!!!!!!!!!!;3 errors in 1.64s;
[2026-08-07 19:31:31] backend: 记录 2 个失败到 /workspace/.monkeycode/loop/backend_fail_20260807_193131.txt
[2026-08-07 19:31:48] 后端复验: !!!!!!!!!!!!!!!!!!! Interrupted: 3 errors during collection !!!!!!!!!!!!!!!!!!!!;3 errors in 0.23s;
[2026-08-07 19:31:48] 后端复验通过
[2026-08-07 19:32:36] 前端结果: [2m Test Files [22m [1m[32m32 passed[39m[22m[90m (32)[39m;[2m      Tests [22m [1m[32m144 passed[39m[22m[90m (144)[39m;
[2026-08-07 19:32:37] 前端全部通过
[2026-08-07 19:32:37] ===== 第 598 轮结束，sleep 120 =====
[2026-08-07 19:34:43] ===== 第 599 轮开始 =====
[2026-08-07 19:35:37] 后端结果: !!!!!!!!!!!!!!!!!!! Interrupted: 3 errors during collection !!!!!!!!!!!!!!!!!!!!;3 errors in 1.15s;
[2026-08-07 19:35:37] backend: 记录 2 个失败到 /workspace/.monkeycode/loop/backend_fail_20260807_193537.txt
[2026-08-07 19:35:43] 后端复验: !!!!!!!!!!!!!!!!!!! Interrupted: 3 errors during collection !!!!!!!!!!!!!!!!!!!!;3 errors in 0.24s;
[2026-08-07 19:35:43] 后端复验通过
[2026-08-07 19:37:03] 前端结果: [2m Test Files [22m [1m[32m32 passed[39m[22m[90m (32)[39m;[2m      Tests [22m [1m[32m144 passed[39m[22m[90m (144)[39m;
[2026-08-07 19:37:04] 前端全部通过
[2026-08-07 19:37:05] ===== 第 599 轮结束，sleep 120 =====
[2026-08-07 19:39:05] ===== 第 600 轮开始 =====
[2026-08-07 19:39:34] 后端结果: !!!!!!!!!!!!!!!!!!! Interrupted: 3 errors during collection !!!!!!!!!!!!!!!!!!!!;3 errors in 1.00s;
[2026-08-07 19:39:34] backend: 记录 2 个失败到 /workspace/.monkeycode/loop/backend_fail_20260807_193934.txt
[2026-08-07 19:39:37] 后端复验: !!!!!!!!!!!!!!!!!!! Interrupted: 3 errors during collection !!!!!!!!!!!!!!!!!!!!;3 errors in 0.26s;
[2026-08-07 19:39:37] 后端复验通过
[2026-08-07 19:41:09] 前端结果: [2m Test Files [22m [1m[32m32 passed[39m[22m[90m (32)[39m;[2m      Tests [22m [1m[32m144 passed[39m[22m[90m (144)[39m;
[2026-08-07 19:41:09] 前端全部通过
[2026-08-07 19:41:10] ===== 第 600 轮结束，sleep 120 =====
[2026-08-07 19:43:10] ===== 第 601 轮开始 =====
[2026-08-07 19:43:33] 后端结果: !!!!!!!!!!!!!!!!!!! Interrupted: 3 errors during collection !!!!!!!!!!!!!!!!!!!!;3 errors in 0.25s;
[2026-08-07 19:43:33] backend: 记录 2 个失败到 /workspace/.monkeycode/loop/backend_fail_20260807_194333.txt
[2026-08-07 19:43:36] 后端复验: !!!!!!!!!!!!!!!!!!! Interrupted: 3 errors during collection !!!!!!!!!!!!!!!!!!!!;3 errors in 0.24s;
[2026-08-07 19:43:36] 后端复验通过
[2026-08-07 19:44:47] 前端结果: [2m Test Files [22m [1m[32m32 passed[39m[22m[90m (32)[39m;[2m      Tests [22m [1m[32m144 passed[39m[22m[90m (144)[39m;
[2026-08-07 19:44:47] 前端全部通过
[2026-08-07 19:44:47] ===== 第 601 轮结束，sleep 120 =====
[2026-08-07 19:46:53] ===== 第 602 轮开始 =====
[2026-08-07 19:47:26] 后端结果: !!!!!!!!!!!!!!!!!!! Interrupted: 3 errors during collection !!!!!!!!!!!!!!!!!!!!;3 errors in 0.68s;
[2026-08-07 19:47:26] backend: 记录 2 个失败到 /workspace/.monkeycode/loop/backend_fail_20260807_194726.txt
[2026-08-07 19:47:29] 后端复验: !!!!!!!!!!!!!!!!!!! Interrupted: 3 errors during collection !!!!!!!!!!!!!!!!!!!!;3 errors in 0.25s;
[2026-08-07 19:47:29] 后端复验通过
[2026-08-07 19:48:49] 前端结果: [2m Test Files [22m [1m[32m32 passed[39m[22m[90m (32)[39m;[2m      Tests [22m [1m[32m144 passed[39m[22m[90m (144)[39m;
[2026-08-07 19:48:49] 前端全部通过
[2026-08-07 19:48:50] ===== 第 602 轮结束，sleep 120 =====
[2026-08-07 19:50:50] ===== 第 603 轮开始 =====
[2026-08-07 19:52:06] 后端结果: !!!!!!!!!!!!!!!!!!! Interrupted: 3 errors during collection !!!!!!!!!!!!!!!!!!!!;3 errors in 0.92s;
[2026-08-07 19:52:06] backend: 记录 2 个失败到 /workspace/.monkeycode/loop/backend_fail_20260807_195206.txt
[2026-08-07 19:52:23] 后端复验: !!!!!!!!!!!!!!!!!!! Interrupted: 3 errors during collection !!!!!!!!!!!!!!!!!!!!;3 errors in 0.28s;
[2026-08-07 19:52:23] 后端复验通过
[2026-08-07 19:53:49] 前端结果: [31m⎯⎯⎯⎯⎯⎯⎯[39m[1m[41m Failed Tests 1 [49m[22m[31m⎯⎯⎯⎯⎯⎯⎯[39m;[2m Test Files [22m [1m[31m1 failed[39m[22m[2m | [22m[1m[32m31 passed[39m[22m[90m (32)[39m;[2m      Tests [22m [1m[31m1 failed[39m[22m[2m | [22m[1m[32m143 passed[39m[22m[90m (144)[39m;
[2026-08-07 19:53:50] 前端全部通过
[2026-08-07 19:53:50] ===== 第 603 轮结束，sleep 120 =====
[2026-08-07 19:55:51] ===== 第 604 轮开始 =====
[2026-08-07 19:56:23] 后端结果: !!!!!!!!!!!!!!!!!!! Interrupted: 3 errors during collection !!!!!!!!!!!!!!!!!!!!;3 errors in 1.08s;
[2026-08-07 19:56:23] backend: 记录 2 个失败到 /workspace/.monkeycode/loop/backend_fail_20260807_195623.txt
[2026-08-07 19:56:26] 后端复验: !!!!!!!!!!!!!!!!!!! Interrupted: 3 errors during collection !!!!!!!!!!!!!!!!!!!!;3 errors in 0.24s;
[2026-08-07 19:56:26] 后端复验通过
[2026-08-07 19:57:10] 前端结果: [2m Test Files [22m [1m[32m32 passed[39m[22m[90m (32)[39m;[2m      Tests [22m [1m[32m144 passed[39m[22m[90m (144)[39m;
[2026-08-07 19:57:10] 前端全部通过
[2026-08-07 19:57:10] ===== 第 604 轮结束，sleep 120 =====
[2026-08-07 19:59:10] ===== 第 605 轮开始 =====
[2026-08-07 19:59:23] 后端结果: !!!!!!!!!!!!!!!!!!! Interrupted: 3 errors during collection !!!!!!!!!!!!!!!!!!!!;3 errors in 0.27s;
[2026-08-07 19:59:23] backend: 记录 2 个失败到 /workspace/.monkeycode/loop/backend_fail_20260807_195923.txt
[2026-08-07 19:59:26] 后端复验: !!!!!!!!!!!!!!!!!!! Interrupted: 3 errors during collection !!!!!!!!!!!!!!!!!!!!;3 errors in 0.23s;
[2026-08-07 19:59:26] 后端复验通过
[2026-08-07 20:00:47] 前端结果: [2m Test Files [22m [1m[32m32 passed[39m[22m[90m (32)[39m;[2m      Tests [22m [1m[32m144 passed[39m[22m[90m (144)[39m;
[2026-08-07 20:00:47] 前端全部通过
[2026-08-07 20:00:48] ===== 第 605 轮结束，sleep 120 =====
[2026-08-07 20:02:48] ===== 第 606 轮开始 =====
[2026-08-07 20:03:16] 后端结果: !!!!!!!!!!!!!!!!!!! Interrupted: 3 errors during collection !!!!!!!!!!!!!!!!!!!!;3 errors in 1.13s;
[2026-08-07 20:03:16] backend: 记录 2 个失败到 /workspace/.monkeycode/loop/backend_fail_20260807_200316.txt
[2026-08-07 20:03:19] 后端复验: !!!!!!!!!!!!!!!!!!! Interrupted: 3 errors during collection !!!!!!!!!!!!!!!!!!!!;3 errors in 0.25s;
[2026-08-07 20:03:19] 后端复验通过
[2026-08-07 20:04:37] 前端结果: [31m⎯⎯⎯⎯⎯⎯⎯[39m[1m[41m Failed Tests 1 [49m[22m[31m⎯⎯⎯⎯⎯⎯⎯[39m;[2m Test Files [22m [1m[31m1 failed[39m[22m[2m | [22m[1m[32m31 passed[39m[22m[90m (32)[39m;[2m      Tests [22m [1m[31m1 failed[39m[22m[2m | [22m[1m[32m143 passed[39m[22m[90m (144)[39m;
[2026-08-07 20:04:37] 前端全部通过
[2026-08-07 20:04:38] ===== 第 606 轮结束，sleep 120 =====
[2026-08-07 20:06:38] ===== 第 607 轮开始 =====
[2026-08-07 20:07:10] 后端结果: !!!!!!!!!!!!!!!!!!! Interrupted: 3 errors during collection !!!!!!!!!!!!!!!!!!!!;3 errors in 0.78s;
[2026-08-07 20:07:10] backend: 记录 2 个失败到 /workspace/.monkeycode/loop/backend_fail_20260807_200710.txt
[2026-08-07 20:07:13] 后端复验: !!!!!!!!!!!!!!!!!!! Interrupted: 3 errors during collection !!!!!!!!!!!!!!!!!!!!;3 errors in 0.28s;
[2026-08-07 20:07:13] 后端复验通过
[2026-08-07 20:08:26] 前端结果: [31m⎯⎯⎯⎯⎯⎯⎯[39m[1m[41m Failed Tests 1 [49m[22m[31m⎯⎯⎯⎯⎯⎯⎯[39m;[2m Test Files [22m [1m[31m1 failed[39m[22m[2m | [22m[1m[32m31 passed[39m[22m[90m (32)[39m;[2m      Tests [22m [1m[31m1 failed[39m[22m[2m | [22m[1m[32m143 passed[39m[22m[90m (144)[39m;
[2026-08-07 20:08:27] 前端全部通过
[2026-08-07 20:08:27] ===== 第 607 轮结束，sleep 120 =====
[2026-08-07 20:10:27] ===== 第 608 轮开始 =====
[2026-08-07 20:10:39] 后端结果: !!!!!!!!!!!!!!!!!!! Interrupted: 3 errors during collection !!!!!!!!!!!!!!!!!!!!;3 errors in 0.35s;
[2026-08-07 20:10:39] backend: 记录 2 个失败到 /workspace/.monkeycode/loop/backend_fail_20260807_201039.txt
[2026-08-07 20:10:42] 后端复验: !!!!!!!!!!!!!!!!!!! Interrupted: 3 errors during collection !!!!!!!!!!!!!!!!!!!!;3 errors in 0.25s;
[2026-08-07 20:10:42] 后端复验通过
[2026-08-07 20:11:31] 前端结果: [2m Test Files [22m [1m[32m32 passed[39m[22m[90m (32)[39m;[2m      Tests [22m [1m[32m144 passed[39m[22m[90m (144)[39m;
[2026-08-07 20:11:31] 前端全部通过
[2026-08-07 20:11:32] ===== 第 608 轮结束，sleep 120 =====
[2026-08-07 20:13:32] ===== 第 609 轮开始 =====
[2026-08-07 20:13:44] 后端结果: !!!!!!!!!!!!!!!!!!! Interrupted: 3 errors during collection !!!!!!!!!!!!!!!!!!!!;3 errors in 0.24s;
[2026-08-07 20:13:44] backend: 记录 2 个失败到 /workspace/.monkeycode/loop/backend_fail_20260807_201344.txt
[2026-08-07 20:13:49] 后端复验: !!!!!!!!!!!!!!!!!!! Interrupted: 3 errors during collection !!!!!!!!!!!!!!!!!!!!;3 errors in 0.23s;
[2026-08-07 20:13:49] 后端复验通过
[2026-08-07 20:14:42] 前端结果: [2m Test Files [22m [1m[32m32 passed[39m[22m[90m (32)[39m;[2m      Tests [22m [1m[32m144 passed[39m[22m[90m (144)[39m;
[2026-08-07 20:14:42] 前端全部通过
[2026-08-07 20:14:43] ===== 第 609 轮结束，sleep 120 =====
[2026-08-07 20:16:43] ===== 第 610 轮开始 =====
[2026-08-07 20:16:55] 后端结果: !!!!!!!!!!!!!!!!!!! Interrupted: 3 errors during collection !!!!!!!!!!!!!!!!!!!!;3 errors in 0.41s;
[2026-08-07 20:16:55] backend: 记录 2 个失败到 /workspace/.monkeycode/loop/backend_fail_20260807_201655.txt
[2026-08-07 20:17:01] 后端复验: !!!!!!!!!!!!!!!!!!! Interrupted: 3 errors during collection !!!!!!!!!!!!!!!!!!!!;3 errors in 0.25s;
[2026-08-07 20:17:01] 后端复验通过
[2026-08-07 20:17:59] 前端结果: [2m Test Files [22m [1m[32m32 passed[39m[22m[90m (32)[39m;[2m      Tests [22m [1m[32m144 passed[39m[22m[90m (144)[39m;
[2026-08-07 20:17:59] 前端全部通过
[2026-08-07 20:18:00] ===== 第 610 轮结束，sleep 120 =====
[2026-08-07 20:20:00] ===== 第 611 轮开始 =====
[2026-08-07 20:20:11] 后端结果: !!!!!!!!!!!!!!!!!!! Interrupted: 3 errors during collection !!!!!!!!!!!!!!!!!!!!;3 errors in 0.24s;
[2026-08-07 20:20:11] backend: 记录 2 个失败到 /workspace/.monkeycode/loop/backend_fail_20260807_202011.txt
[2026-08-07 20:20:16] 后端复验: !!!!!!!!!!!!!!!!!!! Interrupted: 3 errors during collection !!!!!!!!!!!!!!!!!!!!;3 errors in 0.25s;
[2026-08-07 20:20:16] 后端复验通过
[2026-08-07 20:21:24] 前端结果: [2m Test Files [22m [1m[32m32 passed[39m[22m[90m (32)[39m;[2m      Tests [22m [1m[32m144 passed[39m[22m[90m (144)[39m;
[2026-08-07 20:21:24] 前端全部通过
[2026-08-07 20:21:24] ===== 第 611 轮结束，sleep 120 =====
[2026-08-07 20:23:24] ===== 第 612 轮开始 =====
[2026-08-07 20:23:36] 后端结果: !!!!!!!!!!!!!!!!!!! Interrupted: 3 errors during collection !!!!!!!!!!!!!!!!!!!!;3 errors in 0.24s;
[2026-08-07 20:23:36] backend: 记录 2 个失败到 /workspace/.monkeycode/loop/backend_fail_20260807_202336.txt
[2026-08-07 20:23:41] 后端复验: !!!!!!!!!!!!!!!!!!! Interrupted: 3 errors during collection !!!!!!!!!!!!!!!!!!!!;3 errors in 0.26s;
[2026-08-07 20:23:41] 后端复验通过
[2026-08-07 20:24:25] 前端结果: [2m Test Files [22m [1m[32m32 passed[39m[22m[90m (32)[39m;[2m      Tests [22m [1m[32m144 passed[39m[22m[90m (144)[39m;
[2026-08-07 20:24:25] 前端全部通过
[2026-08-07 20:24:26] ===== 第 612 轮结束，sleep 120 =====
[2026-08-07 20:26:26] ===== 第 613 轮开始 =====
[2026-08-07 20:26:39] 后端结果: !!!!!!!!!!!!!!!!!!! Interrupted: 3 errors during collection !!!!!!!!!!!!!!!!!!!!;3 errors in 0.26s;
[2026-08-07 20:26:39] backend: 记录 2 个失败到 /workspace/.monkeycode/loop/backend_fail_20260807_202639.txt
[2026-08-07 20:26:43] 后端复验: !!!!!!!!!!!!!!!!!!! Interrupted: 3 errors during collection !!!!!!!!!!!!!!!!!!!!;3 errors in 0.24s;
[2026-08-07 20:26:43] 后端复验通过
[2026-08-07 20:27:24] 前端结果: [2m Test Files [22m [1m[32m32 passed[39m[22m[90m (32)[39m;[2m      Tests [22m [1m[32m144 passed[39m[22m[90m (144)[39m;
[2026-08-07 20:27:24] 前端全部通过
[2026-08-07 20:27:25] ===== 第 613 轮结束，sleep 120 =====
[2026-08-07 20:29:25] ===== 第 614 轮开始 =====
[2026-08-07 20:29:37] 后端结果: !!!!!!!!!!!!!!!!!!! Interrupted: 3 errors during collection !!!!!!!!!!!!!!!!!!!!;3 errors in 0.29s;
[2026-08-07 20:29:37] backend: 记录 2 个失败到 /workspace/.monkeycode/loop/backend_fail_20260807_202937.txt
[2026-08-07 20:29:41] 后端复验: !!!!!!!!!!!!!!!!!!! Interrupted: 3 errors during collection !!!!!!!!!!!!!!!!!!!!;3 errors in 0.26s;
[2026-08-07 20:29:41] 后端复验通过
[2026-08-07 20:30:24] 前端结果: [2m Test Files [22m [1m[32m32 passed[39m[22m[90m (32)[39m;[2m      Tests [22m [1m[32m144 passed[39m[22m[90m (144)[39m;
[2026-08-07 20:30:25] 前端全部通过
[2026-08-07 20:30:25] ===== 第 614 轮结束，sleep 120 =====
[2026-08-07 20:32:25] ===== 第 615 轮开始 =====
[2026-08-07 20:32:37] 后端结果: !!!!!!!!!!!!!!!!!!! Interrupted: 3 errors during collection !!!!!!!!!!!!!!!!!!!!;3 errors in 0.25s;
[2026-08-07 20:32:37] backend: 记录 2 个失败到 /workspace/.monkeycode/loop/backend_fail_20260807_203237.txt
[2026-08-07 20:32:42] 后端复验: !!!!!!!!!!!!!!!!!!! Interrupted: 3 errors during collection !!!!!!!!!!!!!!!!!!!!;3 errors in 0.24s;
[2026-08-07 20:32:42] 后端复验通过
[2026-08-07 20:33:35] 前端结果: [2m Test Files [22m [1m[32m32 passed[39m[22m[90m (32)[39m;[2m      Tests [22m [1m[32m144 passed[39m[22m[90m (144)[39m;
[2026-08-07 20:33:35] 前端全部通过
[2026-08-07 20:33:35] ===== 第 615 轮结束，sleep 120 =====
[2026-08-07 20:35:35] ===== 第 616 轮开始 =====
[2026-08-07 20:35:47] 后端结果: !!!!!!!!!!!!!!!!!!! Interrupted: 3 errors during collection !!!!!!!!!!!!!!!!!!!!;3 errors in 0.25s;
[2026-08-07 20:35:47] backend: 记录 2 个失败到 /workspace/.monkeycode/loop/backend_fail_20260807_203547.txt
[2026-08-07 20:35:51] 后端复验: !!!!!!!!!!!!!!!!!!! Interrupted: 3 errors during collection !!!!!!!!!!!!!!!!!!!!;3 errors in 0.25s;
[2026-08-07 20:35:51] 后端复验通过
[2026-08-07 20:36:33] 前端结果: [2m Test Files [22m [1m[32m32 passed[39m[22m[90m (32)[39m;[2m      Tests [22m [1m[32m144 passed[39m[22m[90m (144)[39m;
[2026-08-07 20:36:33] 前端全部通过
[2026-08-07 20:36:34] ===== 第 616 轮结束，sleep 120 =====
[2026-08-07 20:38:34] ===== 第 617 轮开始 =====
[2026-08-07 20:38:46] 后端结果: !!!!!!!!!!!!!!!!!!! Interrupted: 3 errors during collection !!!!!!!!!!!!!!!!!!!!;3 errors in 0.28s;
[2026-08-07 20:38:46] backend: 记录 2 个失败到 /workspace/.monkeycode/loop/backend_fail_20260807_203846.txt
[2026-08-07 20:38:51] 后端复验: !!!!!!!!!!!!!!!!!!! Interrupted: 3 errors during collection !!!!!!!!!!!!!!!!!!!!;3 errors in 0.26s;
[2026-08-07 20:38:51] 后端复验通过
[2026-08-07 20:39:35] 前端结果: [2m Test Files [22m [1m[32m32 passed[39m[22m[90m (32)[39m;[2m      Tests [22m [1m[32m144 passed[39m[22m[90m (144)[39m;
[2026-08-07 20:39:35] 前端全部通过
[2026-08-07 20:39:35] ===== 第 617 轮结束，sleep 120 =====
[2026-08-07 20:41:35] ===== 第 618 轮开始 =====
[2026-08-07 20:41:47] 后端结果: !!!!!!!!!!!!!!!!!!! Interrupted: 3 errors during collection !!!!!!!!!!!!!!!!!!!!;3 errors in 0.25s;
[2026-08-07 20:41:47] backend: 记录 2 个失败到 /workspace/.monkeycode/loop/backend_fail_20260807_204147.txt
[2026-08-07 20:41:52] 后端复验: !!!!!!!!!!!!!!!!!!! Interrupted: 3 errors during collection !!!!!!!!!!!!!!!!!!!!;3 errors in 0.27s;
[2026-08-07 20:41:52] 后端复验通过
[2026-08-07 20:42:42] 前端结果: [2m Test Files [22m [1m[32m32 passed[39m[22m[90m (32)[39m;[2m      Tests [22m [1m[32m144 passed[39m[22m[90m (144)[39m;
[2026-08-07 20:42:43] 前端全部通过
[2026-08-07 20:42:43] ===== 第 618 轮结束，sleep 120 =====
[2026-08-07 20:44:43] ===== 第 619 轮开始 =====
[2026-08-07 20:44:55] 后端结果: !!!!!!!!!!!!!!!!!!! Interrupted: 3 errors during collection !!!!!!!!!!!!!!!!!!!!;3 errors in 0.24s;
[2026-08-07 20:44:55] backend: 记录 2 个失败到 /workspace/.monkeycode/loop/backend_fail_20260807_204455.txt
[2026-08-07 20:45:00] 后端复验: !!!!!!!!!!!!!!!!!!! Interrupted: 3 errors during collection !!!!!!!!!!!!!!!!!!!!;3 errors in 0.23s;
[2026-08-07 20:45:00] 后端复验通过
[2026-08-07 20:45:41] 前端结果: [2m Test Files [22m [1m[32m32 passed[39m[22m[90m (32)[39m;[2m      Tests [22m [1m[32m144 passed[39m[22m[90m (144)[39m;
[2026-08-07 20:45:41] 前端全部通过
[2026-08-07 20:45:42] ===== 第 619 轮结束，sleep 120 =====
[2026-08-07 20:47:42] ===== 第 620 轮开始 =====
[2026-08-07 20:47:54] 后端结果: !!!!!!!!!!!!!!!!!!! Interrupted: 3 errors during collection !!!!!!!!!!!!!!!!!!!!;3 errors in 0.35s;
[2026-08-07 20:47:54] backend: 记录 2 个失败到 /workspace/.monkeycode/loop/backend_fail_20260807_204754.txt
[2026-08-07 20:47:59] 后端复验: !!!!!!!!!!!!!!!!!!! Interrupted: 3 errors during collection !!!!!!!!!!!!!!!!!!!!;3 errors in 0.24s;
[2026-08-07 20:47:59] 后端复验通过
[2026-08-07 20:48:39] 前端结果: [2m Test Files [22m [1m[32m32 passed[39m[22m[90m (32)[39m;[2m      Tests [22m [1m[32m144 passed[39m[22m[90m (144)[39m;
[2026-08-07 20:48:40] 前端全部通过
[2026-08-07 20:48:40] ===== 第 620 轮结束，sleep 120 =====
[2026-08-07 20:50:40] ===== 第 621 轮开始 =====
[2026-08-07 20:50:51] 后端结果: !!!!!!!!!!!!!!!!!!! Interrupted: 3 errors during collection !!!!!!!!!!!!!!!!!!!!;3 errors in 0.24s;
[2026-08-07 20:50:51] backend: 记录 2 个失败到 /workspace/.monkeycode/loop/backend_fail_20260807_205051.txt
[2026-08-07 20:50:54] 后端复验: !!!!!!!!!!!!!!!!!!! Interrupted: 3 errors during collection !!!!!!!!!!!!!!!!!!!!;3 errors in 0.25s;
[2026-08-07 20:50:54] 后端复验通过
[2026-08-07 20:51:28] 前端结果: [2m Test Files [22m [1m[32m32 passed[39m[22m[90m (32)[39m;[2m      Tests [22m [1m[32m144 passed[39m[22m[90m (144)[39m;
[2026-08-07 20:51:28] 前端全部通过
[2026-08-07 20:51:29] ===== 第 621 轮结束，sleep 120 =====
[2026-08-07 20:53:29] ===== 第 622 轮开始 =====
[2026-08-07 20:53:40] 后端结果: !!!!!!!!!!!!!!!!!!! Interrupted: 3 errors during collection !!!!!!!!!!!!!!!!!!!!;3 errors in 0.26s;
[2026-08-07 20:53:40] backend: 记录 2 个失败到 /workspace/.monkeycode/loop/backend_fail_20260807_205340.txt
[2026-08-07 20:53:46] 后端复验: !!!!!!!!!!!!!!!!!!! Interrupted: 3 errors during collection !!!!!!!!!!!!!!!!!!!!;3 errors in 0.24s;
[2026-08-07 20:53:46] 后端复验通过
[2026-08-07 20:54:30] 前端结果: [2m Test Files [22m [1m[32m32 passed[39m[22m[90m (32)[39m;[2m      Tests [22m [1m[32m144 passed[39m[22m[90m (144)[39m;
[2026-08-07 20:54:30] 前端全部通过
[2026-08-07 20:54:30] ===== 第 622 轮结束，sleep 120 =====
[2026-08-07 20:56:30] ===== 第 623 轮开始 =====
[2026-08-07 20:56:43] 后端结果: !!!!!!!!!!!!!!!!!!! Interrupted: 3 errors during collection !!!!!!!!!!!!!!!!!!!!;3 errors in 0.34s;
[2026-08-07 20:56:43] backend: 记录 2 个失败到 /workspace/.monkeycode/loop/backend_fail_20260807_205643.txt
[2026-08-07 20:56:47] 后端复验: !!!!!!!!!!!!!!!!!!! Interrupted: 3 errors during collection !!!!!!!!!!!!!!!!!!!!;3 errors in 0.23s;
[2026-08-07 20:56:47] 后端复验通过
[2026-08-07 20:57:37] 前端结果: [2m Test Files [22m [1m[32m32 passed[39m[22m[90m (32)[39m;[2m      Tests [22m [1m[32m144 passed[39m[22m[90m (144)[39m;
[2026-08-07 20:57:37] 前端全部通过
[2026-08-07 20:57:38] ===== 第 623 轮结束，sleep 120 =====
[2026-08-07 20:59:38] ===== 第 624 轮开始 =====
[2026-08-07 20:59:50] 后端结果: !!!!!!!!!!!!!!!!!!! Interrupted: 3 errors during collection !!!!!!!!!!!!!!!!!!!!;3 errors in 0.28s;
[2026-08-07 20:59:50] backend: 记录 2 个失败到 /workspace/.monkeycode/loop/backend_fail_20260807_205950.txt
[2026-08-07 20:59:55] 后端复验: !!!!!!!!!!!!!!!!!!! Interrupted: 3 errors during collection !!!!!!!!!!!!!!!!!!!!;3 errors in 0.26s;
[2026-08-07 20:59:55] 后端复验通过
[2026-08-07 21:01:07] 前端结果: [2m Test Files [22m [1m[32m32 passed[39m[22m[90m (32)[39m;[2m      Tests [22m [1m[32m144 passed[39m[22m[90m (144)[39m;
[2026-08-07 21:01:07] 前端全部通过
[2026-08-07 21:01:08] ===== 第 624 轮结束，sleep 120 =====
[2026-08-07 21:03:08] ===== 第 625 轮开始 =====
[2026-08-07 21:03:19] 后端结果: !!!!!!!!!!!!!!!!!!! Interrupted: 3 errors during collection !!!!!!!!!!!!!!!!!!!!;3 errors in 0.25s;
[2026-08-07 21:03:19] backend: 记录 2 个失败到 /workspace/.monkeycode/loop/backend_fail_20260807_210319.txt
[2026-08-07 21:03:25] 后端复验: !!!!!!!!!!!!!!!!!!! Interrupted: 3 errors during collection !!!!!!!!!!!!!!!!!!!!;3 errors in 0.25s;
[2026-08-07 21:03:25] 后端复验通过
[2026-08-07 21:04:34] 前端结果: [2m Test Files [22m [1m[32m32 passed[39m[22m[90m (32)[39m;[2m      Tests [22m [1m[32m144 passed[39m[22m[90m (144)[39m;
[2026-08-07 21:04:34] 前端全部通过
[2026-08-07 21:04:35] ===== 第 625 轮结束，sleep 120 =====
[2026-08-07 21:06:35] ===== 第 626 轮开始 =====
[2026-08-07 21:06:46] 后端结果: !!!!!!!!!!!!!!!!!!! Interrupted: 3 errors during collection !!!!!!!!!!!!!!!!!!!!;3 errors in 0.26s;
[2026-08-07 21:06:46] backend: 记录 2 个失败到 /workspace/.monkeycode/loop/backend_fail_20260807_210646.txt
[2026-08-07 21:06:52] 后端复验: !!!!!!!!!!!!!!!!!!! Interrupted: 3 errors during collection !!!!!!!!!!!!!!!!!!!!;3 errors in 0.28s;
[2026-08-07 21:06:52] 后端复验通过
[2026-08-07 21:07:32] 前端结果: [2m Test Files [22m [1m[32m32 passed[39m[22m[90m (32)[39m;[2m      Tests [22m [1m[32m144 passed[39m[22m[90m (144)[39m;
[2026-08-07 21:07:33] 前端全部通过
[2026-08-07 21:07:33] ===== 第 626 轮结束，sleep 120 =====
[2026-08-07 21:09:33] ===== 第 627 轮开始 =====
[2026-08-07 21:09:45] 后端结果: !!!!!!!!!!!!!!!!!!! Interrupted: 3 errors during collection !!!!!!!!!!!!!!!!!!!!;3 errors in 0.30s;
[2026-08-07 21:09:45] backend: 记录 2 个失败到 /workspace/.monkeycode/loop/backend_fail_20260807_210945.txt
[2026-08-07 21:09:48] 后端复验: !!!!!!!!!!!!!!!!!!! Interrupted: 3 errors during collection !!!!!!!!!!!!!!!!!!!!;3 errors in 0.27s;
[2026-08-07 21:09:48] 后端复验通过
[2026-08-07 21:10:38] 前端结果: [31m⎯⎯⎯⎯⎯⎯⎯[39m[1m[41m Failed Tests 1 [49m[22m[31m⎯⎯⎯⎯⎯⎯⎯[39m;[2m Test Files [22m [1m[31m1 failed[39m[22m[2m | [22m[1m[32m31 passed[39m[22m[90m (32)[39m;[2m      Tests [22m [1m[31m1 failed[39m[22m[2m | [22m[1m[32m143 passed[39m[22m[90m (144)[39m;
[2026-08-07 21:10:38] 前端全部通过
[2026-08-07 21:10:38] ===== 第 627 轮结束，sleep 120 =====
[2026-08-07 21:12:38] ===== 第 628 轮开始 =====
[2026-08-07 21:12:50] 后端结果: !!!!!!!!!!!!!!!!!!! Interrupted: 3 errors during collection !!!!!!!!!!!!!!!!!!!!;3 errors in 0.26s;
[2026-08-07 21:12:50] backend: 记录 2 个失败到 /workspace/.monkeycode/loop/backend_fail_20260807_211250.txt
[2026-08-07 21:12:55] 后端复验: !!!!!!!!!!!!!!!!!!! Interrupted: 3 errors during collection !!!!!!!!!!!!!!!!!!!!;3 errors in 0.23s;
[2026-08-07 21:12:55] 后端复验通过
[2026-08-07 21:13:58] 前端结果: [2m Test Files [22m [1m[32m32 passed[39m[22m[90m (32)[39m;[2m      Tests [22m [1m[32m144 passed[39m[22m[90m (144)[39m;
[2026-08-07 21:13:58] 前端全部通过
[2026-08-07 21:13:59] ===== 第 628 轮结束，sleep 120 =====
[2026-08-07 21:15:59] ===== 第 629 轮开始 =====
[2026-08-07 21:16:11] 后端结果: !!!!!!!!!!!!!!!!!!! Interrupted: 3 errors during collection !!!!!!!!!!!!!!!!!!!!;3 errors in 0.27s;
[2026-08-07 21:16:11] backend: 记录 2 个失败到 /workspace/.monkeycode/loop/backend_fail_20260807_211611.txt
[2026-08-07 21:16:16] 后端复验: !!!!!!!!!!!!!!!!!!! Interrupted: 3 errors during collection !!!!!!!!!!!!!!!!!!!!;3 errors in 0.28s;
[2026-08-07 21:16:16] 后端复验通过
[2026-08-07 21:17:12] 前端结果: [2m Test Files [22m [1m[32m32 passed[39m[22m[90m (32)[39m;[2m      Tests [22m [1m[32m144 passed[39m[22m[90m (144)[39m;
[2026-08-07 21:17:12] 前端全部通过
[2026-08-07 21:17:12] ===== 第 629 轮结束，sleep 120 =====
[2026-08-07 21:19:12] ===== 第 630 轮开始 =====
[2026-08-07 21:19:24] 后端结果: !!!!!!!!!!!!!!!!!!! Interrupted: 3 errors during collection !!!!!!!!!!!!!!!!!!!!;3 errors in 0.26s;
[2026-08-07 21:19:24] backend: 记录 2 个失败到 /workspace/.monkeycode/loop/backend_fail_20260807_211924.txt
[2026-08-07 21:19:27] 后端复验: !!!!!!!!!!!!!!!!!!! Interrupted: 3 errors during collection !!!!!!!!!!!!!!!!!!!!;3 errors in 0.23s;
[2026-08-07 21:19:27] 后端复验通过
[2026-08-07 21:20:14] 前端结果: [2m Test Files [22m [1m[32m32 passed[39m[22m[90m (32)[39m;[2m      Tests [22m [1m[32m144 passed[39m[22m[90m (144)[39m;
[2026-08-07 21:20:14] 前端全部通过
[2026-08-07 21:20:15] ===== 第 630 轮结束，sleep 120 =====
[2026-08-07 21:22:15] ===== 第 631 轮开始 =====
[2026-08-07 21:22:27] 后端结果: !!!!!!!!!!!!!!!!!!! Interrupted: 3 errors during collection !!!!!!!!!!!!!!!!!!!!;3 errors in 0.35s;
[2026-08-07 21:22:27] backend: 记录 2 个失败到 /workspace/.monkeycode/loop/backend_fail_20260807_212227.txt
[2026-08-07 21:22:32] 后端复验: !!!!!!!!!!!!!!!!!!! Interrupted: 3 errors during collection !!!!!!!!!!!!!!!!!!!!;3 errors in 0.24s;
[2026-08-07 21:22:32] 后端复验通过
[2026-08-07 21:23:20] 前端结果: [2m Test Files [22m [1m[32m32 passed[39m[22m[90m (32)[39m;[2m      Tests [22m [1m[32m144 passed[39m[22m[90m (144)[39m;
[2026-08-07 21:23:20] 前端全部通过
[2026-08-07 21:23:21] ===== 第 631 轮结束，sleep 120 =====
[2026-08-07 21:25:21] ===== 第 632 轮开始 =====
[2026-08-07 21:25:33] 后端结果: !!!!!!!!!!!!!!!!!!! Interrupted: 3 errors during collection !!!!!!!!!!!!!!!!!!!!;3 errors in 0.29s;
[2026-08-07 21:25:33] backend: 记录 2 个失败到 /workspace/.monkeycode/loop/backend_fail_20260807_212533.txt
[2026-08-07 21:25:37] 后端复验: !!!!!!!!!!!!!!!!!!! Interrupted: 3 errors during collection !!!!!!!!!!!!!!!!!!!!;3 errors in 0.26s;
[2026-08-07 21:25:37] 后端复验通过
[2026-08-07 21:26:45] 前端结果: [2m Test Files [22m [1m[32m32 passed[39m[22m[90m (32)[39m;[2m      Tests [22m [1m[32m144 passed[39m[22m[90m (144)[39m;
[2026-08-07 21:26:45] 前端全部通过
[2026-08-07 21:26:46] ===== 第 632 轮结束，sleep 120 =====
[2026-08-07 21:28:46] ===== 第 633 轮开始 =====
[2026-08-07 21:28:57] 后端结果: !!!!!!!!!!!!!!!!!!! Interrupted: 3 errors during collection !!!!!!!!!!!!!!!!!!!!;3 errors in 0.27s;
[2026-08-07 21:28:57] backend: 记录 2 个失败到 /workspace/.monkeycode/loop/backend_fail_20260807_212857.txt
[2026-08-07 21:29:02] 后端复验: !!!!!!!!!!!!!!!!!!! Interrupted: 3 errors during collection !!!!!!!!!!!!!!!!!!!!;3 errors in 0.23s;
[2026-08-07 21:29:02] 后端复验通过
[2026-08-07 21:29:41] 前端结果: [2m Test Files [22m [1m[32m32 passed[39m[22m[90m (32)[39m;[2m      Tests [22m [1m[32m144 passed[39m[22m[90m (144)[39m;
[2026-08-07 21:29:42] 前端全部通过
[2026-08-07 21:29:42] ===== 第 633 轮结束，sleep 120 =====
[2026-08-07 21:31:42] ===== 第 634 轮开始 =====
[2026-08-07 21:31:54] 后端结果: !!!!!!!!!!!!!!!!!!! Interrupted: 3 errors during collection !!!!!!!!!!!!!!!!!!!!;3 errors in 0.53s;
[2026-08-07 21:31:54] backend: 记录 2 个失败到 /workspace/.monkeycode/loop/backend_fail_20260807_213154.txt
[2026-08-07 21:32:00] 后端复验: !!!!!!!!!!!!!!!!!!! Interrupted: 3 errors during collection !!!!!!!!!!!!!!!!!!!!;3 errors in 0.29s;
[2026-08-07 21:32:00] 后端复验通过
[2026-08-07 21:32:37] 前端结果: [2m Test Files [22m [1m[32m32 passed[39m[22m[90m (32)[39m;[2m      Tests [22m [1m[32m144 passed[39m[22m[90m (144)[39m;
[2026-08-07 21:32:38] 前端全部通过
[2026-08-07 21:32:38] ===== 第 634 轮结束，sleep 120 =====
[2026-08-07 21:34:38] ===== 第 635 轮开始 =====
[2026-08-07 21:34:50] 后端结果: !!!!!!!!!!!!!!!!!!! Interrupted: 3 errors during collection !!!!!!!!!!!!!!!!!!!!;3 errors in 0.28s;
[2026-08-07 21:34:50] backend: 记录 2 个失败到 /workspace/.monkeycode/loop/backend_fail_20260807_213450.txt
[2026-08-07 21:34:53] 后端复验: !!!!!!!!!!!!!!!!!!! Interrupted: 3 errors during collection !!!!!!!!!!!!!!!!!!!!;3 errors in 0.27s;
[2026-08-07 21:34:53] 后端复验通过
[2026-08-07 21:35:32] 前端结果: [2m Test Files [22m [1m[32m32 passed[39m[22m[90m (32)[39m;[2m      Tests [22m [1m[32m144 passed[39m[22m[90m (144)[39m;
[2026-08-07 21:35:32] 前端全部通过
[2026-08-07 21:35:33] ===== 第 635 轮结束，sleep 120 =====
[2026-08-07 21:37:33] ===== 第 636 轮开始 =====
[2026-08-07 21:37:45] 后端结果: !!!!!!!!!!!!!!!!!!! Interrupted: 3 errors during collection !!!!!!!!!!!!!!!!!!!!;3 errors in 0.25s;
[2026-08-07 21:37:45] backend: 记录 2 个失败到 /workspace/.monkeycode/loop/backend_fail_20260807_213745.txt
[2026-08-07 21:37:50] 后端复验: !!!!!!!!!!!!!!!!!!! Interrupted: 3 errors during collection !!!!!!!!!!!!!!!!!!!!;3 errors in 0.24s;
[2026-08-07 21:37:50] 后端复验通过
[2026-08-07 21:38:31] 前端结果: [2m Test Files [22m [1m[32m32 passed[39m[22m[90m (32)[39m;[2m      Tests [22m [1m[32m144 passed[39m[22m[90m (144)[39m;
[2026-08-07 21:38:31] 前端全部通过
[2026-08-07 21:38:32] ===== 第 636 轮结束，sleep 120 =====
[2026-08-07 21:40:32] ===== 第 637 轮开始 =====
[2026-08-07 21:40:43] 后端结果: !!!!!!!!!!!!!!!!!!! Interrupted: 3 errors during collection !!!!!!!!!!!!!!!!!!!!;3 errors in 0.38s;
[2026-08-07 21:40:43] backend: 记录 2 个失败到 /workspace/.monkeycode/loop/backend_fail_20260807_214043.txt
[2026-08-07 21:40:48] 后端复验: !!!!!!!!!!!!!!!!!!! Interrupted: 3 errors during collection !!!!!!!!!!!!!!!!!!!!;3 errors in 0.31s;
[2026-08-07 21:40:48] 后端复验通过
[2026-08-07 21:41:38] 前端结果: [2m Test Files [22m [1m[32m32 passed[39m[22m[90m (32)[39m;[2m      Tests [22m [1m[32m144 passed[39m[22m[90m (144)[39m;
[2026-08-07 21:41:38] 前端全部通过
[2026-08-07 21:41:39] ===== 第 637 轮结束，sleep 120 =====
[2026-08-07 21:43:39] ===== 第 638 轮开始 =====
[2026-08-07 21:43:50] 后端结果: !!!!!!!!!!!!!!!!!!! Interrupted: 3 errors during collection !!!!!!!!!!!!!!!!!!!!;3 errors in 0.27s;
[2026-08-07 21:43:50] backend: 记录 2 个失败到 /workspace/.monkeycode/loop/backend_fail_20260807_214350.txt
[2026-08-07 21:43:57] 后端复验: !!!!!!!!!!!!!!!!!!! Interrupted: 3 errors during collection !!!!!!!!!!!!!!!!!!!!;3 errors in 0.27s;
[2026-08-07 21:43:57] 后端复验通过
[2026-08-07 21:44:42] 前端结果: [2m Test Files [22m [1m[32m32 passed[39m[22m[90m (32)[39m;[2m      Tests [22m [1m[32m144 passed[39m[22m[90m (144)[39m;
[2026-08-07 21:44:42] 前端全部通过
[2026-08-07 21:44:42] ===== 第 638 轮结束，sleep 120 =====
[2026-08-07 21:46:42] ===== 第 639 轮开始 =====
[2026-08-07 21:46:54] 后端结果: !!!!!!!!!!!!!!!!!!! Interrupted: 3 errors during collection !!!!!!!!!!!!!!!!!!!!;3 errors in 0.39s;
[2026-08-07 21:46:54] backend: 记录 2 个失败到 /workspace/.monkeycode/loop/backend_fail_20260807_214654.txt
[2026-08-07 21:46:59] 后端复验: !!!!!!!!!!!!!!!!!!! Interrupted: 3 errors during collection !!!!!!!!!!!!!!!!!!!!;3 errors in 0.24s;
[2026-08-07 21:46:59] 后端复验通过
[2026-08-07 21:47:46] 前端结果: [2m Test Files [22m [1m[32m32 passed[39m[22m[90m (32)[39m;[2m      Tests [22m [1m[32m144 passed[39m[22m[90m (144)[39m;
[2026-08-07 21:47:46] 前端全部通过
[2026-08-07 21:47:47] ===== 第 639 轮结束，sleep 120 =====
[2026-08-07 21:49:47] ===== 第 640 轮开始 =====
[2026-08-07 21:49:59] 后端结果: !!!!!!!!!!!!!!!!!!! Interrupted: 3 errors during collection !!!!!!!!!!!!!!!!!!!!;3 errors in 0.25s;
[2026-08-07 21:49:59] backend: 记录 2 个失败到 /workspace/.monkeycode/loop/backend_fail_20260807_214959.txt
[2026-08-07 21:50:04] 后端复验: !!!!!!!!!!!!!!!!!!! Interrupted: 3 errors during collection !!!!!!!!!!!!!!!!!!!!;3 errors in 0.25s;
[2026-08-07 21:50:04] 后端复验通过
[2026-08-07 21:50:51] 前端结果: [2m Test Files [22m [1m[32m32 passed[39m[22m[90m (32)[39m;[2m      Tests [22m [1m[32m144 passed[39m[22m[90m (144)[39m;
[2026-08-07 21:50:51] 前端全部通过
[2026-08-07 21:50:52] ===== 第 640 轮结束，sleep 120 =====
[2026-08-07 21:52:52] ===== 第 641 轮开始 =====
[2026-08-07 21:53:03] 后端结果: !!!!!!!!!!!!!!!!!!! Interrupted: 3 errors during collection !!!!!!!!!!!!!!!!!!!!;3 errors in 0.24s;
[2026-08-07 21:53:03] backend: 记录 2 个失败到 /workspace/.monkeycode/loop/backend_fail_20260807_215303.txt
[2026-08-07 21:53:10] 后端复验: !!!!!!!!!!!!!!!!!!! Interrupted: 3 errors during collection !!!!!!!!!!!!!!!!!!!!;3 errors in 0.24s;
[2026-08-07 21:53:10] 后端复验通过
[2026-08-07 21:54:03] 前端结果: [2m Test Files [22m [1m[32m32 passed[39m[22m[90m (32)[39m;[2m      Tests [22m [1m[32m144 passed[39m[22m[90m (144)[39m;
[2026-08-07 21:54:03] 前端全部通过
[2026-08-07 21:54:04] ===== 第 641 轮结束，sleep 120 =====
[2026-08-07 21:56:04] ===== 第 642 轮开始 =====
[2026-08-07 21:56:15] 后端结果: !!!!!!!!!!!!!!!!!!! Interrupted: 3 errors during collection !!!!!!!!!!!!!!!!!!!!;3 errors in 0.23s;
[2026-08-07 21:56:15] backend: 记录 2 个失败到 /workspace/.monkeycode/loop/backend_fail_20260807_215615.txt
[2026-08-07 21:56:21] 后端复验: !!!!!!!!!!!!!!!!!!! Interrupted: 3 errors during collection !!!!!!!!!!!!!!!!!!!!;3 errors in 0.24s;
[2026-08-07 21:56:21] 后端复验通过
[2026-08-07 21:57:16] 前端结果: [2m Test Files [22m [1m[32m32 passed[39m[22m[90m (32)[39m;[2m      Tests [22m [1m[32m144 passed[39m[22m[90m (144)[39m;
[2026-08-07 21:57:16] 前端全部通过
[2026-08-07 21:57:16] ===== 第 642 轮结束，sleep 120 =====
[2026-08-07 21:59:16] ===== 第 643 轮开始 =====
[2026-08-07 21:59:28] 后端结果: !!!!!!!!!!!!!!!!!!! Interrupted: 3 errors during collection !!!!!!!!!!!!!!!!!!!!;3 errors in 0.27s;
[2026-08-07 21:59:28] backend: 记录 2 个失败到 /workspace/.monkeycode/loop/backend_fail_20260807_215928.txt
[2026-08-07 21:59:33] 后端复验: !!!!!!!!!!!!!!!!!!! Interrupted: 3 errors during collection !!!!!!!!!!!!!!!!!!!!;3 errors in 0.24s;
[2026-08-07 21:59:33] 后端复验通过
[2026-08-07 22:00:11] 前端结果: [2m Test Files [22m [1m[32m32 passed[39m[22m[90m (32)[39m;[2m      Tests [22m [1m[32m144 passed[39m[22m[90m (144)[39m;
[2026-08-07 22:00:11] 前端全部通过
[2026-08-07 22:00:12] ===== 第 643 轮结束，sleep 120 =====
[2026-08-07 22:02:12] ===== 第 644 轮开始 =====
[2026-08-07 22:02:24] 后端结果: !!!!!!!!!!!!!!!!!!! Interrupted: 3 errors during collection !!!!!!!!!!!!!!!!!!!!;3 errors in 0.25s;
[2026-08-07 22:02:24] backend: 记录 2 个失败到 /workspace/.monkeycode/loop/backend_fail_20260807_220224.txt
[2026-08-07 22:02:26] 后端复验: !!!!!!!!!!!!!!!!!!! Interrupted: 3 errors during collection !!!!!!!!!!!!!!!!!!!!;3 errors in 0.23s;
[2026-08-07 22:02:26] 后端复验通过
[2026-08-07 22:03:03] 前端结果: [2m Test Files [22m [1m[32m32 passed[39m[22m[90m (32)[39m;[2m      Tests [22m [1m[32m144 passed[39m[22m[90m (144)[39m;
[2026-08-07 22:03:03] 前端全部通过
[2026-08-07 22:03:04] ===== 第 644 轮结束，sleep 120 =====
[2026-08-07 22:05:04] ===== 第 645 轮开始 =====
[2026-08-07 22:05:15] 后端结果: !!!!!!!!!!!!!!!!!!! Interrupted: 3 errors during collection !!!!!!!!!!!!!!!!!!!!;3 errors in 0.25s;
[2026-08-07 22:05:15] backend: 记录 2 个失败到 /workspace/.monkeycode/loop/backend_fail_20260807_220515.txt
[2026-08-07 22:05:21] 后端复验: !!!!!!!!!!!!!!!!!!! Interrupted: 3 errors during collection !!!!!!!!!!!!!!!!!!!!;3 errors in 0.24s;
[2026-08-07 22:05:21] 后端复验通过
[2026-08-07 22:06:02] 前端结果: [2m Test Files [22m [1m[32m32 passed[39m[22m[90m (32)[39m;[2m      Tests [22m [1m[32m144 passed[39m[22m[90m (144)[39m;
[2026-08-07 22:06:02] 前端全部通过
[2026-08-07 22:06:03] ===== 第 645 轮结束，sleep 120 =====
[2026-08-07 22:08:03] ===== 第 646 轮开始 =====
[2026-08-07 22:08:15] 后端结果: !!!!!!!!!!!!!!!!!!! Interrupted: 3 errors during collection !!!!!!!!!!!!!!!!!!!!;3 errors in 0.34s;
[2026-08-07 22:08:15] backend: 记录 2 个失败到 /workspace/.monkeycode/loop/backend_fail_20260807_220815.txt
[2026-08-07 22:08:18] 后端复验: !!!!!!!!!!!!!!!!!!! Interrupted: 3 errors during collection !!!!!!!!!!!!!!!!!!!!;3 errors in 0.25s;
[2026-08-07 22:08:18] 后端复验通过
[2026-08-07 22:09:09] 前端结果: [2m Test Files [22m [1m[32m32 passed[39m[22m[90m (32)[39m;[2m      Tests [22m [1m[32m144 passed[39m[22m[90m (144)[39m;
[2026-08-07 22:09:09] 前端全部通过
[2026-08-07 22:09:09] ===== 第 646 轮结束，sleep 120 =====
[2026-08-07 22:11:09] ===== 第 647 轮开始 =====
[2026-08-07 22:11:21] 后端结果: !!!!!!!!!!!!!!!!!!! Interrupted: 3 errors during collection !!!!!!!!!!!!!!!!!!!!;3 errors in 0.34s;
[2026-08-07 22:11:21] backend: 记录 2 个失败到 /workspace/.monkeycode/loop/backend_fail_20260807_221121.txt
[2026-08-07 22:11:27] 后端复验: !!!!!!!!!!!!!!!!!!! Interrupted: 3 errors during collection !!!!!!!!!!!!!!!!!!!!;3 errors in 0.29s;
[2026-08-07 22:11:27] 后端复验通过
[2026-08-07 22:12:32] 前端结果: [2m Test Files [22m [1m[32m32 passed[39m[22m[90m (32)[39m;[2m      Tests [22m [1m[32m144 passed[39m[22m[90m (144)[39m;
[2026-08-07 22:12:32] 前端全部通过
[2026-08-07 22:12:33] ===== 第 647 轮结束，sleep 120 =====
[2026-08-07 22:14:33] ===== 第 648 轮开始 =====
[2026-08-07 22:14:45] 后端结果: !!!!!!!!!!!!!!!!!!! Interrupted: 3 errors during collection !!!!!!!!!!!!!!!!!!!!;3 errors in 0.38s;
[2026-08-07 22:14:45] backend: 记录 2 个失败到 /workspace/.monkeycode/loop/backend_fail_20260807_221445.txt
[2026-08-07 22:14:50] 后端复验: !!!!!!!!!!!!!!!!!!! Interrupted: 3 errors during collection !!!!!!!!!!!!!!!!!!!!;3 errors in 0.25s;
[2026-08-07 22:14:50] 后端复验通过
[2026-08-07 22:16:05] 前端结果: [2m Test Files [22m [1m[32m32 passed[39m[22m[90m (32)[39m;[2m      Tests [22m [1m[32m144 passed[39m[22m[90m (144)[39m;
[2026-08-07 22:16:05] 前端全部通过
[2026-08-07 22:16:06] ===== 第 648 轮结束，sleep 120 =====
[2026-08-07 22:18:06] ===== 第 649 轮开始 =====
[2026-08-07 22:18:17] 后端结果: !!!!!!!!!!!!!!!!!!! Interrupted: 3 errors during collection !!!!!!!!!!!!!!!!!!!!;3 errors in 0.25s;
[2026-08-07 22:18:17] backend: 记录 2 个失败到 /workspace/.monkeycode/loop/backend_fail_20260807_221817.txt
[2026-08-07 22:18:22] 后端复验: !!!!!!!!!!!!!!!!!!! Interrupted: 3 errors during collection !!!!!!!!!!!!!!!!!!!!;3 errors in 0.29s;
[2026-08-07 22:18:22] 后端复验通过
[2026-08-07 22:19:03] 前端结果: [2m Test Files [22m [1m[32m32 passed[39m[22m[90m (32)[39m;[2m      Tests [22m [1m[32m144 passed[39m[22m[90m (144)[39m;
[2026-08-07 22:19:04] 前端全部通过
[2026-08-07 22:19:04] ===== 第 649 轮结束，sleep 120 =====
[2026-08-07 22:21:04] ===== 第 650 轮开始 =====
[2026-08-07 22:21:15] 后端结果: !!!!!!!!!!!!!!!!!!! Interrupted: 3 errors during collection !!!!!!!!!!!!!!!!!!!!;3 errors in 0.27s;
[2026-08-07 22:21:15] backend: 记录 2 个失败到 /workspace/.monkeycode/loop/backend_fail_20260807_222115.txt
[2026-08-07 22:21:21] 后端复验: !!!!!!!!!!!!!!!!!!! Interrupted: 3 errors during collection !!!!!!!!!!!!!!!!!!!!;3 errors in 0.25s;
[2026-08-07 22:21:21] 后端复验通过
[2026-08-07 22:22:07] 前端结果: [2m Test Files [22m [1m[32m32 passed[39m[22m[90m (32)[39m;[2m      Tests [22m [1m[32m144 passed[39m[22m[90m (144)[39m;
[2026-08-07 22:22:07] 前端全部通过
[2026-08-07 22:22:07] ===== 第 650 轮结束，sleep 120 =====
[2026-08-07 22:24:07] ===== 第 651 轮开始 =====
[2026-08-07 22:24:19] 后端结果: !!!!!!!!!!!!!!!!!!! Interrupted: 3 errors during collection !!!!!!!!!!!!!!!!!!!!;3 errors in 0.24s;
[2026-08-07 22:24:19] backend: 记录 2 个失败到 /workspace/.monkeycode/loop/backend_fail_20260807_222419.txt
[2026-08-07 22:24:24] 后端复验: !!!!!!!!!!!!!!!!!!! Interrupted: 3 errors during collection !!!!!!!!!!!!!!!!!!!!;3 errors in 0.24s;
[2026-08-07 22:24:24] 后端复验通过
[2026-08-07 22:25:12] 前端结果: [2m Test Files [22m [1m[32m32 passed[39m[22m[90m (32)[39m;[2m      Tests [22m [1m[32m144 passed[39m[22m[90m (144)[39m;
[2026-08-07 22:25:12] 前端全部通过
[2026-08-07 22:25:12] ===== 第 651 轮结束，sleep 120 =====
[2026-08-07 22:27:12] ===== 第 652 轮开始 =====
[2026-08-07 22:27:24] 后端结果: !!!!!!!!!!!!!!!!!!! Interrupted: 3 errors during collection !!!!!!!!!!!!!!!!!!!!;3 errors in 0.37s;
[2026-08-07 22:27:24] backend: 记录 2 个失败到 /workspace/.monkeycode/loop/backend_fail_20260807_222724.txt
[2026-08-07 22:27:30] 后端复验: !!!!!!!!!!!!!!!!!!! Interrupted: 3 errors during collection !!!!!!!!!!!!!!!!!!!!;3 errors in 0.30s;
[2026-08-07 22:27:30] 后端复验通过
[2026-08-07 22:28:23] 前端结果: [2m Test Files [22m [1m[32m32 passed[39m[22m[90m (32)[39m;[2m      Tests [22m [1m[32m144 passed[39m[22m[90m (144)[39m;
[2026-08-07 22:28:23] 前端全部通过
[2026-08-07 22:28:23] ===== 第 652 轮结束，sleep 120 =====
[2026-08-07 22:30:23] ===== 第 653 轮开始 =====
[2026-08-07 22:30:35] 后端结果: !!!!!!!!!!!!!!!!!!! Interrupted: 3 errors during collection !!!!!!!!!!!!!!!!!!!!;3 errors in 0.24s;
[2026-08-07 22:30:35] backend: 记录 2 个失败到 /workspace/.monkeycode/loop/backend_fail_20260807_223035.txt
[2026-08-07 22:30:40] 后端复验: !!!!!!!!!!!!!!!!!!! Interrupted: 3 errors during collection !!!!!!!!!!!!!!!!!!!!;3 errors in 0.24s;
[2026-08-07 22:30:40] 后端复验通过
[2026-08-07 22:31:31] 前端结果: [2m Test Files [22m [1m[32m32 passed[39m[22m[90m (32)[39m;[2m      Tests [22m [1m[32m144 passed[39m[22m[90m (144)[39m;
[2026-08-07 22:31:31] 前端全部通过
[2026-08-07 22:31:31] ===== 第 653 轮结束，sleep 120 =====
[2026-08-07 22:33:31] ===== 第 654 轮开始 =====
[2026-08-07 22:33:43] 后端结果: !!!!!!!!!!!!!!!!!!! Interrupted: 3 errors during collection !!!!!!!!!!!!!!!!!!!!;3 errors in 0.34s;
[2026-08-07 22:33:43] backend: 记录 2 个失败到 /workspace/.monkeycode/loop/backend_fail_20260807_223343.txt
[2026-08-07 22:33:49] 后端复验: !!!!!!!!!!!!!!!!!!! Interrupted: 3 errors during collection !!!!!!!!!!!!!!!!!!!!;3 errors in 0.29s;
[2026-08-07 22:33:49] 后端复验通过
[2026-08-07 22:34:32] 前端结果: [2m Test Files [22m [1m[32m32 passed[39m[22m[90m (32)[39m;[2m      Tests [22m [1m[32m144 passed[39m[22m[90m (144)[39m;
[2026-08-07 22:34:32] 前端全部通过
[2026-08-07 22:34:32] ===== 第 654 轮结束，sleep 120 =====
[2026-08-07 22:36:32] ===== 第 655 轮开始 =====
[2026-08-07 22:36:44] 后端结果: !!!!!!!!!!!!!!!!!!! Interrupted: 3 errors during collection !!!!!!!!!!!!!!!!!!!!;3 errors in 0.35s;
[2026-08-07 22:36:44] backend: 记录 2 个失败到 /workspace/.monkeycode/loop/backend_fail_20260807_223644.txt
[2026-08-07 22:36:47] 后端复验: !!!!!!!!!!!!!!!!!!! Interrupted: 3 errors during collection !!!!!!!!!!!!!!!!!!!!;3 errors in 0.25s;
[2026-08-07 22:36:47] 后端复验通过
[2026-08-07 22:37:32] 前端结果: [2m Test Files [22m [1m[32m32 passed[39m[22m[90m (32)[39m;[2m      Tests [22m [1m[32m144 passed[39m[22m[90m (144)[39m;
[2026-08-07 22:37:32] 前端全部通过
[2026-08-07 22:37:33] ===== 第 655 轮结束，sleep 120 =====
[2026-08-07 22:39:33] ===== 第 656 轮开始 =====
[2026-08-07 22:39:45] 后端结果: !!!!!!!!!!!!!!!!!!! Interrupted: 3 errors during collection !!!!!!!!!!!!!!!!!!!!;3 errors in 0.29s;
[2026-08-07 22:39:45] backend: 记录 2 个失败到 /workspace/.monkeycode/loop/backend_fail_20260807_223945.txt
[2026-08-07 22:39:50] 后端复验: !!!!!!!!!!!!!!!!!!! Interrupted: 3 errors during collection !!!!!!!!!!!!!!!!!!!!;3 errors in 0.26s;
[2026-08-07 22:39:50] 后端复验通过
[2026-08-07 22:40:42] 前端结果: [2m Test Files [22m [1m[32m32 passed[39m[22m[90m (32)[39m;[2m      Tests [22m [1m[32m144 passed[39m[22m[90m (144)[39m;
[2026-08-07 22:40:42] 前端全部通过
[2026-08-07 22:40:42] ===== 第 656 轮结束，sleep 120 =====
[2026-08-07 22:42:42] ===== 第 657 轮开始 =====
[2026-08-07 22:42:54] 后端结果: !!!!!!!!!!!!!!!!!!! Interrupted: 3 errors during collection !!!!!!!!!!!!!!!!!!!!;3 errors in 0.25s;
[2026-08-07 22:42:54] backend: 记录 2 个失败到 /workspace/.monkeycode/loop/backend_fail_20260807_224254.txt
[2026-08-07 22:42:59] 后端复验: !!!!!!!!!!!!!!!!!!! Interrupted: 3 errors during collection !!!!!!!!!!!!!!!!!!!!;3 errors in 0.25s;
[2026-08-07 22:42:59] 后端复验通过
[2026-08-07 22:43:40] 前端结果: [2m Test Files [22m [1m[32m32 passed[39m[22m[90m (32)[39m;[2m      Tests [22m [1m[32m144 passed[39m[22m[90m (144)[39m;
[2026-08-07 22:43:40] 前端全部通过
[2026-08-07 22:43:41] ===== 第 657 轮结束，sleep 120 =====
[2026-08-07 22:45:41] ===== 第 658 轮开始 =====
[2026-08-07 22:45:52] 后端结果: !!!!!!!!!!!!!!!!!!! Interrupted: 3 errors during collection !!!!!!!!!!!!!!!!!!!!;3 errors in 0.26s;
[2026-08-07 22:45:52] backend: 记录 2 个失败到 /workspace/.monkeycode/loop/backend_fail_20260807_224552.txt
[2026-08-07 22:45:55] 后端复验: !!!!!!!!!!!!!!!!!!! Interrupted: 3 errors during collection !!!!!!!!!!!!!!!!!!!!;3 errors in 0.26s;
[2026-08-07 22:45:55] 后端复验通过
[2026-08-07 22:46:31] 前端结果: [2m Test Files [22m [1m[32m32 passed[39m[22m[90m (32)[39m;[2m      Tests [22m [1m[32m144 passed[39m[22m[90m (144)[39m;
[2026-08-07 22:46:31] 前端全部通过
[2026-08-07 22:46:32] ===== 第 658 轮结束，sleep 120 =====
[2026-08-07 22:48:32] ===== 第 659 轮开始 =====
[2026-08-07 22:48:43] 后端结果: !!!!!!!!!!!!!!!!!!! Interrupted: 3 errors during collection !!!!!!!!!!!!!!!!!!!!;3 errors in 0.31s;
[2026-08-07 22:48:43] backend: 记录 2 个失败到 /workspace/.monkeycode/loop/backend_fail_20260807_224843.txt
[2026-08-07 22:48:49] 后端复验: !!!!!!!!!!!!!!!!!!! Interrupted: 3 errors during collection !!!!!!!!!!!!!!!!!!!!;3 errors in 0.29s;
[2026-08-07 22:48:49] 后端复验通过
[2026-08-07 22:49:33] 前端结果: [2m Test Files [22m [1m[32m32 passed[39m[22m[90m (32)[39m;[2m      Tests [22m [1m[32m144 passed[39m[22m[90m (144)[39m;
[2026-08-07 22:49:33] 前端全部通过
[2026-08-07 22:49:33] ===== 第 659 轮结束，sleep 120 =====
[2026-08-07 22:51:33] ===== 第 660 轮开始 =====
[2026-08-07 22:51:45] 后端结果: !!!!!!!!!!!!!!!!!!! Interrupted: 3 errors during collection !!!!!!!!!!!!!!!!!!!!;3 errors in 0.27s;
[2026-08-07 22:51:45] backend: 记录 2 个失败到 /workspace/.monkeycode/loop/backend_fail_20260807_225145.txt
[2026-08-07 22:51:49] 后端复验: !!!!!!!!!!!!!!!!!!! Interrupted: 3 errors during collection !!!!!!!!!!!!!!!!!!!!;3 errors in 0.41s;
[2026-08-07 22:51:49] 后端复验通过
[2026-08-07 22:52:40] 前端结果: [2m Test Files [22m [1m[32m32 passed[39m[22m[90m (32)[39m;[2m      Tests [22m [1m[32m144 passed[39m[22m[90m (144)[39m;
[2026-08-07 22:52:40] 前端全部通过
[2026-08-07 22:52:41] ===== 第 660 轮结束，sleep 120 =====
[2026-08-07 22:54:41] ===== 第 661 轮开始 =====
[2026-08-07 22:54:53] 后端结果: !!!!!!!!!!!!!!!!!!! Interrupted: 3 errors during collection !!!!!!!!!!!!!!!!!!!!;3 errors in 0.26s;
[2026-08-07 22:54:53] backend: 记录 2 个失败到 /workspace/.monkeycode/loop/backend_fail_20260807_225453.txt
[2026-08-07 22:54:57] 后端复验: !!!!!!!!!!!!!!!!!!! Interrupted: 3 errors during collection !!!!!!!!!!!!!!!!!!!!;3 errors in 0.27s;
[2026-08-07 22:54:57] 后端复验通过
[2026-08-07 22:56:03] 前端结果: [2m Test Files [22m [1m[32m32 passed[39m[22m[90m (32)[39m;[2m      Tests [22m [1m[32m144 passed[39m[22m[90m (144)[39m;
[2026-08-07 22:56:03] 前端全部通过
[2026-08-07 22:56:03] ===== 第 661 轮结束，sleep 120 =====
[2026-08-07 22:58:03] ===== 第 662 轮开始 =====
[2026-08-07 22:58:15] 后端结果: !!!!!!!!!!!!!!!!!!! Interrupted: 3 errors during collection !!!!!!!!!!!!!!!!!!!!;3 errors in 0.26s;
[2026-08-07 22:58:15] backend: 记录 2 个失败到 /workspace/.monkeycode/loop/backend_fail_20260807_225815.txt
[2026-08-07 22:58:20] 后端复验: !!!!!!!!!!!!!!!!!!! Interrupted: 3 errors during collection !!!!!!!!!!!!!!!!!!!!;3 errors in 0.28s;
[2026-08-07 22:58:20] 后端复验通过
[2026-08-07 22:59:35] 前端结果: [2m Test Files [22m [1m[32m32 passed[39m[22m[90m (32)[39m;[2m      Tests [22m [1m[32m144 passed[39m[22m[90m (144)[39m;
[2026-08-07 22:59:35] 前端全部通过
[2026-08-07 22:59:35] ===== 第 662 轮结束，sleep 120 =====
[2026-08-07 23:01:35] ===== 第 663 轮开始 =====
[2026-08-07 23:01:47] 后端结果: !!!!!!!!!!!!!!!!!!! Interrupted: 3 errors during collection !!!!!!!!!!!!!!!!!!!!;3 errors in 0.36s;
[2026-08-07 23:01:47] backend: 记录 2 个失败到 /workspace/.monkeycode/loop/backend_fail_20260807_230147.txt
[2026-08-07 23:01:52] 后端复验: !!!!!!!!!!!!!!!!!!! Interrupted: 3 errors during collection !!!!!!!!!!!!!!!!!!!!;3 errors in 0.24s;
[2026-08-07 23:01:52] 后端复验通过
[2026-08-07 23:02:30] 前端结果: [2m Test Files [22m [1m[32m32 passed[39m[22m[90m (32)[39m;[2m      Tests [22m [1m[32m144 passed[39m[22m[90m (144)[39m;
[2026-08-07 23:02:30] 前端全部通过
[2026-08-07 23:02:31] ===== 第 663 轮结束，sleep 120 =====
[2026-08-07 23:04:31] ===== 第 664 轮开始 =====
[2026-08-07 23:04:42] 后端结果: !!!!!!!!!!!!!!!!!!! Interrupted: 3 errors during collection !!!!!!!!!!!!!!!!!!!!;3 errors in 0.23s;
[2026-08-07 23:04:42] backend: 记录 2 个失败到 /workspace/.monkeycode/loop/backend_fail_20260807_230442.txt
[2026-08-07 23:04:48] 后端复验: !!!!!!!!!!!!!!!!!!! Interrupted: 3 errors during collection !!!!!!!!!!!!!!!!!!!!;3 errors in 0.27s;
[2026-08-07 23:04:48] 后端复验通过
[2026-08-07 23:05:59] 前端结果: [2m Test Files [22m [1m[32m32 passed[39m[22m[90m (32)[39m;[2m      Tests [22m [1m[32m144 passed[39m[22m[90m (144)[39m;
[2026-08-07 23:05:59] 前端全部通过
[2026-08-07 23:06:00] ===== 第 664 轮结束，sleep 120 =====
[2026-08-07 23:08:00] ===== 第 665 轮开始 =====
[2026-08-07 23:08:11] 后端结果: !!!!!!!!!!!!!!!!!!! Interrupted: 3 errors during collection !!!!!!!!!!!!!!!!!!!!;3 errors in 0.39s;
[2026-08-07 23:08:11] backend: 记录 2 个失败到 /workspace/.monkeycode/loop/backend_fail_20260807_230811.txt
[2026-08-07 23:08:15] 后端复验: !!!!!!!!!!!!!!!!!!! Interrupted: 3 errors during collection !!!!!!!!!!!!!!!!!!!!;3 errors in 0.24s;
[2026-08-07 23:08:15] 后端复验通过
[2026-08-07 23:09:10] 前端结果: [2m Test Files [22m [1m[32m32 passed[39m[22m[90m (32)[39m;[2m      Tests [22m [1m[32m144 passed[39m[22m[90m (144)[39m;
[2026-08-07 23:09:10] 前端全部通过
[2026-08-07 23:09:11] ===== 第 665 轮结束，sleep 120 =====
[2026-08-07 23:11:11] ===== 第 666 轮开始 =====
[2026-08-07 23:11:23] 后端结果: !!!!!!!!!!!!!!!!!!! Interrupted: 3 errors during collection !!!!!!!!!!!!!!!!!!!!;3 errors in 0.30s;
[2026-08-07 23:11:23] backend: 记录 2 个失败到 /workspace/.monkeycode/loop/backend_fail_20260807_231123.txt
[2026-08-07 23:11:28] 后端复验: !!!!!!!!!!!!!!!!!!! Interrupted: 3 errors during collection !!!!!!!!!!!!!!!!!!!!;3 errors in 0.28s;
[2026-08-07 23:11:28] 后端复验通过
[2026-08-07 23:12:22] 前端结果: [2m Test Files [22m [1m[32m32 passed[39m[22m[90m (32)[39m;[2m      Tests [22m [1m[32m144 passed[39m[22m[90m (144)[39m;
[2026-08-07 23:12:23] 前端全部通过
[2026-08-07 23:12:23] ===== 第 666 轮结束，sleep 120 =====
[2026-08-07 23:14:23] ===== 第 667 轮开始 =====
[2026-08-07 23:14:35] 后端结果: !!!!!!!!!!!!!!!!!!! Interrupted: 3 errors during collection !!!!!!!!!!!!!!!!!!!!;3 errors in 0.27s;
[2026-08-07 23:14:35] backend: 记录 2 个失败到 /workspace/.monkeycode/loop/backend_fail_20260807_231435.txt
[2026-08-07 23:14:41] 后端复验: !!!!!!!!!!!!!!!!!!! Interrupted: 3 errors during collection !!!!!!!!!!!!!!!!!!!!;3 errors in 0.29s;
[2026-08-07 23:14:41] 后端复验通过
[2026-08-07 23:15:22] 前端结果: [2m Test Files [22m [1m[32m32 passed[39m[22m[90m (32)[39m;[2m      Tests [22m [1m[32m144 passed[39m[22m[90m (144)[39m;
[2026-08-07 23:15:22] 前端全部通过
[2026-08-07 23:15:22] ===== 第 667 轮结束，sleep 120 =====
[2026-08-07 23:17:22] ===== 第 668 轮开始 =====
[2026-08-07 23:17:34] 后端结果: !!!!!!!!!!!!!!!!!!! Interrupted: 3 errors during collection !!!!!!!!!!!!!!!!!!!!;3 errors in 0.27s;
[2026-08-07 23:17:34] backend: 记录 2 个失败到 /workspace/.monkeycode/loop/backend_fail_20260807_231734.txt
[2026-08-07 23:17:40] 后端复验: !!!!!!!!!!!!!!!!!!! Interrupted: 3 errors during collection !!!!!!!!!!!!!!!!!!!!;3 errors in 0.25s;
[2026-08-07 23:17:40] 后端复验通过
[2026-08-07 23:18:52] 前端结果: [2m Test Files [22m [1m[32m32 passed[39m[22m[90m (32)[39m;[2m      Tests [22m [1m[32m144 passed[39m[22m[90m (144)[39m;
[2026-08-07 23:18:52] 前端全部通过
[2026-08-07 23:18:53] ===== 第 668 轮结束，sleep 120 =====
[2026-08-07 23:20:53] ===== 第 669 轮开始 =====
[2026-08-07 23:21:04] 后端结果: !!!!!!!!!!!!!!!!!!! Interrupted: 3 errors during collection !!!!!!!!!!!!!!!!!!!!;3 errors in 0.34s;
[2026-08-07 23:21:04] backend: 记录 2 个失败到 /workspace/.monkeycode/loop/backend_fail_20260807_232104.txt
[2026-08-07 23:21:09] 后端复验: !!!!!!!!!!!!!!!!!!! Interrupted: 3 errors during collection !!!!!!!!!!!!!!!!!!!!;3 errors in 0.24s;
[2026-08-07 23:21:09] 后端复验通过
[2026-08-07 23:22:15] 前端结果: [2m Test Files [22m [1m[32m32 passed[39m[22m[90m (32)[39m;[2m      Tests [22m [1m[32m144 passed[39m[22m[90m (144)[39m;
[2026-08-07 23:22:15] 前端全部通过
[2026-08-07 23:22:16] ===== 第 669 轮结束，sleep 120 =====
[2026-08-07 23:24:16] ===== 第 670 轮开始 =====
[2026-08-07 23:24:28] 后端结果: !!!!!!!!!!!!!!!!!!! Interrupted: 3 errors during collection !!!!!!!!!!!!!!!!!!!!;3 errors in 0.26s;
[2026-08-07 23:24:28] backend: 记录 2 个失败到 /workspace/.monkeycode/loop/backend_fail_20260807_232428.txt
[2026-08-07 23:24:33] 后端复验: !!!!!!!!!!!!!!!!!!! Interrupted: 3 errors during collection !!!!!!!!!!!!!!!!!!!!;3 errors in 0.27s;
[2026-08-07 23:24:33] 后端复验通过
[2026-08-07 23:25:10] 前端结果: [2m Test Files [22m [1m[32m32 passed[39m[22m[90m (32)[39m;[2m      Tests [22m [1m[32m144 passed[39m[22m[90m (144)[39m;
[2026-08-07 23:25:10] 前端全部通过
[2026-08-07 23:25:10] ===== 第 670 轮结束，sleep 120 =====
[2026-08-07 23:27:10] ===== 第 671 轮开始 =====
[2026-08-07 23:27:22] 后端结果: !!!!!!!!!!!!!!!!!!! Interrupted: 3 errors during collection !!!!!!!!!!!!!!!!!!!!;3 errors in 0.25s;
[2026-08-07 23:27:22] backend: 记录 2 个失败到 /workspace/.monkeycode/loop/backend_fail_20260807_232722.txt
[2026-08-07 23:27:28] 后端复验: !!!!!!!!!!!!!!!!!!! Interrupted: 3 errors during collection !!!!!!!!!!!!!!!!!!!!;3 errors in 0.25s;
[2026-08-07 23:27:28] 后端复验通过
[2026-08-07 23:28:12] 前端结果: [2m Test Files [22m [1m[32m32 passed[39m[22m[90m (32)[39m;[2m      Tests [22m [1m[32m144 passed[39m[22m[90m (144)[39m;
[2026-08-07 23:28:12] 前端全部通过
[2026-08-07 23:28:12] ===== 第 671 轮结束，sleep 120 =====
[2026-08-07 23:30:12] ===== 第 672 轮开始 =====
[2026-08-07 23:30:24] 后端结果: !!!!!!!!!!!!!!!!!!! Interrupted: 3 errors during collection !!!!!!!!!!!!!!!!!!!!;3 errors in 0.26s;
[2026-08-07 23:30:24] backend: 记录 2 个失败到 /workspace/.monkeycode/loop/backend_fail_20260807_233024.txt
[2026-08-07 23:30:27] 后端复验: !!!!!!!!!!!!!!!!!!! Interrupted: 3 errors during collection !!!!!!!!!!!!!!!!!!!!;3 errors in 0.24s;
[2026-08-07 23:30:27] 后端复验通过
[2026-08-07 23:31:19] 前端结果: [2m Test Files [22m [1m[32m32 passed[39m[22m[90m (32)[39m;[2m      Tests [22m [1m[32m144 passed[39m[22m[90m (144)[39m;
[2026-08-07 23:31:20] 前端全部通过
[2026-08-07 23:31:20] ===== 第 672 轮结束，sleep 120 =====
[2026-08-07 23:33:20] ===== 第 673 轮开始 =====
[2026-08-07 23:33:32] 后端结果: !!!!!!!!!!!!!!!!!!! Interrupted: 3 errors during collection !!!!!!!!!!!!!!!!!!!!;3 errors in 0.26s;
[2026-08-07 23:33:32] backend: 记录 2 个失败到 /workspace/.monkeycode/loop/backend_fail_20260807_233332.txt
[2026-08-07 23:33:38] 后端复验: !!!!!!!!!!!!!!!!!!! Interrupted: 3 errors during collection !!!!!!!!!!!!!!!!!!!!;3 errors in 0.25s;
[2026-08-07 23:33:38] 后端复验通过
[2026-08-07 23:34:42] 前端结果: [2m Test Files [22m [1m[32m32 passed[39m[22m[90m (32)[39m;[2m      Tests [22m [1m[32m144 passed[39m[22m[90m (144)[39m;
[2026-08-07 23:34:42] 前端全部通过
[2026-08-07 23:34:43] ===== 第 673 轮结束，sleep 120 =====
[2026-08-07 23:36:43] ===== 第 674 轮开始 =====
[2026-08-07 23:36:54] 后端结果: !!!!!!!!!!!!!!!!!!! Interrupted: 3 errors during collection !!!!!!!!!!!!!!!!!!!!;3 errors in 0.27s;
[2026-08-07 23:36:54] backend: 记录 2 个失败到 /workspace/.monkeycode/loop/backend_fail_20260807_233654.txt
[2026-08-07 23:36:59] 后端复验: !!!!!!!!!!!!!!!!!!! Interrupted: 3 errors during collection !!!!!!!!!!!!!!!!!!!!;3 errors in 0.24s;
[2026-08-07 23:36:59] 后端复验通过
[2026-08-07 23:38:07] 前端结果: [2m Test Files [22m [1m[32m32 passed[39m[22m[90m (32)[39m;[2m      Tests [22m [1m[32m144 passed[39m[22m[90m (144)[39m;
[2026-08-07 23:38:07] 前端全部通过
[2026-08-07 23:38:08] ===== 第 674 轮结束，sleep 120 =====
[2026-08-07 23:40:08] ===== 第 675 轮开始 =====
[2026-08-07 23:40:19] 后端结果: !!!!!!!!!!!!!!!!!!! Interrupted: 3 errors during collection !!!!!!!!!!!!!!!!!!!!;3 errors in 0.27s;
[2026-08-07 23:40:19] backend: 记录 2 个失败到 /workspace/.monkeycode/loop/backend_fail_20260807_234019.txt
[2026-08-07 23:40:25] 后端复验: !!!!!!!!!!!!!!!!!!! Interrupted: 3 errors during collection !!!!!!!!!!!!!!!!!!!!;3 errors in 0.29s;
[2026-08-07 23:40:25] 后端复验通过
[2026-08-07 23:41:13] 前端结果: [2m Test Files [22m [1m[32m32 passed[39m[22m[90m (32)[39m;[2m      Tests [22m [1m[32m144 passed[39m[22m[90m (144)[39m;
[2026-08-07 23:41:13] 前端全部通过
[2026-08-07 23:41:13] ===== 第 675 轮结束，sleep 120 =====
[2026-08-07 23:43:13] ===== 第 676 轮开始 =====
[2026-08-07 23:43:25] 后端结果: !!!!!!!!!!!!!!!!!!! Interrupted: 3 errors during collection !!!!!!!!!!!!!!!!!!!!;3 errors in 0.24s;
[2026-08-07 23:43:25] backend: 记录 2 个失败到 /workspace/.monkeycode/loop/backend_fail_20260807_234325.txt
[2026-08-07 23:43:30] 后端复验: !!!!!!!!!!!!!!!!!!! Interrupted: 3 errors during collection !!!!!!!!!!!!!!!!!!!!;3 errors in 0.24s;
[2026-08-07 23:43:30] 后端复验通过
[2026-08-07 23:44:16] 前端结果: [2m Test Files [22m [1m[32m32 passed[39m[22m[90m (32)[39m;[2m      Tests [22m [1m[32m144 passed[39m[22m[90m (144)[39m;
[2026-08-07 23:44:16] 前端全部通过
[2026-08-07 23:44:17] ===== 第 676 轮结束，sleep 120 =====
[2026-08-07 23:46:17] ===== 第 677 轮开始 =====
[2026-08-07 23:46:28] 后端结果: !!!!!!!!!!!!!!!!!!! Interrupted: 3 errors during collection !!!!!!!!!!!!!!!!!!!!;3 errors in 0.24s;
[2026-08-07 23:46:28] backend: 记录 2 个失败到 /workspace/.monkeycode/loop/backend_fail_20260807_234628.txt
[2026-08-07 23:46:33] 后端复验: !!!!!!!!!!!!!!!!!!! Interrupted: 3 errors during collection !!!!!!!!!!!!!!!!!!!!;3 errors in 0.24s;
[2026-08-07 23:46:33] 后端复验通过
[2026-08-07 23:47:22] 前端结果: [2m Test Files [22m [1m[32m32 passed[39m[22m[90m (32)[39m;[2m      Tests [22m [1m[32m144 passed[39m[22m[90m (144)[39m;
[2026-08-07 23:47:22] 前端全部通过
[2026-08-07 23:47:23] ===== 第 677 轮结束，sleep 120 =====
[2026-08-07 23:49:23] ===== 第 678 轮开始 =====
[2026-08-07 23:49:34] 后端结果: !!!!!!!!!!!!!!!!!!! Interrupted: 3 errors during collection !!!!!!!!!!!!!!!!!!!!;3 errors in 0.26s;
[2026-08-07 23:49:34] backend: 记录 2 个失败到 /workspace/.monkeycode/loop/backend_fail_20260807_234934.txt
[2026-08-07 23:49:40] 后端复验: !!!!!!!!!!!!!!!!!!! Interrupted: 3 errors during collection !!!!!!!!!!!!!!!!!!!!;3 errors in 0.25s;
[2026-08-07 23:49:40] 后端复验通过
[2026-08-07 23:50:39] 前端结果: [2m Test Files [22m [1m[32m32 passed[39m[22m[90m (32)[39m;[2m      Tests [22m [1m[32m144 passed[39m[22m[90m (144)[39m;
[2026-08-07 23:50:39] 前端全部通过
[2026-08-07 23:50:40] ===== 第 678 轮结束，sleep 120 =====
[2026-08-07 23:52:40] ===== 第 679 轮开始 =====
[2026-08-07 23:52:51] 后端结果: !!!!!!!!!!!!!!!!!!! Interrupted: 3 errors during collection !!!!!!!!!!!!!!!!!!!!;3 errors in 0.23s;
[2026-08-07 23:52:51] backend: 记录 2 个失败到 /workspace/.monkeycode/loop/backend_fail_20260807_235251.txt
[2026-08-07 23:52:57] 后端复验: !!!!!!!!!!!!!!!!!!! Interrupted: 3 errors during collection !!!!!!!!!!!!!!!!!!!!;3 errors in 0.24s;
[2026-08-07 23:52:57] 后端复验通过
[2026-08-07 23:54:02] 前端结果: [2m Test Files [22m [1m[32m32 passed[39m[22m[90m (32)[39m;[2m      Tests [22m [1m[32m144 passed[39m[22m[90m (144)[39m;
[2026-08-07 23:54:02] 前端全部通过
[2026-08-07 23:54:02] ===== 第 679 轮结束，sleep 120 =====
[2026-08-07 23:56:02] ===== 第 680 轮开始 =====
[2026-08-07 23:56:14] 后端结果: !!!!!!!!!!!!!!!!!!! Interrupted: 3 errors during collection !!!!!!!!!!!!!!!!!!!!;3 errors in 0.24s;
[2026-08-07 23:56:14] backend: 记录 2 个失败到 /workspace/.monkeycode/loop/backend_fail_20260807_235614.txt
[2026-08-07 23:56:19] 后端复验: !!!!!!!!!!!!!!!!!!! Interrupted: 3 errors during collection !!!!!!!!!!!!!!!!!!!!;3 errors in 0.24s;
[2026-08-07 23:56:19] 后端复验通过
[2026-08-07 23:57:27] 前端结果: [2m Test Files [22m [1m[32m32 passed[39m[22m[90m (32)[39m;[2m      Tests [22m [1m[32m144 passed[39m[22m[90m (144)[39m;
[2026-08-07 23:57:27] 前端全部通过
[2026-08-07 23:57:27] ===== 第 680 轮结束，sleep 120 =====
[2026-08-07 23:59:27] ===== 第 681 轮开始 =====
[2026-08-07 23:59:39] 后端结果: !!!!!!!!!!!!!!!!!!! Interrupted: 3 errors during collection !!!!!!!!!!!!!!!!!!!!;3 errors in 0.23s;
[2026-08-07 23:59:39] backend: 记录 2 个失败到 /workspace/.monkeycode/loop/backend_fail_20260807_235939.txt
[2026-08-07 23:59:43] 后端复验: !!!!!!!!!!!!!!!!!!! Interrupted: 3 errors during collection !!!!!!!!!!!!!!!!!!!!;3 errors in 0.25s;
[2026-08-07 23:59:43] 后端复验通过
[2026-08-08 00:00:52] 前端结果: [2m Test Files [22m [1m[32m32 passed[39m[22m[90m (32)[39m;[2m      Tests [22m [1m[32m144 passed[39m[22m[90m (144)[39m;
[2026-08-08 00:00:53] 前端全部通过
[2026-08-08 00:00:53] ===== 第 681 轮结束，sleep 120 =====
[2026-08-08 00:02:53] ===== 第 682 轮开始 =====
[2026-08-08 00:03:04] 后端结果: !!!!!!!!!!!!!!!!!!! Interrupted: 3 errors during collection !!!!!!!!!!!!!!!!!!!!;3 errors in 0.23s;
[2026-08-08 00:03:04] backend: 记录 2 个失败到 /workspace/.monkeycode/loop/backend_fail_20260808_000304.txt
[2026-08-08 00:03:09] 后端复验: !!!!!!!!!!!!!!!!!!! Interrupted: 3 errors during collection !!!!!!!!!!!!!!!!!!!!;3 errors in 0.26s;
[2026-08-08 00:03:09] 后端复验通过
[2026-08-08 00:03:49] 前端结果: [2m Test Files [22m [1m[32m32 passed[39m[22m[90m (32)[39m;[2m      Tests [22m [1m[32m144 passed[39m[22m[90m (144)[39m;
[2026-08-08 00:03:49] 前端全部通过
[2026-08-08 00:03:50] ===== 第 682 轮结束，sleep 120 =====
[2026-08-08 00:05:50] ===== 第 683 轮开始 =====
[2026-08-08 00:06:01] 后端结果: !!!!!!!!!!!!!!!!!!! Interrupted: 3 errors during collection !!!!!!!!!!!!!!!!!!!!;3 errors in 0.31s;
[2026-08-08 00:06:01] backend: 记录 2 个失败到 /workspace/.monkeycode/loop/backend_fail_20260808_000601.txt
[2026-08-08 00:06:07] 后端复验: !!!!!!!!!!!!!!!!!!! Interrupted: 3 errors during collection !!!!!!!!!!!!!!!!!!!!;3 errors in 0.25s;
[2026-08-08 00:06:07] 后端复验通过
[2026-08-08 00:06:50] 前端结果: [2m Test Files [22m [1m[32m32 passed[39m[22m[90m (32)[39m;[2m      Tests [22m [1m[32m144 passed[39m[22m[90m (144)[39m;
[2026-08-08 00:06:50] 前端全部通过
[2026-08-08 00:06:51] ===== 第 683 轮结束，sleep 120 =====
[2026-08-08 00:08:51] ===== 第 684 轮开始 =====
[2026-08-08 00:09:03] 后端结果: !!!!!!!!!!!!!!!!!!! Interrupted: 3 errors during collection !!!!!!!!!!!!!!!!!!!!;3 errors in 0.39s;
[2026-08-08 00:09:03] backend: 记录 2 个失败到 /workspace/.monkeycode/loop/backend_fail_20260808_000903.txt
[2026-08-08 00:09:06] 后端复验: !!!!!!!!!!!!!!!!!!! Interrupted: 3 errors during collection !!!!!!!!!!!!!!!!!!!!;3 errors in 0.24s;
[2026-08-08 00:09:06] 后端复验通过
[2026-08-08 00:09:58] 前端结果: [2m Test Files [22m [1m[32m32 passed[39m[22m[90m (32)[39m;[2m      Tests [22m [1m[32m144 passed[39m[22m[90m (144)[39m;
[2026-08-08 00:09:58] 前端全部通过
[2026-08-08 00:09:58] ===== 第 684 轮结束，sleep 120 =====
[2026-08-08 00:11:58] ===== 第 685 轮开始 =====
[2026-08-08 00:12:12] 后端结果: !!!!!!!!!!!!!!!!!!! Interrupted: 3 errors during collection !!!!!!!!!!!!!!!!!!!!;3 errors in 0.36s;
[2026-08-08 00:12:12] backend: 记录 2 个失败到 /workspace/.monkeycode/loop/backend_fail_20260808_001212.txt
[2026-08-08 00:12:17] 后端复验: !!!!!!!!!!!!!!!!!!! Interrupted: 3 errors during collection !!!!!!!!!!!!!!!!!!!!;3 errors in 0.24s;
[2026-08-08 00:12:17] 后端复验通过
[2026-08-08 00:13:21] 前端结果: [2m Test Files [22m [1m[32m32 passed[39m[22m[90m (32)[39m;[2m      Tests [22m [1m[32m144 passed[39m[22m[90m (144)[39m;
[2026-08-08 00:13:21] 前端全部通过
[2026-08-08 00:13:22] ===== 第 685 轮结束，sleep 120 =====
[2026-08-08 00:15:22] ===== 第 686 轮开始 =====
[2026-08-08 00:15:33] 后端结果: !!!!!!!!!!!!!!!!!!! Interrupted: 3 errors during collection !!!!!!!!!!!!!!!!!!!!;3 errors in 0.26s;
[2026-08-08 00:15:33] backend: 记录 2 个失败到 /workspace/.monkeycode/loop/backend_fail_20260808_001533.txt
[2026-08-08 00:15:38] 后端复验: !!!!!!!!!!!!!!!!!!! Interrupted: 3 errors during collection !!!!!!!!!!!!!!!!!!!!;3 errors in 0.24s;
[2026-08-08 00:15:38] 后端复验通过
[2026-08-08 00:16:38] 前端结果: [2m Test Files [22m [1m[32m32 passed[39m[22m[90m (32)[39m;[2m      Tests [22m [1m[32m144 passed[39m[22m[90m (144)[39m;
[2026-08-08 00:16:38] 前端全部通过
[2026-08-08 00:16:38] ===== 第 686 轮结束，sleep 120 =====
[2026-08-08 00:18:38] ===== 第 687 轮开始 =====
[2026-08-08 00:18:50] 后端结果: !!!!!!!!!!!!!!!!!!! Interrupted: 3 errors during collection !!!!!!!!!!!!!!!!!!!!;3 errors in 0.28s;
[2026-08-08 00:18:50] backend: 记录 2 个失败到 /workspace/.monkeycode/loop/backend_fail_20260808_001850.txt
[2026-08-08 00:18:56] 后端复验: !!!!!!!!!!!!!!!!!!! Interrupted: 3 errors during collection !!!!!!!!!!!!!!!!!!!!;3 errors in 0.27s;
[2026-08-08 00:18:56] 后端复验通过
[2026-08-08 00:19:44] 前端结果: [2m Test Files [22m [1m[32m32 passed[39m[22m[90m (32)[39m;[2m      Tests [22m [1m[32m144 passed[39m[22m[90m (144)[39m;
[2026-08-08 00:19:44] 前端全部通过
[2026-08-08 00:19:44] ===== 第 687 轮结束，sleep 120 =====
[2026-08-08 00:21:44] ===== 第 688 轮开始 =====
[2026-08-08 00:21:56] 后端结果: !!!!!!!!!!!!!!!!!!! Interrupted: 3 errors during collection !!!!!!!!!!!!!!!!!!!!;3 errors in 0.31s;
[2026-08-08 00:21:56] backend: 记录 2 个失败到 /workspace/.monkeycode/loop/backend_fail_20260808_002156.txt
[2026-08-08 00:22:02] 后端复验: !!!!!!!!!!!!!!!!!!! Interrupted: 3 errors during collection !!!!!!!!!!!!!!!!!!!!;3 errors in 0.33s;
[2026-08-08 00:22:02] 后端复验通过
[2026-08-08 00:23:02] 前端结果: [31m⎯⎯⎯⎯⎯⎯⎯[39m[1m[41m Failed Tests 1 [49m[22m[31m⎯⎯⎯⎯⎯⎯⎯[39m;[2m Test Files [22m [1m[31m1 failed[39m[22m[2m | [22m[1m[32m31 passed[39m[22m[90m (32)[39m;[2m      Tests [22m [1m[31m1 failed[39m[22m[2m | [22m[1m[32m143 passed[39m[22m[90m (144)[39m;
[2026-08-08 00:23:02] 前端全部通过
[2026-08-08 00:23:02] ===== 第 688 轮结束，sleep 120 =====
[2026-08-08 00:25:02] ===== 第 689 轮开始 =====
[2026-08-08 00:25:14] 后端结果: !!!!!!!!!!!!!!!!!!! Interrupted: 3 errors during collection !!!!!!!!!!!!!!!!!!!!;3 errors in 0.38s;
[2026-08-08 00:25:14] backend: 记录 2 个失败到 /workspace/.monkeycode/loop/backend_fail_20260808_002514.txt
[2026-08-08 00:25:18] 后端复验: !!!!!!!!!!!!!!!!!!! Interrupted: 3 errors during collection !!!!!!!!!!!!!!!!!!!!;3 errors in 0.26s;
[2026-08-08 00:25:18] 后端复验通过
[2026-08-08 00:26:32] 前端结果: [2m Test Files [22m [1m[32m32 passed[39m[22m[90m (32)[39m;[2m      Tests [22m [1m[32m144 passed[39m[22m[90m (144)[39m;
[2026-08-08 00:26:32] 前端全部通过
[2026-08-08 00:26:32] ===== 第 689 轮结束，sleep 120 =====
[2026-08-08 00:28:32] ===== 第 690 轮开始 =====
[2026-08-08 00:28:44] 后端结果: !!!!!!!!!!!!!!!!!!! Interrupted: 3 errors during collection !!!!!!!!!!!!!!!!!!!!;3 errors in 0.25s;
[2026-08-08 00:28:44] backend: 记录 2 个失败到 /workspace/.monkeycode/loop/backend_fail_20260808_002844.txt
[2026-08-08 00:28:49] 后端复验: !!!!!!!!!!!!!!!!!!! Interrupted: 3 errors during collection !!!!!!!!!!!!!!!!!!!!;3 errors in 0.24s;
[2026-08-08 00:28:49] 后端复验通过
[2026-08-08 00:29:52] 前端结果: [2m Test Files [22m [1m[32m32 passed[39m[22m[90m (32)[39m;[2m      Tests [22m [1m[32m144 passed[39m[22m[90m (144)[39m;
[2026-08-08 00:29:52] 前端全部通过
[2026-08-08 00:29:52] ===== 第 690 轮结束，sleep 120 =====
[2026-08-08 00:31:52] ===== 第 691 轮开始 =====
[2026-08-08 00:32:04] 后端结果: !!!!!!!!!!!!!!!!!!! Interrupted: 3 errors during collection !!!!!!!!!!!!!!!!!!!!;3 errors in 0.28s;
[2026-08-08 00:32:04] backend: 记录 2 个失败到 /workspace/.monkeycode/loop/backend_fail_20260808_003204.txt
[2026-08-08 00:32:11] 后端复验: !!!!!!!!!!!!!!!!!!! Interrupted: 3 errors during collection !!!!!!!!!!!!!!!!!!!!;3 errors in 0.24s;
[2026-08-08 00:32:11] 后端复验通过
[2026-08-08 00:32:59] 前端结果: [2m Test Files [22m [1m[32m32 passed[39m[22m[90m (32)[39m;[2m      Tests [22m [1m[32m144 passed[39m[22m[90m (144)[39m;
[2026-08-08 00:32:59] 前端全部通过
[2026-08-08 00:33:00] ===== 第 691 轮结束，sleep 120 =====
[2026-08-08 00:35:00] ===== 第 692 轮开始 =====
[2026-08-08 00:35:12] 后端结果: !!!!!!!!!!!!!!!!!!! Interrupted: 3 errors during collection !!!!!!!!!!!!!!!!!!!!;3 errors in 0.35s;
[2026-08-08 00:35:12] backend: 记录 2 个失败到 /workspace/.monkeycode/loop/backend_fail_20260808_003512.txt
[2026-08-08 00:35:15] 后端复验: !!!!!!!!!!!!!!!!!!! Interrupted: 3 errors during collection !!!!!!!!!!!!!!!!!!!!;3 errors in 0.25s;
[2026-08-08 00:35:15] 后端复验通过
[2026-08-08 00:36:09] 前端结果: [2m Test Files [22m [1m[32m32 passed[39m[22m[90m (32)[39m;[2m      Tests [22m [1m[32m144 passed[39m[22m[90m (144)[39m;
[2026-08-08 00:36:10] 前端全部通过
[2026-08-08 00:36:10] ===== 第 692 轮结束，sleep 120 =====
[2026-08-08 00:38:10] ===== 第 693 轮开始 =====
[2026-08-08 00:38:22] 后端结果: !!!!!!!!!!!!!!!!!!! Interrupted: 3 errors during collection !!!!!!!!!!!!!!!!!!!!;3 errors in 0.25s;
[2026-08-08 00:38:22] backend: 记录 2 个失败到 /workspace/.monkeycode/loop/backend_fail_20260808_003822.txt
[2026-08-08 00:38:27] 后端复验: !!!!!!!!!!!!!!!!!!! Interrupted: 3 errors during collection !!!!!!!!!!!!!!!!!!!!;3 errors in 0.26s;
[2026-08-08 00:38:27] 后端复验通过
[2026-08-08 00:39:14] 前端结果: [2m Test Files [22m [1m[32m32 passed[39m[22m[90m (32)[39m;[2m      Tests [22m [1m[32m144 passed[39m[22m[90m (144)[39m;
[2026-08-08 00:39:15] 前端全部通过
[2026-08-08 00:39:15] ===== 第 693 轮结束，sleep 120 =====
[2026-08-08 00:41:15] ===== 第 694 轮开始 =====
[2026-08-08 00:41:27] 后端结果: !!!!!!!!!!!!!!!!!!! Interrupted: 3 errors during collection !!!!!!!!!!!!!!!!!!!!;3 errors in 0.32s;
[2026-08-08 00:41:27] backend: 记录 2 个失败到 /workspace/.monkeycode/loop/backend_fail_20260808_004127.txt
[2026-08-08 00:41:32] 后端复验: !!!!!!!!!!!!!!!!!!! Interrupted: 3 errors during collection !!!!!!!!!!!!!!!!!!!!;3 errors in 0.24s;
[2026-08-08 00:41:32] 后端复验通过
[2026-08-08 00:42:19] 前端结果: [2m Test Files [22m [1m[32m32 passed[39m[22m[90m (32)[39m;[2m      Tests [22m [1m[32m144 passed[39m[22m[90m (144)[39m;
[2026-08-08 00:42:19] 前端全部通过
[2026-08-08 00:42:19] ===== 第 694 轮结束，sleep 120 =====
[2026-08-08 00:44:19] ===== 第 695 轮开始 =====
[2026-08-08 00:44:31] 后端结果: !!!!!!!!!!!!!!!!!!! Interrupted: 3 errors during collection !!!!!!!!!!!!!!!!!!!!;3 errors in 0.34s;
[2026-08-08 00:44:31] backend: 记录 2 个失败到 /workspace/.monkeycode/loop/backend_fail_20260808_004431.txt
[2026-08-08 00:44:36] 后端复验: !!!!!!!!!!!!!!!!!!! Interrupted: 3 errors during collection !!!!!!!!!!!!!!!!!!!!;3 errors in 0.29s;
[2026-08-08 00:44:36] 后端复验通过
[2026-08-08 00:45:31] 前端结果: [2m Test Files [22m [1m[32m32 passed[39m[22m[90m (32)[39m;[2m      Tests [22m [1m[32m144 passed[39m[22m[90m (144)[39m;
[2026-08-08 00:45:31] 前端全部通过
[2026-08-08 00:45:32] ===== 第 695 轮结束，sleep 120 =====
[2026-08-08 00:47:32] ===== 第 696 轮开始 =====
[2026-08-08 00:47:44] 后端结果: !!!!!!!!!!!!!!!!!!! Interrupted: 3 errors during collection !!!!!!!!!!!!!!!!!!!!;3 errors in 0.38s;
[2026-08-08 00:47:44] backend: 记录 2 个失败到 /workspace/.monkeycode/loop/backend_fail_20260808_004744.txt
[2026-08-08 00:47:46] 后端复验: !!!!!!!!!!!!!!!!!!! Interrupted: 3 errors during collection !!!!!!!!!!!!!!!!!!!!;3 errors in 0.23s;
[2026-08-08 00:47:46] 后端复验通过
[2026-08-08 00:48:40] 前端结果: [2m Test Files [22m [1m[32m32 passed[39m[22m[90m (32)[39m;[2m      Tests [22m [1m[32m144 passed[39m[22m[90m (144)[39m;
[2026-08-08 00:48:40] 前端全部通过
[2026-08-08 00:48:41] ===== 第 696 轮结束，sleep 120 =====
[2026-08-08 00:50:41] ===== 第 697 轮开始 =====
[2026-08-08 00:50:52] 后端结果: !!!!!!!!!!!!!!!!!!! Interrupted: 3 errors during collection !!!!!!!!!!!!!!!!!!!!;3 errors in 0.35s;
[2026-08-08 00:50:52] backend: 记录 2 个失败到 /workspace/.monkeycode/loop/backend_fail_20260808_005052.txt
[2026-08-08 00:50:57] 后端复验: !!!!!!!!!!!!!!!!!!! Interrupted: 3 errors during collection !!!!!!!!!!!!!!!!!!!!;3 errors in 0.24s;
[2026-08-08 00:50:57] 后端复验通过
[2026-08-08 00:52:02] 前端结果: [2m Test Files [22m [1m[32m32 passed[39m[22m[90m (32)[39m;[2m      Tests [22m [1m[32m144 passed[39m[22m[90m (144)[39m;
[2026-08-08 00:52:02] 前端全部通过
[2026-08-08 00:52:02] ===== 第 697 轮结束，sleep 120 =====
[2026-08-08 00:54:02] ===== 第 698 轮开始 =====
[2026-08-08 00:54:14] 后端结果: !!!!!!!!!!!!!!!!!!! Interrupted: 3 errors during collection !!!!!!!!!!!!!!!!!!!!;3 errors in 0.24s;
[2026-08-08 00:54:14] backend: 记录 2 个失败到 /workspace/.monkeycode/loop/backend_fail_20260808_005414.txt
[2026-08-08 00:54:19] 后端复验: !!!!!!!!!!!!!!!!!!! Interrupted: 3 errors during collection !!!!!!!!!!!!!!!!!!!!;3 errors in 0.26s;
[2026-08-08 00:54:19] 后端复验通过
[2026-08-08 00:55:30] 前端结果: [2m Test Files [22m [1m[32m32 passed[39m[22m[90m (32)[39m;[2m      Tests [22m [1m[32m144 passed[39m[22m[90m (144)[39m;
[2026-08-08 00:55:30] 前端全部通过
[2026-08-08 00:55:31] ===== 第 698 轮结束，sleep 120 =====
[2026-08-08 00:57:31] ===== 第 699 轮开始 =====
[2026-08-08 00:57:42] 后端结果: !!!!!!!!!!!!!!!!!!! Interrupted: 3 errors during collection !!!!!!!!!!!!!!!!!!!!;3 errors in 0.25s;
[2026-08-08 00:57:42] backend: 记录 2 个失败到 /workspace/.monkeycode/loop/backend_fail_20260808_005742.txt
[2026-08-08 00:57:47] 后端复验: !!!!!!!!!!!!!!!!!!! Interrupted: 3 errors during collection !!!!!!!!!!!!!!!!!!!!;3 errors in 0.24s;
[2026-08-08 00:57:47] 后端复验通过
[2026-08-08 00:58:40] 前端结果: [2m Test Files [22m [1m[32m32 passed[39m[22m[90m (32)[39m;[2m      Tests [22m [1m[32m144 passed[39m[22m[90m (144)[39m;
[2026-08-08 00:58:40] 前端全部通过
[2026-08-08 00:58:41] ===== 第 699 轮结束，sleep 120 =====
[2026-08-08 01:00:41] ===== 第 700 轮开始 =====
[2026-08-08 01:00:53] 后端结果: !!!!!!!!!!!!!!!!!!! Interrupted: 3 errors during collection !!!!!!!!!!!!!!!!!!!!;3 errors in 0.25s;
[2026-08-08 01:00:53] backend: 记录 2 个失败到 /workspace/.monkeycode/loop/backend_fail_20260808_010053.txt
[2026-08-08 01:00:59] 后端复验: !!!!!!!!!!!!!!!!!!! Interrupted: 3 errors during collection !!!!!!!!!!!!!!!!!!!!;3 errors in 0.28s;
[2026-08-08 01:00:59] 后端复验通过
[2026-08-08 01:01:42] 前端结果: [2m Test Files [22m [1m[32m32 passed[39m[22m[90m (32)[39m;[2m      Tests [22m [1m[32m144 passed[39m[22m[90m (144)[39m;
[2026-08-08 01:01:42] 前端全部通过
[2026-08-08 01:01:43] ===== 第 700 轮结束，sleep 120 =====
[2026-08-08 01:03:43] ===== 第 701 轮开始 =====
[2026-08-08 01:03:55] 后端结果: !!!!!!!!!!!!!!!!!!! Interrupted: 3 errors during collection !!!!!!!!!!!!!!!!!!!!;3 errors in 0.32s;
[2026-08-08 01:03:55] backend: 记录 2 个失败到 /workspace/.monkeycode/loop/backend_fail_20260808_010355.txt
[2026-08-08 01:04:01] 后端复验: !!!!!!!!!!!!!!!!!!! Interrupted: 3 errors during collection !!!!!!!!!!!!!!!!!!!!;3 errors in 0.26s;
[2026-08-08 01:04:01] 后端复验通过
[2026-08-08 01:05:13] 前端结果: [2m Test Files [22m [1m[32m32 passed[39m[22m[90m (32)[39m;[2m      Tests [22m [1m[32m144 passed[39m[22m[90m (144)[39m;
[2026-08-08 01:05:13] 前端全部通过
[2026-08-08 01:05:13] ===== 第 701 轮结束，sleep 120 =====
[2026-08-08 01:07:14] ===== 第 702 轮开始 =====
[2026-08-08 01:07:25] 后端结果: !!!!!!!!!!!!!!!!!!! Interrupted: 3 errors during collection !!!!!!!!!!!!!!!!!!!!;3 errors in 0.26s;
[2026-08-08 01:07:25] backend: 记录 2 个失败到 /workspace/.monkeycode/loop/backend_fail_20260808_010725.txt
[2026-08-08 01:07:31] 后端复验: !!!!!!!!!!!!!!!!!!! Interrupted: 3 errors during collection !!!!!!!!!!!!!!!!!!!!;3 errors in 0.27s;
[2026-08-08 01:07:31] 后端复验通过
[2026-08-08 01:08:08] 前端结果: [2m Test Files [22m [1m[32m32 passed[39m[22m[90m (32)[39m;[2m      Tests [22m [1m[32m144 passed[39m[22m[90m (144)[39m;
[2026-08-08 01:08:08] 前端全部通过
[2026-08-08 01:08:08] ===== 第 702 轮结束，sleep 120 =====
[2026-08-08 01:10:08] ===== 第 703 轮开始 =====
[2026-08-08 01:10:20] 后端结果: !!!!!!!!!!!!!!!!!!! Interrupted: 3 errors during collection !!!!!!!!!!!!!!!!!!!!;3 errors in 0.27s;
[2026-08-08 01:10:20] backend: 记录 2 个失败到 /workspace/.monkeycode/loop/backend_fail_20260808_011020.txt
[2026-08-08 01:10:25] 后端复验: !!!!!!!!!!!!!!!!!!! Interrupted: 3 errors during collection !!!!!!!!!!!!!!!!!!!!;3 errors in 0.24s;
[2026-08-08 01:10:25] 后端复验通过
[2026-08-08 01:11:19] 前端结果: [2m Test Files [22m [1m[32m32 passed[39m[22m[90m (32)[39m;[2m      Tests [22m [1m[32m144 passed[39m[22m[90m (144)[39m;
[2026-08-08 01:11:19] 前端全部通过
[2026-08-08 01:11:20] ===== 第 703 轮结束，sleep 120 =====
[2026-08-08 01:13:20] ===== 第 704 轮开始 =====
[2026-08-08 01:13:31] 后端结果: !!!!!!!!!!!!!!!!!!! Interrupted: 3 errors during collection !!!!!!!!!!!!!!!!!!!!;3 errors in 0.26s;
[2026-08-08 01:13:31] backend: 记录 2 个失败到 /workspace/.monkeycode/loop/backend_fail_20260808_011331.txt
[2026-08-08 01:13:36] 后端复验: !!!!!!!!!!!!!!!!!!! Interrupted: 3 errors during collection !!!!!!!!!!!!!!!!!!!!;3 errors in 0.31s;
[2026-08-08 01:13:36] 后端复验通过
[2026-08-08 01:14:30] 前端结果: [2m Test Files [22m [1m[32m32 passed[39m[22m[90m (32)[39m;[2m      Tests [22m [1m[32m144 passed[39m[22m[90m (144)[39m;
[2026-08-08 01:14:30] 前端全部通过
[2026-08-08 01:14:31] ===== 第 704 轮结束，sleep 120 =====
[2026-08-08 01:16:31] ===== 第 705 轮开始 =====
[2026-08-08 01:16:43] 后端结果: !!!!!!!!!!!!!!!!!!! Interrupted: 3 errors during collection !!!!!!!!!!!!!!!!!!!!;3 errors in 0.26s;
[2026-08-08 01:16:43] backend: 记录 2 个失败到 /workspace/.monkeycode/loop/backend_fail_20260808_011643.txt
[2026-08-08 01:16:46] 后端复验: !!!!!!!!!!!!!!!!!!! Interrupted: 3 errors during collection !!!!!!!!!!!!!!!!!!!!;3 errors in 0.25s;
[2026-08-08 01:16:46] 后端复验通过
[2026-08-08 01:17:31] 前端结果: [2m Test Files [22m [1m[32m32 passed[39m[22m[90m (32)[39m;[2m      Tests [22m [1m[32m144 passed[39m[22m[90m (144)[39m;
[2026-08-08 01:17:31] 前端全部通过
[2026-08-08 01:17:32] ===== 第 705 轮结束，sleep 120 =====
[2026-08-08 01:19:32] ===== 第 706 轮开始 =====
[2026-08-08 01:19:43] 后端结果: !!!!!!!!!!!!!!!!!!! Interrupted: 3 errors during collection !!!!!!!!!!!!!!!!!!!!;3 errors in 0.37s;
[2026-08-08 01:19:43] backend: 记录 2 个失败到 /workspace/.monkeycode/loop/backend_fail_20260808_011943.txt
[2026-08-08 01:19:50] 后端复验: !!!!!!!!!!!!!!!!!!! Interrupted: 3 errors during collection !!!!!!!!!!!!!!!!!!!!;3 errors in 0.29s;
[2026-08-08 01:19:50] 后端复验通过
[2026-08-08 01:20:42] 前端结果: [2m Test Files [22m [1m[32m32 passed[39m[22m[90m (32)[39m;[2m      Tests [22m [1m[32m144 passed[39m[22m[90m (144)[39m;
[2026-08-08 01:20:43] 前端全部通过
[2026-08-08 01:20:43] ===== 第 706 轮结束，sleep 120 =====
[2026-08-08 01:22:43] ===== 第 707 轮开始 =====
[2026-08-08 01:22:55] 后端结果: !!!!!!!!!!!!!!!!!!! Interrupted: 3 errors during collection !!!!!!!!!!!!!!!!!!!!;3 errors in 0.38s;
[2026-08-08 01:22:55] backend: 记录 2 个失败到 /workspace/.monkeycode/loop/backend_fail_20260808_012255.txt
[2026-08-08 01:22:59] 后端复验: !!!!!!!!!!!!!!!!!!! Interrupted: 3 errors during collection !!!!!!!!!!!!!!!!!!!!;3 errors in 0.26s;
[2026-08-08 01:22:59] 后端复验通过
[2026-08-08 01:23:42] 前端结果: [2m Test Files [22m [1m[32m32 passed[39m[22m[90m (32)[39m;[2m      Tests [22m [1m[32m144 passed[39m[22m[90m (144)[39m;
[2026-08-08 01:23:43] 前端全部通过
[2026-08-08 01:23:43] ===== 第 707 轮结束，sleep 120 =====
[2026-08-08 01:25:43] ===== 第 708 轮开始 =====
[2026-08-08 01:25:55] 后端结果: !!!!!!!!!!!!!!!!!!! Interrupted: 3 errors during collection !!!!!!!!!!!!!!!!!!!!;3 errors in 0.25s;
[2026-08-08 01:25:55] backend: 记录 2 个失败到 /workspace/.monkeycode/loop/backend_fail_20260808_012555.txt
[2026-08-08 01:25:58] 后端复验: !!!!!!!!!!!!!!!!!!! Interrupted: 3 errors during collection !!!!!!!!!!!!!!!!!!!!;3 errors in 0.25s;
[2026-08-08 01:25:58] 后端复验通过
[2026-08-08 01:26:45] 前端结果: [2m Test Files [22m [1m[32m32 passed[39m[22m[90m (32)[39m;[2m      Tests [22m [1m[32m144 passed[39m[22m[90m (144)[39m;
[2026-08-08 01:26:45] 前端全部通过
[2026-08-08 01:26:45] ===== 第 708 轮结束，sleep 120 =====
[2026-08-08 01:28:45] ===== 第 709 轮开始 =====
[2026-08-08 01:28:57] 后端结果: !!!!!!!!!!!!!!!!!!! Interrupted: 3 errors during collection !!!!!!!!!!!!!!!!!!!!;3 errors in 0.26s;
[2026-08-08 01:28:57] backend: 记录 2 个失败到 /workspace/.monkeycode/loop/backend_fail_20260808_012857.txt
[2026-08-08 01:29:02] 后端复验: !!!!!!!!!!!!!!!!!!! Interrupted: 3 errors during collection !!!!!!!!!!!!!!!!!!!!;3 errors in 0.24s;
[2026-08-08 01:29:02] 后端复验通过
[2026-08-08 01:29:49] 前端结果: [2m Test Files [22m [1m[32m32 passed[39m[22m[90m (32)[39m;[2m      Tests [22m [1m[32m144 passed[39m[22m[90m (144)[39m;
[2026-08-08 01:29:50] 前端全部通过
[2026-08-08 01:29:50] ===== 第 709 轮结束，sleep 120 =====
[2026-08-08 01:31:50] ===== 第 710 轮开始 =====
[2026-08-08 01:32:02] 后端结果: !!!!!!!!!!!!!!!!!!! Interrupted: 3 errors during collection !!!!!!!!!!!!!!!!!!!!;3 errors in 0.24s;
[2026-08-08 01:32:02] backend: 记录 2 个失败到 /workspace/.monkeycode/loop/backend_fail_20260808_013202.txt
[2026-08-08 01:32:08] 后端复验: !!!!!!!!!!!!!!!!!!! Interrupted: 3 errors during collection !!!!!!!!!!!!!!!!!!!!;3 errors in 0.38s;
[2026-08-08 01:32:08] 后端复验通过
[2026-08-08 01:33:15] 前端结果: [2m Test Files [22m [1m[32m32 passed[39m[22m[90m (32)[39m;[2m      Tests [22m [1m[32m144 passed[39m[22m[90m (144)[39m;
[2026-08-08 01:33:15] 前端全部通过
[2026-08-08 01:33:15] ===== 第 710 轮结束，sleep 120 =====
[2026-08-08 01:35:15] ===== 第 711 轮开始 =====
[2026-08-08 01:35:27] 后端结果: !!!!!!!!!!!!!!!!!!! Interrupted: 3 errors during collection !!!!!!!!!!!!!!!!!!!!;3 errors in 0.32s;
[2026-08-08 01:35:27] backend: 记录 2 个失败到 /workspace/.monkeycode/loop/backend_fail_20260808_013527.txt
[2026-08-08 01:35:33] 后端复验: !!!!!!!!!!!!!!!!!!! Interrupted: 3 errors during collection !!!!!!!!!!!!!!!!!!!!;3 errors in 0.27s;
[2026-08-08 01:35:33] 后端复验通过
[2026-08-08 01:36:14] 前端结果: [2m Test Files [22m [1m[32m32 passed[39m[22m[90m (32)[39m;[2m      Tests [22m [1m[32m144 passed[39m[22m[90m (144)[39m;
[2026-08-08 01:36:14] 前端全部通过
[2026-08-08 01:36:15] ===== 第 711 轮结束，sleep 120 =====
[2026-08-08 01:38:15] ===== 第 712 轮开始 =====
[2026-08-08 01:38:26] 后端结果: !!!!!!!!!!!!!!!!!!! Interrupted: 3 errors during collection !!!!!!!!!!!!!!!!!!!!;3 errors in 0.28s;
[2026-08-08 01:38:26] backend: 记录 2 个失败到 /workspace/.monkeycode/loop/backend_fail_20260808_013826.txt
[2026-08-08 01:38:32] 后端复验: !!!!!!!!!!!!!!!!!!! Interrupted: 3 errors during collection !!!!!!!!!!!!!!!!!!!!;3 errors in 0.27s;
[2026-08-08 01:38:32] 后端复验通过
[2026-08-08 01:39:13] 前端结果: [2m Test Files [22m [1m[32m32 passed[39m[22m[90m (32)[39m;[2m      Tests [22m [1m[32m144 passed[39m[22m[90m (144)[39m;
[2026-08-08 01:39:14] 前端全部通过
[2026-08-08 01:39:14] ===== 第 712 轮结束，sleep 120 =====
[2026-08-08 01:41:14] ===== 第 713 轮开始 =====
[2026-08-08 01:41:26] 后端结果: !!!!!!!!!!!!!!!!!!! Interrupted: 3 errors during collection !!!!!!!!!!!!!!!!!!!!;3 errors in 0.24s;
[2026-08-08 01:41:26] backend: 记录 2 个失败到 /workspace/.monkeycode/loop/backend_fail_20260808_014126.txt
[2026-08-08 01:41:31] 后端复验: !!!!!!!!!!!!!!!!!!! Interrupted: 3 errors during collection !!!!!!!!!!!!!!!!!!!!;3 errors in 0.26s;
[2026-08-08 01:41:31] 后端复验通过
[2026-08-08 01:42:26] 前端结果: [2m Test Files [22m [1m[32m32 passed[39m[22m[90m (32)[39m;[2m      Tests [22m [1m[32m144 passed[39m[22m[90m (144)[39m;
[2026-08-08 01:42:26] 前端全部通过
[2026-08-08 01:42:26] ===== 第 713 轮结束，sleep 120 =====
[2026-08-08 01:44:26] ===== 第 714 轮开始 =====
[2026-08-08 01:44:38] 后端结果: !!!!!!!!!!!!!!!!!!! Interrupted: 3 errors during collection !!!!!!!!!!!!!!!!!!!!;3 errors in 0.31s;
[2026-08-08 01:44:38] backend: 记录 2 个失败到 /workspace/.monkeycode/loop/backend_fail_20260808_014438.txt
[2026-08-08 01:44:43] 后端复验: !!!!!!!!!!!!!!!!!!! Interrupted: 3 errors during collection !!!!!!!!!!!!!!!!!!!!;3 errors in 0.35s;
[2026-08-08 01:44:43] 后端复验通过
[2026-08-08 01:45:21] 前端结果: [2m Test Files [22m [1m[32m32 passed[39m[22m[90m (32)[39m;[2m      Tests [22m [1m[32m144 passed[39m[22m[90m (144)[39m;
[2026-08-08 01:45:21] 前端全部通过
[2026-08-08 01:45:21] ===== 第 714 轮结束，sleep 120 =====
[2026-08-08 01:47:21] ===== 第 715 轮开始 =====
[2026-08-08 01:47:33] 后端结果: !!!!!!!!!!!!!!!!!!! Interrupted: 3 errors during collection !!!!!!!!!!!!!!!!!!!!;3 errors in 0.33s;
[2026-08-08 01:47:33] backend: 记录 2 个失败到 /workspace/.monkeycode/loop/backend_fail_20260808_014733.txt
[2026-08-08 01:47:40] 后端复验: !!!!!!!!!!!!!!!!!!! Interrupted: 3 errors during collection !!!!!!!!!!!!!!!!!!!!;3 errors in 0.27s;
[2026-08-08 01:47:40] 后端复验通过
[2026-08-08 01:48:20] 前端结果: [2m Test Files [22m [1m[32m32 passed[39m[22m[90m (32)[39m;[2m      Tests [22m [1m[32m144 passed[39m[22m[90m (144)[39m;
[2026-08-08 01:48:20] 前端全部通过
[2026-08-08 01:48:21] ===== 第 715 轮结束，sleep 120 =====
[2026-08-08 01:50:21] ===== 第 716 轮开始 =====
[2026-08-08 01:50:32] 后端结果: !!!!!!!!!!!!!!!!!!! Interrupted: 3 errors during collection !!!!!!!!!!!!!!!!!!!!;3 errors in 0.27s;
[2026-08-08 01:50:32] backend: 记录 2 个失败到 /workspace/.monkeycode/loop/backend_fail_20260808_015032.txt
[2026-08-08 01:50:35] 后端复验: !!!!!!!!!!!!!!!!!!! Interrupted: 3 errors during collection !!!!!!!!!!!!!!!!!!!!;3 errors in 0.25s;
[2026-08-08 01:50:35] 后端复验通过
[2026-08-08 01:51:20] 前端结果: [2m Test Files [22m [1m[32m32 passed[39m[22m[90m (32)[39m;[2m      Tests [22m [1m[32m144 passed[39m[22m[90m (144)[39m;
[2026-08-08 01:51:21] 前端全部通过
[2026-08-08 01:51:21] ===== 第 716 轮结束，sleep 120 =====
[2026-08-08 01:53:21] ===== 第 717 轮开始 =====
[2026-08-08 01:53:33] 后端结果: !!!!!!!!!!!!!!!!!!! Interrupted: 3 errors during collection !!!!!!!!!!!!!!!!!!!!;3 errors in 0.23s;
[2026-08-08 01:53:33] backend: 记录 2 个失败到 /workspace/.monkeycode/loop/backend_fail_20260808_015333.txt
[2026-08-08 01:53:38] 后端复验: !!!!!!!!!!!!!!!!!!! Interrupted: 3 errors during collection !!!!!!!!!!!!!!!!!!!!;3 errors in 0.27s;
[2026-08-08 01:53:38] 后端复验通过
[2026-08-08 01:54:29] 前端结果: [2m Test Files [22m [1m[32m32 passed[39m[22m[90m (32)[39m;[2m      Tests [22m [1m[32m144 passed[39m[22m[90m (144)[39m;
[2026-08-08 01:54:29] 前端全部通过
[2026-08-08 01:54:29] ===== 第 717 轮结束，sleep 120 =====
[2026-08-08 01:56:29] ===== 第 718 轮开始 =====
[2026-08-08 01:56:41] 后端结果: !!!!!!!!!!!!!!!!!!! Interrupted: 3 errors during collection !!!!!!!!!!!!!!!!!!!!;3 errors in 0.27s;
[2026-08-08 01:56:41] backend: 记录 2 个失败到 /workspace/.monkeycode/loop/backend_fail_20260808_015641.txt
[2026-08-08 01:56:46] 后端复验: !!!!!!!!!!!!!!!!!!! Interrupted: 3 errors during collection !!!!!!!!!!!!!!!!!!!!;3 errors in 0.27s;
[2026-08-08 01:56:46] 后端复验通过
[2026-08-08 01:57:47] 前端结果: [2m Test Files [22m [1m[32m32 passed[39m[22m[90m (32)[39m;[2m      Tests [22m [1m[32m144 passed[39m[22m[90m (144)[39m;
[2026-08-08 01:57:47] 前端全部通过
[2026-08-08 01:57:48] ===== 第 718 轮结束，sleep 120 =====
[2026-08-08 01:59:48] ===== 第 719 轮开始 =====
[2026-08-08 01:59:59] 后端结果: !!!!!!!!!!!!!!!!!!! Interrupted: 3 errors during collection !!!!!!!!!!!!!!!!!!!!;3 errors in 0.25s;
[2026-08-08 01:59:59] backend: 记录 2 个失败到 /workspace/.monkeycode/loop/backend_fail_20260808_015959.txt
[2026-08-08 02:00:05] 后端复验: !!!!!!!!!!!!!!!!!!! Interrupted: 3 errors during collection !!!!!!!!!!!!!!!!!!!!;3 errors in 0.24s;
[2026-08-08 02:00:05] 后端复验通过
[2026-08-08 02:01:12] 前端结果: [2m Test Files [22m [1m[32m32 passed[39m[22m[90m (32)[39m;[2m      Tests [22m [1m[32m144 passed[39m[22m[90m (144)[39m;
[2026-08-08 02:01:12] 前端全部通过
[2026-08-08 02:01:12] ===== 第 719 轮结束，sleep 120 =====
[2026-08-08 02:03:12] ===== 第 720 轮开始 =====
[2026-08-08 02:03:24] 后端结果: !!!!!!!!!!!!!!!!!!! Interrupted: 3 errors during collection !!!!!!!!!!!!!!!!!!!!;3 errors in 0.25s;
[2026-08-08 02:03:24] backend: 记录 2 个失败到 /workspace/.monkeycode/loop/backend_fail_20260808_020324.txt
[2026-08-08 02:03:28] 后端复验: !!!!!!!!!!!!!!!!!!! Interrupted: 3 errors during collection !!!!!!!!!!!!!!!!!!!!;3 errors in 0.31s;
[2026-08-08 02:03:28] 后端复验通过
[2026-08-08 02:04:21] 前端结果: [2m Test Files [22m [1m[32m32 passed[39m[22m[90m (32)[39m;[2m      Tests [22m [1m[32m144 passed[39m[22m[90m (144)[39m;
[2026-08-08 02:04:21] 前端全部通过
[2026-08-08 02:04:21] ===== 第 720 轮结束，sleep 120 =====
[2026-08-08 02:06:21] ===== 第 721 轮开始 =====
[2026-08-08 02:06:33] 后端结果: !!!!!!!!!!!!!!!!!!! Interrupted: 3 errors during collection !!!!!!!!!!!!!!!!!!!!;3 errors in 0.29s;
[2026-08-08 02:06:33] backend: 记录 2 个失败到 /workspace/.monkeycode/loop/backend_fail_20260808_020633.txt
[2026-08-08 02:06:37] 后端复验: !!!!!!!!!!!!!!!!!!! Interrupted: 3 errors during collection !!!!!!!!!!!!!!!!!!!!;3 errors in 0.26s;
[2026-08-08 02:06:37] 后端复验通过
[2026-08-08 02:07:28] 前端结果: [2m Test Files [22m [1m[32m32 passed[39m[22m[90m (32)[39m;[2m      Tests [22m [1m[32m144 passed[39m[22m[90m (144)[39m;
[2026-08-08 02:07:28] 前端全部通过
[2026-08-08 02:07:29] ===== 第 721 轮结束，sleep 120 =====
[2026-08-08 02:09:29] ===== 第 722 轮开始 =====
[2026-08-08 02:09:40] 后端结果: !!!!!!!!!!!!!!!!!!! Interrupted: 3 errors during collection !!!!!!!!!!!!!!!!!!!!;3 errors in 0.24s;
[2026-08-08 02:09:41] backend: 记录 2 个失败到 /workspace/.monkeycode/loop/backend_fail_20260808_020941.txt
[2026-08-08 02:09:46] 后端复验: !!!!!!!!!!!!!!!!!!! Interrupted: 3 errors during collection !!!!!!!!!!!!!!!!!!!!;3 errors in 0.28s;
[2026-08-08 02:09:46] 后端复验通过
[2026-08-08 02:10:29] 前端结果: [2m Test Files [22m [1m[32m32 passed[39m[22m[90m (32)[39m;[2m      Tests [22m [1m[32m144 passed[39m[22m[90m (144)[39m;
[2026-08-08 02:10:29] 前端全部通过
[2026-08-08 02:10:29] ===== 第 722 轮结束，sleep 120 =====
[2026-08-08 02:12:29] ===== 第 723 轮开始 =====
[2026-08-08 02:12:41] 后端结果: !!!!!!!!!!!!!!!!!!! Interrupted: 3 errors during collection !!!!!!!!!!!!!!!!!!!!;3 errors in 0.26s;
[2026-08-08 02:12:41] backend: 记录 2 个失败到 /workspace/.monkeycode/loop/backend_fail_20260808_021241.txt
[2026-08-08 02:12:47] 后端复验: !!!!!!!!!!!!!!!!!!! Interrupted: 3 errors during collection !!!!!!!!!!!!!!!!!!!!;3 errors in 0.25s;
[2026-08-08 02:12:47] 后端复验通过
[2026-08-08 02:13:30] 前端结果: [2m Test Files [22m [1m[32m32 passed[39m[22m[90m (32)[39m;[2m      Tests [22m [1m[32m144 passed[39m[22m[90m (144)[39m;
[2026-08-08 02:13:30] 前端全部通过
[2026-08-08 02:13:30] ===== 第 723 轮结束，sleep 120 =====
[2026-08-08 02:15:30] ===== 第 724 轮开始 =====
[2026-08-08 02:15:42] 后端结果: !!!!!!!!!!!!!!!!!!! Interrupted: 3 errors during collection !!!!!!!!!!!!!!!!!!!!;3 errors in 0.30s;
[2026-08-08 02:15:42] backend: 记录 2 个失败到 /workspace/.monkeycode/loop/backend_fail_20260808_021542.txt
[2026-08-08 02:15:46] 后端复验: !!!!!!!!!!!!!!!!!!! Interrupted: 3 errors during collection !!!!!!!!!!!!!!!!!!!!;3 errors in 0.26s;
[2026-08-08 02:15:46] 后端复验通过
[2026-08-08 02:16:39] 前端结果: [2m Test Files [22m [1m[32m32 passed[39m[22m[90m (32)[39m;[2m      Tests [22m [1m[32m144 passed[39m[22m[90m (144)[39m;
[2026-08-08 02:16:39] 前端全部通过
[2026-08-08 02:16:40] ===== 第 724 轮结束，sleep 120 =====
[2026-08-08 02:18:40] ===== 第 725 轮开始 =====
[2026-08-08 02:18:51] 后端结果: !!!!!!!!!!!!!!!!!!! Interrupted: 3 errors during collection !!!!!!!!!!!!!!!!!!!!;3 errors in 0.27s;
[2026-08-08 02:18:51] backend: 记录 2 个失败到 /workspace/.monkeycode/loop/backend_fail_20260808_021851.txt
[2026-08-08 02:18:58] 后端复验: !!!!!!!!!!!!!!!!!!! Interrupted: 3 errors during collection !!!!!!!!!!!!!!!!!!!!;3 errors in 0.24s;
[2026-08-08 02:18:58] 后端复验通过
[2026-08-08 02:19:42] 前端结果: [2m Test Files [22m [1m[32m32 passed[39m[22m[90m (32)[39m;[2m      Tests [22m [1m[32m144 passed[39m[22m[90m (144)[39m;
[2026-08-08 02:19:42] 前端全部通过
[2026-08-08 02:19:42] ===== 第 725 轮结束，sleep 120 =====
[2026-08-08 02:21:42] ===== 第 726 轮开始 =====
[2026-08-08 02:21:54] 后端结果: !!!!!!!!!!!!!!!!!!! Interrupted: 3 errors during collection !!!!!!!!!!!!!!!!!!!!;3 errors in 0.24s;
[2026-08-08 02:21:54] backend: 记录 2 个失败到 /workspace/.monkeycode/loop/backend_fail_20260808_022154.txt
[2026-08-08 02:21:59] 后端复验: !!!!!!!!!!!!!!!!!!! Interrupted: 3 errors during collection !!!!!!!!!!!!!!!!!!!!;3 errors in 0.27s;
[2026-08-08 02:21:59] 后端复验通过
[2026-08-08 02:22:43] 前端结果: [2m Test Files [22m [1m[32m32 passed[39m[22m[90m (32)[39m;[2m      Tests [22m [1m[32m144 passed[39m[22m[90m (144)[39m;
[2026-08-08 02:22:43] 前端全部通过
[2026-08-08 02:22:44] ===== 第 726 轮结束，sleep 120 =====
[2026-08-08 02:24:44] ===== 第 727 轮开始 =====
[2026-08-08 02:24:56] 后端结果: !!!!!!!!!!!!!!!!!!! Interrupted: 3 errors during collection !!!!!!!!!!!!!!!!!!!!;3 errors in 0.30s;
[2026-08-08 02:24:56] backend: 记录 2 个失败到 /workspace/.monkeycode/loop/backend_fail_20260808_022456.txt
[2026-08-08 02:25:02] 后端复验: !!!!!!!!!!!!!!!!!!! Interrupted: 3 errors during collection !!!!!!!!!!!!!!!!!!!!;3 errors in 0.26s;
[2026-08-08 02:25:02] 后端复验通过
[2026-08-08 02:25:55] 前端结果: [2m Test Files [22m [1m[32m32 passed[39m[22m[90m (32)[39m;[2m      Tests [22m [1m[32m144 passed[39m[22m[90m (144)[39m;
[2026-08-08 02:25:55] 前端全部通过
[2026-08-08 02:25:55] ===== 第 727 轮结束，sleep 120 =====
[2026-08-08 02:27:55] ===== 第 728 轮开始 =====
[2026-08-08 02:28:07] 后端结果: !!!!!!!!!!!!!!!!!!! Interrupted: 3 errors during collection !!!!!!!!!!!!!!!!!!!!;3 errors in 0.31s;
[2026-08-08 02:28:07] backend: 记录 2 个失败到 /workspace/.monkeycode/loop/backend_fail_20260808_022807.txt
[2026-08-08 02:28:12] 后端复验: !!!!!!!!!!!!!!!!!!! Interrupted: 3 errors during collection !!!!!!!!!!!!!!!!!!!!;3 errors in 0.29s;
[2026-08-08 02:28:12] 后端复验通过
[2026-08-08 02:28:52] 前端结果: [2m Test Files [22m [1m[32m32 passed[39m[22m[90m (32)[39m;[2m      Tests [22m [1m[32m144 passed[39m[22m[90m (144)[39m;
[2026-08-08 02:28:52] 前端全部通过
[2026-08-08 02:28:52] ===== 第 728 轮结束，sleep 120 =====
[2026-08-08 02:30:52] ===== 第 729 轮开始 =====
[2026-08-08 02:31:04] 后端结果: !!!!!!!!!!!!!!!!!!! Interrupted: 3 errors during collection !!!!!!!!!!!!!!!!!!!!;3 errors in 0.31s;
[2026-08-08 02:31:04] backend: 记录 2 个失败到 /workspace/.monkeycode/loop/backend_fail_20260808_023104.txt
[2026-08-08 02:31:10] 后端复验: !!!!!!!!!!!!!!!!!!! Interrupted: 3 errors during collection !!!!!!!!!!!!!!!!!!!!;3 errors in 0.31s;
[2026-08-08 02:31:10] 后端复验通过
[2026-08-08 02:31:54] 前端结果: [2m Test Files [22m [1m[32m32 passed[39m[22m[90m (32)[39m;[2m      Tests [22m [1m[32m144 passed[39m[22m[90m (144)[39m;
[2026-08-08 02:31:54] 前端全部通过
[2026-08-08 02:31:55] ===== 第 729 轮结束，sleep 120 =====
[2026-08-08 02:33:55] ===== 第 730 轮开始 =====
[2026-08-08 02:34:07] 后端结果: !!!!!!!!!!!!!!!!!!! Interrupted: 3 errors during collection !!!!!!!!!!!!!!!!!!!!;3 errors in 0.30s;
[2026-08-08 02:34:07] backend: 记录 2 个失败到 /workspace/.monkeycode/loop/backend_fail_20260808_023407.txt
[2026-08-08 02:34:11] 后端复验: !!!!!!!!!!!!!!!!!!! Interrupted: 3 errors during collection !!!!!!!!!!!!!!!!!!!!;3 errors in 0.29s;
[2026-08-08 02:34:11] 后端复验通过
[2026-08-08 02:35:05] 前端结果: [2m Test Files [22m [1m[32m32 passed[39m[22m[90m (32)[39m;[2m      Tests [22m [1m[32m144 passed[39m[22m[90m (144)[39m;
[2026-08-08 02:35:05] 前端全部通过
[2026-08-08 02:35:06] ===== 第 730 轮结束，sleep 120 =====
[2026-08-08 02:37:06] ===== 第 731 轮开始 =====
[2026-08-08 02:37:18] 后端结果: !!!!!!!!!!!!!!!!!!! Interrupted: 3 errors during collection !!!!!!!!!!!!!!!!!!!!;3 errors in 0.38s;
[2026-08-08 02:37:18] backend: 记录 2 个失败到 /workspace/.monkeycode/loop/backend_fail_20260808_023718.txt
[2026-08-08 02:37:24] 后端复验: !!!!!!!!!!!!!!!!!!! Interrupted: 3 errors during collection !!!!!!!!!!!!!!!!!!!!;3 errors in 0.30s;
[2026-08-08 02:37:24] 后端复验通过
[2026-08-08 02:38:22] 前端结果: [2m Test Files [22m [1m[32m32 passed[39m[22m[90m (32)[39m;[2m      Tests [22m [1m[32m144 passed[39m[22m[90m (144)[39m;
[2026-08-08 02:38:22] 前端全部通过
[2026-08-08 02:38:23] ===== 第 731 轮结束，sleep 120 =====
[2026-08-08 02:40:23] ===== 第 732 轮开始 =====
[2026-08-08 02:40:35] 后端结果: !!!!!!!!!!!!!!!!!!! Interrupted: 3 errors during collection !!!!!!!!!!!!!!!!!!!!;3 errors in 0.34s;
[2026-08-08 02:40:35] backend: 记录 2 个失败到 /workspace/.monkeycode/loop/backend_fail_20260808_024035.txt
[2026-08-08 02:40:40] 后端复验: !!!!!!!!!!!!!!!!!!! Interrupted: 3 errors during collection !!!!!!!!!!!!!!!!!!!!;3 errors in 0.28s;
[2026-08-08 02:40:40] 后端复验通过
[2026-08-08 02:41:53] 前端结果: [2m Test Files [22m [1m[32m32 passed[39m[22m[90m (32)[39m;[2m      Tests [22m [1m[32m144 passed[39m[22m[90m (144)[39m;
[2026-08-08 02:41:53] 前端全部通过
[2026-08-08 02:41:53] ===== 第 732 轮结束，sleep 120 =====
[2026-08-08 02:43:53] ===== 第 733 轮开始 =====
[2026-08-08 02:44:06] 后端结果: !!!!!!!!!!!!!!!!!!! Interrupted: 3 errors during collection !!!!!!!!!!!!!!!!!!!!;3 errors in 0.28s;
[2026-08-08 02:44:06] backend: 记录 2 个失败到 /workspace/.monkeycode/loop/backend_fail_20260808_024406.txt
[2026-08-08 02:44:11] 后端复验: !!!!!!!!!!!!!!!!!!! Interrupted: 3 errors during collection !!!!!!!!!!!!!!!!!!!!;3 errors in 0.32s;
[2026-08-08 02:44:11] 后端复验通过
[2026-08-08 02:44:49] 前端结果: [2m Test Files [22m [1m[32m32 passed[39m[22m[90m (32)[39m;[2m      Tests [22m [1m[32m144 passed[39m[22m[90m (144)[39m;
[2026-08-08 02:44:49] 前端全部通过
[2026-08-08 02:44:50] ===== 第 733 轮结束，sleep 120 =====
[2026-08-08 02:46:50] ===== 第 734 轮开始 =====
[2026-08-08 02:47:01] 后端结果: !!!!!!!!!!!!!!!!!!! Interrupted: 3 errors during collection !!!!!!!!!!!!!!!!!!!!;3 errors in 0.25s;
[2026-08-08 02:47:01] backend: 记录 2 个失败到 /workspace/.monkeycode/loop/backend_fail_20260808_024701.txt
[2026-08-08 02:47:07] 后端复验: !!!!!!!!!!!!!!!!!!! Interrupted: 3 errors during collection !!!!!!!!!!!!!!!!!!!!;3 errors in 0.32s;
[2026-08-08 02:47:07] 后端复验通过
[2026-08-08 02:47:49] 前端结果: [2m Test Files [22m [1m[32m32 passed[39m[22m[90m (32)[39m;[2m      Tests [22m [1m[32m144 passed[39m[22m[90m (144)[39m;
[2026-08-08 02:47:49] 前端全部通过
[2026-08-08 02:47:50] ===== 第 734 轮结束，sleep 120 =====
[2026-08-08 02:49:50] ===== 第 735 轮开始 =====
[2026-08-08 02:50:01] 后端结果: !!!!!!!!!!!!!!!!!!! Interrupted: 3 errors during collection !!!!!!!!!!!!!!!!!!!!;3 errors in 0.33s;
[2026-08-08 02:50:01] backend: 记录 2 个失败到 /workspace/.monkeycode/loop/backend_fail_20260808_025001.txt
[2026-08-08 02:50:05] 后端复验: !!!!!!!!!!!!!!!!!!! Interrupted: 3 errors during collection !!!!!!!!!!!!!!!!!!!!;3 errors in 0.26s;
[2026-08-08 02:50:05] 后端复验通过
[2026-08-08 02:50:59] 前端结果: [2m Test Files [22m [1m[32m32 passed[39m[22m[90m (32)[39m;[2m      Tests [22m [1m[32m144 passed[39m[22m[90m (144)[39m;
[2026-08-08 02:50:59] 前端全部通过
[2026-08-08 02:51:00] ===== 第 735 轮结束，sleep 120 =====
[2026-08-08 02:53:00] ===== 第 736 轮开始 =====
[2026-08-08 02:53:11] 后端结果: !!!!!!!!!!!!!!!!!!! Interrupted: 3 errors during collection !!!!!!!!!!!!!!!!!!!!;3 errors in 0.24s;
[2026-08-08 02:53:11] backend: 记录 2 个失败到 /workspace/.monkeycode/loop/backend_fail_20260808_025311.txt
[2026-08-08 02:53:17] 后端复验: !!!!!!!!!!!!!!!!!!! Interrupted: 3 errors during collection !!!!!!!!!!!!!!!!!!!!;3 errors in 0.45s;
[2026-08-08 02:53:17] 后端复验通过
[2026-08-08 02:54:06] 前端结果: [2m Test Files [22m [1m[32m32 passed[39m[22m[90m (32)[39m;[2m      Tests [22m [1m[32m144 passed[39m[22m[90m (144)[39m;
[2026-08-08 02:54:06] 前端全部通过
[2026-08-08 02:54:07] ===== 第 736 轮结束，sleep 120 =====
[2026-08-08 02:56:07] ===== 第 737 轮开始 =====
[2026-08-08 02:56:19] 后端结果: !!!!!!!!!!!!!!!!!!! Interrupted: 3 errors during collection !!!!!!!!!!!!!!!!!!!!;3 errors in 0.26s;
[2026-08-08 02:56:19] backend: 记录 2 个失败到 /workspace/.monkeycode/loop/backend_fail_20260808_025619.txt
[2026-08-08 02:56:24] 后端复验: !!!!!!!!!!!!!!!!!!! Interrupted: 3 errors during collection !!!!!!!!!!!!!!!!!!!!;3 errors in 0.25s;
[2026-08-08 02:56:24] 后端复验通过
[2026-08-08 02:57:22] 前端结果: [2m Test Files [22m [1m[32m32 passed[39m[22m[90m (32)[39m;[2m      Tests [22m [1m[32m144 passed[39m[22m[90m (144)[39m;
[2026-08-08 02:57:23] 前端全部通过
[2026-08-08 02:57:23] ===== 第 737 轮结束，sleep 120 =====
[2026-08-08 02:59:23] ===== 第 738 轮开始 =====
[2026-08-08 02:59:35] 后端结果: !!!!!!!!!!!!!!!!!!! Interrupted: 3 errors during collection !!!!!!!!!!!!!!!!!!!!;3 errors in 0.39s;
[2026-08-08 02:59:35] backend: 记录 2 个失败到 /workspace/.monkeycode/loop/backend_fail_20260808_025935.txt
[2026-08-08 02:59:40] 后端复验: !!!!!!!!!!!!!!!!!!! Interrupted: 3 errors during collection !!!!!!!!!!!!!!!!!!!!;3 errors in 0.25s;
[2026-08-08 02:59:40] 后端复验通过
[2026-08-08 03:00:25] 前端结果: [2m Test Files [22m [1m[32m32 passed[39m[22m[90m (32)[39m;[2m      Tests [22m [1m[32m144 passed[39m[22m[90m (144)[39m;
[2026-08-08 03:00:25] 前端全部通过
[2026-08-08 03:00:26] ===== 第 738 轮结束，sleep 120 =====
[2026-08-08 03:02:26] ===== 第 739 轮开始 =====
[2026-08-08 03:02:38] 后端结果: !!!!!!!!!!!!!!!!!!! Interrupted: 3 errors during collection !!!!!!!!!!!!!!!!!!!!;3 errors in 0.39s;
[2026-08-08 03:02:38] backend: 记录 2 个失败到 /workspace/.monkeycode/loop/backend_fail_20260808_030238.txt
[2026-08-08 03:02:44] 后端复验: !!!!!!!!!!!!!!!!!!! Interrupted: 3 errors during collection !!!!!!!!!!!!!!!!!!!!;3 errors in 0.25s;
[2026-08-08 03:02:44] 后端复验通过
[2026-08-08 03:03:30] 前端结果: [2m Test Files [22m [1m[32m32 passed[39m[22m[90m (32)[39m;[2m      Tests [22m [1m[32m144 passed[39m[22m[90m (144)[39m;
[2026-08-08 03:03:30] 前端全部通过
[2026-08-08 03:03:31] ===== 第 739 轮结束，sleep 120 =====
[2026-08-08 03:05:31] ===== 第 740 轮开始 =====
[2026-08-08 03:05:43] 后端结果: !!!!!!!!!!!!!!!!!!! Interrupted: 3 errors during collection !!!!!!!!!!!!!!!!!!!!;3 errors in 0.31s;
[2026-08-08 03:05:43] backend: 记录 2 个失败到 /workspace/.monkeycode/loop/backend_fail_20260808_030543.txt
[2026-08-08 03:05:48] 后端复验: !!!!!!!!!!!!!!!!!!! Interrupted: 3 errors during collection !!!!!!!!!!!!!!!!!!!!;3 errors in 0.27s;
[2026-08-08 03:05:48] 后端复验通过
[2026-08-08 03:07:03] 前端结果: [2m Test Files [22m [1m[32m32 passed[39m[22m[90m (32)[39m;[2m      Tests [22m [1m[32m144 passed[39m[22m[90m (144)[39m;
[2026-08-08 03:07:03] 前端全部通过
[2026-08-08 03:07:03] ===== 第 740 轮结束，sleep 120 =====
[2026-08-08 03:09:03] ===== 第 741 轮开始 =====
[2026-08-08 03:09:15] 后端结果: !!!!!!!!!!!!!!!!!!! Interrupted: 3 errors during collection !!!!!!!!!!!!!!!!!!!!;3 errors in 0.25s;
[2026-08-08 03:09:15] backend: 记录 2 个失败到 /workspace/.monkeycode/loop/backend_fail_20260808_030915.txt
[2026-08-08 03:09:20] 后端复验: !!!!!!!!!!!!!!!!!!! Interrupted: 3 errors during collection !!!!!!!!!!!!!!!!!!!!;3 errors in 0.32s;
[2026-08-08 03:09:20] 后端复验通过
[2026-08-08 03:10:05] 前端结果: [2m Test Files [22m [1m[32m32 passed[39m[22m[90m (32)[39m;[2m      Tests [22m [1m[32m144 passed[39m[22m[90m (144)[39m;
[2026-08-08 03:10:05] 前端全部通过
[2026-08-08 03:10:06] ===== 第 741 轮结束，sleep 120 =====
[2026-08-08 03:12:06] ===== 第 742 轮开始 =====
[2026-08-08 03:12:18] 后端结果: !!!!!!!!!!!!!!!!!!! Interrupted: 3 errors during collection !!!!!!!!!!!!!!!!!!!!;3 errors in 0.24s;
[2026-08-08 03:12:18] backend: 记录 2 个失败到 /workspace/.monkeycode/loop/backend_fail_20260808_031218.txt
[2026-08-08 03:12:26] 后端复验: !!!!!!!!!!!!!!!!!!! Interrupted: 3 errors during collection !!!!!!!!!!!!!!!!!!!!;3 errors in 0.26s;
[2026-08-08 03:12:26] 后端复验通过
[2026-08-08 03:13:12] 前端结果: [2m Test Files [22m [1m[32m32 passed[39m[22m[90m (32)[39m;[2m      Tests [22m [1m[32m144 passed[39m[22m[90m (144)[39m;
[2026-08-08 03:13:12] 前端全部通过
[2026-08-08 03:13:12] ===== 第 742 轮结束，sleep 120 =====
[2026-08-08 03:15:12] ===== 第 743 轮开始 =====
[2026-08-08 03:15:24] 后端结果: !!!!!!!!!!!!!!!!!!! Interrupted: 3 errors during collection !!!!!!!!!!!!!!!!!!!!;3 errors in 0.25s;
[2026-08-08 03:15:24] backend: 记录 2 个失败到 /workspace/.monkeycode/loop/backend_fail_20260808_031524.txt
[2026-08-08 03:15:29] 后端复验: !!!!!!!!!!!!!!!!!!! Interrupted: 3 errors during collection !!!!!!!!!!!!!!!!!!!!;3 errors in 0.26s;
[2026-08-08 03:15:29] 后端复验通过
[2026-08-08 03:16:40] 前端结果: [2m Test Files [22m [1m[32m32 passed[39m[22m[90m (32)[39m;[2m      Tests [22m [1m[32m144 passed[39m[22m[90m (144)[39m;
[2026-08-08 03:16:40] 前端全部通过
[2026-08-08 03:16:41] ===== 第 743 轮结束，sleep 120 =====
[2026-08-08 03:18:41] ===== 第 744 轮开始 =====
[2026-08-08 03:18:52] 后端结果: !!!!!!!!!!!!!!!!!!! Interrupted: 3 errors during collection !!!!!!!!!!!!!!!!!!!!;3 errors in 0.25s;
[2026-08-08 03:18:52] backend: 记录 2 个失败到 /workspace/.monkeycode/loop/backend_fail_20260808_031852.txt
[2026-08-08 03:18:57] 后端复验: !!!!!!!!!!!!!!!!!!! Interrupted: 3 errors during collection !!!!!!!!!!!!!!!!!!!!;3 errors in 0.29s;
[2026-08-08 03:18:57] 后端复验通过
[2026-08-08 03:19:40] 前端结果: [2m Test Files [22m [1m[32m32 passed[39m[22m[90m (32)[39m;[2m      Tests [22m [1m[32m144 passed[39m[22m[90m (144)[39m;
[2026-08-08 03:19:40] 前端全部通过
[2026-08-08 03:19:40] ===== 第 744 轮结束，sleep 120 =====
[2026-08-08 03:21:40] ===== 第 745 轮开始 =====
[2026-08-08 03:21:52] 后端结果: !!!!!!!!!!!!!!!!!!! Interrupted: 3 errors during collection !!!!!!!!!!!!!!!!!!!!;3 errors in 0.28s;
[2026-08-08 03:21:52] backend: 记录 2 个失败到 /workspace/.monkeycode/loop/backend_fail_20260808_032152.txt
[2026-08-08 03:21:55] 后端复验: !!!!!!!!!!!!!!!!!!! Interrupted: 3 errors during collection !!!!!!!!!!!!!!!!!!!!;3 errors in 0.27s;
[2026-08-08 03:21:55] 后端复验通过
[2026-08-08 03:22:29] 前端结果: [2m Test Files [22m [1m[32m32 passed[39m[22m[90m (32)[39m;[2m      Tests [22m [1m[32m144 passed[39m[22m[90m (144)[39m;
[2026-08-08 03:22:30] 前端全部通过
[2026-08-08 03:22:30] ===== 第 745 轮结束，sleep 120 =====
[2026-08-08 03:24:30] ===== 第 746 轮开始 =====
[2026-08-08 03:24:42] 后端结果: !!!!!!!!!!!!!!!!!!! Interrupted: 3 errors during collection !!!!!!!!!!!!!!!!!!!!;3 errors in 0.38s;
[2026-08-08 03:24:42] backend: 记录 2 个失败到 /workspace/.monkeycode/loop/backend_fail_20260808_032442.txt
[2026-08-08 03:24:47] 后端复验: !!!!!!!!!!!!!!!!!!! Interrupted: 3 errors during collection !!!!!!!!!!!!!!!!!!!!;3 errors in 0.31s;
[2026-08-08 03:24:47] 后端复验通过
[2026-08-08 03:25:30] 前端结果: [2m Test Files [22m [1m[32m32 passed[39m[22m[90m (32)[39m;[2m      Tests [22m [1m[32m144 passed[39m[22m[90m (144)[39m;
[2026-08-08 03:25:30] 前端全部通过
[2026-08-08 03:25:31] ===== 第 746 轮结束，sleep 120 =====
[2026-08-08 03:27:31] ===== 第 747 轮开始 =====
[2026-08-08 03:27:42] 后端结果: !!!!!!!!!!!!!!!!!!! Interrupted: 3 errors during collection !!!!!!!!!!!!!!!!!!!!;3 errors in 0.27s;
[2026-08-08 03:27:43] backend: 记录 2 个失败到 /workspace/.monkeycode/loop/backend_fail_20260808_032743.txt
[2026-08-08 03:27:46] 后端复验: !!!!!!!!!!!!!!!!!!! Interrupted: 3 errors during collection !!!!!!!!!!!!!!!!!!!!;3 errors in 0.24s;
[2026-08-08 03:27:46] 后端复验通过
[2026-08-08 03:29:08] 前端结果: [31m⎯⎯⎯⎯⎯⎯⎯[39m[1m[41m Failed Tests 1 [49m[22m[31m⎯⎯⎯⎯⎯⎯⎯[39m;[2m Test Files [22m [1m[31m1 failed[39m[22m[2m | [22m[1m[32m31 passed[39m[22m[90m (32)[39m;[2m      Tests [22m [1m[31m1 failed[39m[22m[2m | [22m[1m[32m143 passed[39m[22m[90m (144)[39m;
[2026-08-08 03:29:08] 前端全部通过
[2026-08-08 03:29:09] ===== 第 747 轮结束，sleep 120 =====
[2026-08-08 03:31:09] ===== 第 748 轮开始 =====
[2026-08-08 03:31:20] 后端结果: !!!!!!!!!!!!!!!!!!! Interrupted: 3 errors during collection !!!!!!!!!!!!!!!!!!!!;3 errors in 0.32s;
[2026-08-08 03:31:20] backend: 记录 2 个失败到 /workspace/.monkeycode/loop/backend_fail_20260808_033120.txt
[2026-08-08 03:31:25] 后端复验: !!!!!!!!!!!!!!!!!!! Interrupted: 3 errors during collection !!!!!!!!!!!!!!!!!!!!;3 errors in 0.26s;
[2026-08-08 03:31:25] 后端复验通过
[2026-08-08 03:32:31] 前端结果: [2m Test Files [22m [1m[32m32 passed[39m[22m[90m (32)[39m;[2m      Tests [22m [1m[32m144 passed[39m[22m[90m (144)[39m;
[2026-08-08 03:32:31] 前端全部通过
[2026-08-08 03:32:31] ===== 第 748 轮结束，sleep 120 =====
[2026-08-08 03:34:31] ===== 第 749 轮开始 =====
[2026-08-08 03:34:43] 后端结果: !!!!!!!!!!!!!!!!!!! Interrupted: 3 errors during collection !!!!!!!!!!!!!!!!!!!!;3 errors in 0.29s;
[2026-08-08 03:34:43] backend: 记录 2 个失败到 /workspace/.monkeycode/loop/backend_fail_20260808_033443.txt
[2026-08-08 03:34:49] 后端复验: !!!!!!!!!!!!!!!!!!! Interrupted: 3 errors during collection !!!!!!!!!!!!!!!!!!!!;3 errors in 0.39s;
[2026-08-08 03:34:49] 后端复验通过
[2026-08-08 03:36:06] 前端结果: [2m Test Files [22m [1m[32m32 passed[39m[22m[90m (32)[39m;[2m      Tests [22m [1m[32m144 passed[39m[22m[90m (144)[39m;
[2026-08-08 03:36:06] 前端全部通过
[2026-08-08 03:36:07] ===== 第 749 轮结束，sleep 120 =====
[2026-08-08 03:38:07] ===== 第 750 轮开始 =====
[2026-08-08 03:38:19] 后端结果: !!!!!!!!!!!!!!!!!!! Interrupted: 3 errors during collection !!!!!!!!!!!!!!!!!!!!;3 errors in 0.28s;
[2026-08-08 03:38:19] backend: 记录 2 个失败到 /workspace/.monkeycode/loop/backend_fail_20260808_033819.txt
[2026-08-08 03:38:24] 后端复验: !!!!!!!!!!!!!!!!!!! Interrupted: 3 errors during collection !!!!!!!!!!!!!!!!!!!!;3 errors in 0.30s;
[2026-08-08 03:38:24] 后端复验通过
[2026-08-08 03:39:13] 前端结果: [2m Test Files [22m [1m[32m32 passed[39m[22m[90m (32)[39m;[2m      Tests [22m [1m[32m144 passed[39m[22m[90m (144)[39m;
[2026-08-08 03:39:13] 前端全部通过
[2026-08-08 03:39:13] ===== 第 750 轮结束，sleep 120 =====
[2026-08-08 03:41:13] ===== 第 751 轮开始 =====
[2026-08-08 03:41:25] 后端结果: !!!!!!!!!!!!!!!!!!! Interrupted: 3 errors during collection !!!!!!!!!!!!!!!!!!!!;3 errors in 0.41s;
[2026-08-08 03:41:25] backend: 记录 2 个失败到 /workspace/.monkeycode/loop/backend_fail_20260808_034125.txt
[2026-08-08 03:41:31] 后端复验: !!!!!!!!!!!!!!!!!!! Interrupted: 3 errors during collection !!!!!!!!!!!!!!!!!!!!;3 errors in 0.31s;
[2026-08-08 03:41:31] 后端复验通过
[2026-08-08 03:42:23] 前端结果: [2m Test Files [22m [1m[32m32 passed[39m[22m[90m (32)[39m;[2m      Tests [22m [1m[32m144 passed[39m[22m[90m (144)[39m;
[2026-08-08 03:42:24] 前端全部通过
[2026-08-08 03:42:24] ===== 第 751 轮结束，sleep 120 =====
[2026-08-08 03:44:24] ===== 第 752 轮开始 =====
[2026-08-08 03:44:36] 后端结果: !!!!!!!!!!!!!!!!!!! Interrupted: 3 errors during collection !!!!!!!!!!!!!!!!!!!!;3 errors in 0.43s;
[2026-08-08 03:44:36] backend: 记录 2 个失败到 /workspace/.monkeycode/loop/backend_fail_20260808_034436.txt
[2026-08-08 03:44:42] 后端复验: !!!!!!!!!!!!!!!!!!! Interrupted: 3 errors during collection !!!!!!!!!!!!!!!!!!!!;3 errors in 0.32s;
[2026-08-08 03:44:42] 后端复验通过
[2026-08-08 03:45:29] 前端结果: [31m⎯⎯⎯⎯⎯⎯⎯[39m[1m[41m Failed Tests 1 [49m[22m[31m⎯⎯⎯⎯⎯⎯⎯[39m;[2m Test Files [22m [1m[31m1 failed[39m[22m[2m | [22m[1m[32m31 passed[39m[22m[90m (32)[39m;[2m      Tests [22m [1m[31m1 failed[39m[22m[2m | [22m[1m[32m143 passed[39m[22m[90m (144)[39m;
[2026-08-08 03:45:29] 前端全部通过
[2026-08-08 03:45:29] ===== 第 752 轮结束，sleep 120 =====
[2026-08-08 03:47:29] ===== 第 753 轮开始 =====
[2026-08-08 03:47:42] 后端结果: !!!!!!!!!!!!!!!!!!! Interrupted: 3 errors during collection !!!!!!!!!!!!!!!!!!!!;3 errors in 0.41s;
[2026-08-08 03:47:42] backend: 记录 2 个失败到 /workspace/.monkeycode/loop/backend_fail_20260808_034742.txt
[2026-08-08 03:47:47] 后端复验: !!!!!!!!!!!!!!!!!!! Interrupted: 3 errors during collection !!!!!!!!!!!!!!!!!!!!;3 errors in 0.34s;
[2026-08-08 03:47:47] 后端复验通过
[2026-08-08 03:48:45] 前端结果: [2m Test Files [22m [1m[32m32 passed[39m[22m[90m (32)[39m;[2m      Tests [22m [1m[32m144 passed[39m[22m[90m (144)[39m;
[2026-08-08 03:48:45] 前端全部通过
[2026-08-08 03:48:46] ===== 第 753 轮结束，sleep 120 =====
[2026-08-08 03:50:46] ===== 第 754 轮开始 =====
[2026-08-08 03:50:57] 后端结果: !!!!!!!!!!!!!!!!!!! Interrupted: 3 errors during collection !!!!!!!!!!!!!!!!!!!!;3 errors in 0.28s;
[2026-08-08 03:50:58] backend: 记录 2 个失败到 /workspace/.monkeycode/loop/backend_fail_20260808_035058.txt
[2026-08-08 03:51:03] 后端复验: !!!!!!!!!!!!!!!!!!! Interrupted: 3 errors during collection !!!!!!!!!!!!!!!!!!!!;3 errors in 0.38s;
[2026-08-08 03:51:03] 后端复验通过
[2026-08-08 03:51:54] 前端结果: [2m Test Files [22m [1m[32m32 passed[39m[22m[90m (32)[39m;[2m      Tests [22m [1m[32m144 passed[39m[22m[90m (144)[39m;
[2026-08-08 03:51:54] 前端全部通过
[2026-08-08 03:51:54] ===== 第 754 轮结束，sleep 120 =====
[2026-08-08 03:53:54] ===== 第 755 轮开始 =====
[2026-08-08 03:54:06] 后端结果: !!!!!!!!!!!!!!!!!!! Interrupted: 3 errors during collection !!!!!!!!!!!!!!!!!!!!;3 errors in 0.26s;
[2026-08-08 03:54:06] backend: 记录 2 个失败到 /workspace/.monkeycode/loop/backend_fail_20260808_035406.txt
[2026-08-08 03:54:11] 后端复验: !!!!!!!!!!!!!!!!!!! Interrupted: 3 errors during collection !!!!!!!!!!!!!!!!!!!!;3 errors in 0.27s;
[2026-08-08 03:54:11] 后端复验通过
[2026-08-08 03:54:59] 前端结果: [2m Test Files [22m [1m[32m32 passed[39m[22m[90m (32)[39m;[2m      Tests [22m [1m[32m144 passed[39m[22m[90m (144)[39m;
[2026-08-08 03:54:59] 前端全部通过
[2026-08-08 03:55:00] ===== 第 755 轮结束，sleep 120 =====
[2026-08-08 03:57:00] ===== 第 756 轮开始 =====
[2026-08-08 03:57:12] 后端结果: !!!!!!!!!!!!!!!!!!! Interrupted: 3 errors during collection !!!!!!!!!!!!!!!!!!!!;3 errors in 0.26s;
[2026-08-08 03:57:12] backend: 记录 2 个失败到 /workspace/.monkeycode/loop/backend_fail_20260808_035712.txt
[2026-08-08 03:57:15] 后端复验: !!!!!!!!!!!!!!!!!!! Interrupted: 3 errors during collection !!!!!!!!!!!!!!!!!!!!;3 errors in 0.27s;
[2026-08-08 03:57:15] 后端复验通过
[2026-08-08 03:58:04] 前端结果: [2m Test Files [22m [1m[32m32 passed[39m[22m[90m (32)[39m;[2m      Tests [22m [1m[32m144 passed[39m[22m[90m (144)[39m;
[2026-08-08 03:58:04] 前端全部通过
[2026-08-08 03:58:04] ===== 第 756 轮结束，sleep 120 =====
[2026-08-08 04:00:04] ===== 第 757 轮开始 =====
[2026-08-08 04:00:16] 后端结果: !!!!!!!!!!!!!!!!!!! Interrupted: 3 errors during collection !!!!!!!!!!!!!!!!!!!!;3 errors in 0.38s;
[2026-08-08 04:00:16] backend: 记录 2 个失败到 /workspace/.monkeycode/loop/backend_fail_20260808_040016.txt
[2026-08-08 04:00:22] 后端复验: !!!!!!!!!!!!!!!!!!! Interrupted: 3 errors during collection !!!!!!!!!!!!!!!!!!!!;3 errors in 0.30s;
[2026-08-08 04:00:22] 后端复验通过
[2026-08-08 04:01:18] 前端结果: [2m Test Files [22m [1m[32m32 passed[39m[22m[90m (32)[39m;[2m      Tests [22m [1m[32m144 passed[39m[22m[90m (144)[39m;
[2026-08-08 04:01:18] 前端全部通过
[2026-08-08 04:01:19] ===== 第 757 轮结束，sleep 120 =====
[2026-08-08 04:03:19] ===== 第 758 轮开始 =====
[2026-08-08 04:03:30] 后端结果: !!!!!!!!!!!!!!!!!!! Interrupted: 3 errors during collection !!!!!!!!!!!!!!!!!!!!;3 errors in 0.27s;
[2026-08-08 04:03:30] backend: 记录 2 个失败到 /workspace/.monkeycode/loop/backend_fail_20260808_040330.txt
[2026-08-08 04:03:35] 后端复验: !!!!!!!!!!!!!!!!!!! Interrupted: 3 errors during collection !!!!!!!!!!!!!!!!!!!!;3 errors in 0.28s;
[2026-08-08 04:03:35] 后端复验通过
[2026-08-08 04:04:28] 前端结果: [2m Test Files [22m [1m[32m32 passed[39m[22m[90m (32)[39m;[2m      Tests [22m [1m[32m144 passed[39m[22m[90m (144)[39m;
[2026-08-08 04:04:28] 前端全部通过
[2026-08-08 04:04:29] ===== 第 758 轮结束，sleep 120 =====
[2026-08-08 04:06:29] ===== 第 759 轮开始 =====
[2026-08-08 04:06:41] 后端结果: !!!!!!!!!!!!!!!!!!! Interrupted: 3 errors during collection !!!!!!!!!!!!!!!!!!!!;3 errors in 0.39s;
[2026-08-08 04:06:41] backend: 记录 2 个失败到 /workspace/.monkeycode/loop/backend_fail_20260808_040641.txt
[2026-08-08 04:06:47] 后端复验: !!!!!!!!!!!!!!!!!!! Interrupted: 3 errors during collection !!!!!!!!!!!!!!!!!!!!;3 errors in 0.27s;
[2026-08-08 04:06:47] 后端复验通过
[2026-08-08 04:07:38] 前端结果: [2m Test Files [22m [1m[32m32 passed[39m[22m[90m (32)[39m;[2m      Tests [22m [1m[32m144 passed[39m[22m[90m (144)[39m;
[2026-08-08 04:07:38] 前端全部通过
[2026-08-08 04:07:39] ===== 第 759 轮结束，sleep 120 =====
[2026-08-08 04:09:39] ===== 第 760 轮开始 =====
[2026-08-08 04:09:50] 后端结果: !!!!!!!!!!!!!!!!!!! Interrupted: 3 errors during collection !!!!!!!!!!!!!!!!!!!!;3 errors in 0.33s;
[2026-08-08 04:09:50] backend: 记录 2 个失败到 /workspace/.monkeycode/loop/backend_fail_20260808_040950.txt
[2026-08-08 04:09:56] 后端复验: !!!!!!!!!!!!!!!!!!! Interrupted: 3 errors during collection !!!!!!!!!!!!!!!!!!!!;3 errors in 0.25s;
[2026-08-08 04:09:56] 后端复验通过
[2026-08-08 04:10:43] 前端结果: [2m Test Files [22m [1m[32m32 passed[39m[22m[90m (32)[39m;[2m      Tests [22m [1m[32m144 passed[39m[22m[90m (144)[39m;
[2026-08-08 04:10:43] 前端全部通过
[2026-08-08 04:10:44] ===== 第 760 轮结束，sleep 120 =====
[2026-08-08 04:12:44] ===== 第 761 轮开始 =====
[2026-08-08 04:12:56] 后端结果: !!!!!!!!!!!!!!!!!!! Interrupted: 3 errors during collection !!!!!!!!!!!!!!!!!!!!;3 errors in 0.29s;
[2026-08-08 04:12:56] backend: 记录 2 个失败到 /workspace/.monkeycode/loop/backend_fail_20260808_041256.txt
[2026-08-08 04:13:01] 后端复验: !!!!!!!!!!!!!!!!!!! Interrupted: 3 errors during collection !!!!!!!!!!!!!!!!!!!!;3 errors in 0.26s;
[2026-08-08 04:13:01] 后端复验通过
[2026-08-08 04:13:50] 前端结果: [2m Test Files [22m [1m[32m32 passed[39m[22m[90m (32)[39m;[2m      Tests [22m [1m[32m144 passed[39m[22m[90m (144)[39m;
[2026-08-08 04:13:50] 前端全部通过
[2026-08-08 04:13:50] ===== 第 761 轮结束，sleep 120 =====
[2026-08-08 04:15:51] ===== 第 762 轮开始 =====
[2026-08-08 04:16:02] 后端结果: !!!!!!!!!!!!!!!!!!! Interrupted: 3 errors during collection !!!!!!!!!!!!!!!!!!!!;3 errors in 0.25s;
[2026-08-08 04:16:02] backend: 记录 2 个失败到 /workspace/.monkeycode/loop/backend_fail_20260808_041602.txt
[2026-08-08 04:16:05] 后端复验: !!!!!!!!!!!!!!!!!!! Interrupted: 3 errors during collection !!!!!!!!!!!!!!!!!!!!;3 errors in 0.26s;
[2026-08-08 04:16:05] 后端复验通过
[2026-08-08 04:16:51] 前端结果: [2m Test Files [22m [1m[32m32 passed[39m[22m[90m (32)[39m;[2m      Tests [22m [1m[32m144 passed[39m[22m[90m (144)[39m;
[2026-08-08 04:16:51] 前端全部通过
[2026-08-08 04:16:52] ===== 第 762 轮结束，sleep 120 =====
[2026-08-08 04:18:52] ===== 第 763 轮开始 =====
[2026-08-08 04:19:04] 后端结果: !!!!!!!!!!!!!!!!!!! Interrupted: 3 errors during collection !!!!!!!!!!!!!!!!!!!!;3 errors in 0.46s;
[2026-08-08 04:19:04] backend: 记录 2 个失败到 /workspace/.monkeycode/loop/backend_fail_20260808_041904.txt
[2026-08-08 04:19:09] 后端复验: !!!!!!!!!!!!!!!!!!! Interrupted: 3 errors during collection !!!!!!!!!!!!!!!!!!!!;3 errors in 0.28s;
[2026-08-08 04:19:09] 后端复验通过
[2026-08-08 04:19:52] 前端结果: [2m Test Files [22m [1m[32m32 passed[39m[22m[90m (32)[39m;[2m      Tests [22m [1m[32m144 passed[39m[22m[90m (144)[39m;
[2026-08-08 04:19:52] 前端全部通过
[2026-08-08 04:19:52] ===== 第 763 轮结束，sleep 120 =====
[2026-08-08 04:21:52] ===== 第 764 轮开始 =====
[2026-08-08 04:22:04] 后端结果: !!!!!!!!!!!!!!!!!!! Interrupted: 3 errors during collection !!!!!!!!!!!!!!!!!!!!;3 errors in 0.27s;
[2026-08-08 04:22:04] backend: 记录 2 个失败到 /workspace/.monkeycode/loop/backend_fail_20260808_042204.txt
[2026-08-08 04:22:09] 后端复验: !!!!!!!!!!!!!!!!!!! Interrupted: 3 errors during collection !!!!!!!!!!!!!!!!!!!!;3 errors in 0.25s;
[2026-08-08 04:22:09] 后端复验通过
[2026-08-08 04:23:20] 前端结果: [2m Test Files [22m [1m[32m32 passed[39m[22m[90m (32)[39m;[2m      Tests [22m [1m[32m144 passed[39m[22m[90m (144)[39m;
[2026-08-08 04:23:20] 前端全部通过
[2026-08-08 04:23:20] ===== 第 764 轮结束，sleep 120 =====
[2026-08-08 04:25:20] ===== 第 765 轮开始 =====
[2026-08-08 04:25:32] 后端结果: !!!!!!!!!!!!!!!!!!! Interrupted: 3 errors during collection !!!!!!!!!!!!!!!!!!!!;3 errors in 0.33s;
[2026-08-08 04:25:32] backend: 记录 2 个失败到 /workspace/.monkeycode/loop/backend_fail_20260808_042532.txt
[2026-08-08 04:25:37] 后端复验: !!!!!!!!!!!!!!!!!!! Interrupted: 3 errors during collection !!!!!!!!!!!!!!!!!!!!;3 errors in 0.23s;
[2026-08-08 04:25:37] 后端复验通过
[2026-08-08 04:26:51] 前端结果: [2m Test Files [22m [1m[32m32 passed[39m[22m[90m (32)[39m;[2m      Tests [22m [1m[32m144 passed[39m[22m[90m (144)[39m;
[2026-08-08 04:26:51] 前端全部通过
[2026-08-08 04:26:52] ===== 第 765 轮结束，sleep 120 =====
[2026-08-08 04:28:52] ===== 第 766 轮开始 =====
[2026-08-08 04:29:04] 后端结果: !!!!!!!!!!!!!!!!!!! Interrupted: 3 errors during collection !!!!!!!!!!!!!!!!!!!!;3 errors in 0.26s;
[2026-08-08 04:29:04] backend: 记录 2 个失败到 /workspace/.monkeycode/loop/backend_fail_20260808_042904.txt
[2026-08-08 04:29:06] 后端复验: !!!!!!!!!!!!!!!!!!! Interrupted: 3 errors during collection !!!!!!!!!!!!!!!!!!!!;3 errors in 0.25s;
[2026-08-08 04:29:06] 后端复验通过
[2026-08-08 04:29:46] 前端结果: [2m Test Files [22m [1m[32m32 passed[39m[22m[90m (32)[39m;[2m      Tests [22m [1m[32m144 passed[39m[22m[90m (144)[39m;
[2026-08-08 04:29:47] 前端全部通过
[2026-08-08 04:29:47] ===== 第 766 轮结束，sleep 120 =====
[2026-08-08 04:31:47] ===== 第 767 轮开始 =====
[2026-08-08 04:31:59] 后端结果: !!!!!!!!!!!!!!!!!!! Interrupted: 3 errors during collection !!!!!!!!!!!!!!!!!!!!;3 errors in 0.28s;
[2026-08-08 04:31:59] backend: 记录 2 个失败到 /workspace/.monkeycode/loop/backend_fail_20260808_043159.txt
[2026-08-08 04:32:03] 后端复验: !!!!!!!!!!!!!!!!!!! Interrupted: 3 errors during collection !!!!!!!!!!!!!!!!!!!!;3 errors in 0.30s;
[2026-08-08 04:32:03] 后端复验通过
[2026-08-08 04:32:53] 前端结果: [2m Test Files [22m [1m[32m32 passed[39m[22m[90m (32)[39m;[2m      Tests [22m [1m[32m144 passed[39m[22m[90m (144)[39m;
[2026-08-08 04:32:53] 前端全部通过
[2026-08-08 04:32:53] ===== 第 767 轮结束，sleep 120 =====
[2026-08-08 04:34:53] ===== 第 768 轮开始 =====
[2026-08-08 04:35:05] 后端结果: !!!!!!!!!!!!!!!!!!! Interrupted: 3 errors during collection !!!!!!!!!!!!!!!!!!!!;3 errors in 0.25s;
[2026-08-08 04:35:05] backend: 记录 2 个失败到 /workspace/.monkeycode/loop/backend_fail_20260808_043505.txt
[2026-08-08 04:35:11] 后端复验: !!!!!!!!!!!!!!!!!!! Interrupted: 3 errors during collection !!!!!!!!!!!!!!!!!!!!;3 errors in 0.25s;
[2026-08-08 04:35:11] 后端复验通过
[2026-08-08 04:36:21] 前端结果: [31m⎯⎯⎯⎯⎯⎯⎯[39m[1m[41m Failed Tests 1 [49m[22m[31m⎯⎯⎯⎯⎯⎯⎯[39m;[2m Test Files [22m [1m[31m1 failed[39m[22m[2m | [22m[1m[32m31 passed[39m[22m[90m (32)[39m;[2m      Tests [22m [1m[31m1 failed[39m[22m[2m | [22m[1m[32m143 passed[39m[22m[90m (144)[39m;
[2026-08-08 04:36:21] 前端全部通过
[2026-08-08 04:36:22] ===== 第 768 轮结束，sleep 120 =====
[2026-08-08 04:38:22] ===== 第 769 轮开始 =====
[2026-08-08 04:38:34] 后端结果: !!!!!!!!!!!!!!!!!!! Interrupted: 3 errors during collection !!!!!!!!!!!!!!!!!!!!;3 errors in 0.26s;
[2026-08-08 04:38:34] backend: 记录 2 个失败到 /workspace/.monkeycode/loop/backend_fail_20260808_043834.txt
[2026-08-08 04:38:40] 后端复验: !!!!!!!!!!!!!!!!!!! Interrupted: 3 errors during collection !!!!!!!!!!!!!!!!!!!!;3 errors in 0.27s;
[2026-08-08 04:38:40] 后端复验通过
[2026-08-08 04:39:20] 前端结果: [2m Test Files [22m [1m[32m32 passed[39m[22m[90m (32)[39m;[2m      Tests [22m [1m[32m144 passed[39m[22m[90m (144)[39m;
[2026-08-08 04:39:20] 前端全部通过
[2026-08-08 04:39:21] ===== 第 769 轮结束，sleep 120 =====
[2026-08-08 04:41:21] ===== 第 770 轮开始 =====
[2026-08-08 04:41:32] 后端结果: !!!!!!!!!!!!!!!!!!! Interrupted: 3 errors during collection !!!!!!!!!!!!!!!!!!!!;3 errors in 0.25s;
[2026-08-08 04:41:32] backend: 记录 2 个失败到 /workspace/.monkeycode/loop/backend_fail_20260808_044132.txt
[2026-08-08 04:41:39] 后端复验: !!!!!!!!!!!!!!!!!!! Interrupted: 3 errors during collection !!!!!!!!!!!!!!!!!!!!;3 errors in 0.31s;
[2026-08-08 04:41:39] 后端复验通过
[2026-08-08 04:42:21] 前端结果: [2m Test Files [22m [1m[32m32 passed[39m[22m[90m (32)[39m;[2m      Tests [22m [1m[32m144 passed[39m[22m[90m (144)[39m;
[2026-08-08 04:42:21] 前端全部通过
[2026-08-08 04:42:22] ===== 第 770 轮结束，sleep 120 =====
[2026-08-08 04:44:22] ===== 第 771 轮开始 =====
[2026-08-08 04:44:34] 后端结果: !!!!!!!!!!!!!!!!!!! Interrupted: 3 errors during collection !!!!!!!!!!!!!!!!!!!!;3 errors in 0.30s;
[2026-08-08 04:44:34] backend: 记录 2 个失败到 /workspace/.monkeycode/loop/backend_fail_20260808_044434.txt
[2026-08-08 04:44:38] 后端复验: !!!!!!!!!!!!!!!!!!! Interrupted: 3 errors during collection !!!!!!!!!!!!!!!!!!!!;3 errors in 0.32s;
[2026-08-08 04:44:38] 后端复验通过
[2026-08-08 04:45:31] 前端结果: [2m Test Files [22m [1m[32m32 passed[39m[22m[90m (32)[39m;[2m      Tests [22m [1m[32m144 passed[39m[22m[90m (144)[39m;
[2026-08-08 04:45:31] 前端全部通过
[2026-08-08 04:45:31] ===== 第 771 轮结束，sleep 120 =====
[2026-08-08 04:47:31] ===== 第 772 轮开始 =====
[2026-08-08 04:47:44] 后端结果: !!!!!!!!!!!!!!!!!!! Interrupted: 3 errors during collection !!!!!!!!!!!!!!!!!!!!;3 errors in 0.29s;
[2026-08-08 04:47:44] backend: 记录 2 个失败到 /workspace/.monkeycode/loop/backend_fail_20260808_044744.txt
[2026-08-08 04:47:49] 后端复验: !!!!!!!!!!!!!!!!!!! Interrupted: 3 errors during collection !!!!!!!!!!!!!!!!!!!!;3 errors in 0.28s;
[2026-08-08 04:47:49] 后端复验通过
[2026-08-08 04:48:43] 前端结果: [2m Test Files [22m [1m[32m32 passed[39m[22m[90m (32)[39m;[2m      Tests [22m [1m[32m144 passed[39m[22m[90m (144)[39m;
[2026-08-08 04:48:43] 前端全部通过
[2026-08-08 04:48:43] ===== 第 772 轮结束，sleep 120 =====
[2026-08-08 04:50:43] ===== 第 773 轮开始 =====
[2026-08-08 04:50:55] 后端结果: !!!!!!!!!!!!!!!!!!! Interrupted: 3 errors during collection !!!!!!!!!!!!!!!!!!!!;3 errors in 0.39s;
[2026-08-08 04:50:55] backend: 记录 2 个失败到 /workspace/.monkeycode/loop/backend_fail_20260808_045055.txt
[2026-08-08 04:51:01] 后端复验: !!!!!!!!!!!!!!!!!!! Interrupted: 3 errors during collection !!!!!!!!!!!!!!!!!!!!;3 errors in 0.34s;
[2026-08-08 04:51:01] 后端复验通过
[2026-08-08 04:51:55] 前端结果: [2m Test Files [22m [1m[32m32 passed[39m[22m[90m (32)[39m;[2m      Tests [22m [1m[32m144 passed[39m[22m[90m (144)[39m;
[2026-08-08 04:51:55] 前端全部通过
[2026-08-08 04:51:55] ===== 第 773 轮结束，sleep 120 =====
[2026-08-08 04:53:55] ===== 第 774 轮开始 =====
[2026-08-08 04:54:07] 后端结果: !!!!!!!!!!!!!!!!!!! Interrupted: 3 errors during collection !!!!!!!!!!!!!!!!!!!!;3 errors in 0.34s;
[2026-08-08 04:54:07] backend: 记录 2 个失败到 /workspace/.monkeycode/loop/backend_fail_20260808_045407.txt
[2026-08-08 04:54:12] 后端复验: !!!!!!!!!!!!!!!!!!! Interrupted: 3 errors during collection !!!!!!!!!!!!!!!!!!!!;3 errors in 0.28s;
[2026-08-08 04:54:12] 后端复验通过
[2026-08-08 04:54:51] 前端结果: [2m Test Files [22m [1m[32m32 passed[39m[22m[90m (32)[39m;[2m      Tests [22m [1m[32m144 passed[39m[22m[90m (144)[39m;
[2026-08-08 04:54:51] 前端全部通过
[2026-08-08 04:54:52] ===== 第 774 轮结束，sleep 120 =====
[2026-08-08 04:56:52] ===== 第 775 轮开始 =====
[2026-08-08 04:57:03] 后端结果: !!!!!!!!!!!!!!!!!!! Interrupted: 3 errors during collection !!!!!!!!!!!!!!!!!!!!;3 errors in 0.26s;
[2026-08-08 04:57:03] backend: 记录 2 个失败到 /workspace/.monkeycode/loop/backend_fail_20260808_045703.txt
[2026-08-08 04:57:09] 后端复验: !!!!!!!!!!!!!!!!!!! Interrupted: 3 errors during collection !!!!!!!!!!!!!!!!!!!!;3 errors in 0.35s;
[2026-08-08 04:57:09] 后端复验通过
[2026-08-08 04:57:56] 前端结果: [31m⎯⎯⎯⎯⎯⎯⎯[39m[1m[41m Failed Tests 1 [49m[22m[31m⎯⎯⎯⎯⎯⎯⎯[39m;[2m Test Files [22m [1m[31m1 failed[39m[22m[2m | [22m[1m[32m31 passed[39m[22m[90m (32)[39m;[2m      Tests [22m [1m[31m1 failed[39m[22m[2m | [22m[1m[32m143 passed[39m[22m[90m (144)[39m;
[2026-08-08 04:57:56] 前端全部通过
[2026-08-08 04:57:56] ===== 第 775 轮结束，sleep 120 =====
[2026-08-08 04:59:56] ===== 第 776 轮开始 =====
[2026-08-08 05:00:08] 后端结果: !!!!!!!!!!!!!!!!!!! Interrupted: 3 errors during collection !!!!!!!!!!!!!!!!!!!!;3 errors in 0.30s;
[2026-08-08 05:00:08] backend: 记录 2 个失败到 /workspace/.monkeycode/loop/backend_fail_20260808_050008.txt
[2026-08-08 05:00:14] 后端复验: !!!!!!!!!!!!!!!!!!! Interrupted: 3 errors during collection !!!!!!!!!!!!!!!!!!!!;3 errors in 0.29s;
[2026-08-08 05:00:14] 后端复验通过
[2026-08-08 05:01:04] 前端结果: [2m Test Files [22m [1m[32m32 passed[39m[22m[90m (32)[39m;[2m      Tests [22m [1m[32m144 passed[39m[22m[90m (144)[39m;
[2026-08-08 05:01:04] 前端全部通过
[2026-08-08 05:01:05] ===== 第 776 轮结束，sleep 120 =====
[2026-08-08 05:03:05] ===== 第 777 轮开始 =====
[2026-08-08 05:03:17] 后端结果: !!!!!!!!!!!!!!!!!!! Interrupted: 3 errors during collection !!!!!!!!!!!!!!!!!!!!;3 errors in 0.28s;
[2026-08-08 05:03:17] backend: 记录 2 个失败到 /workspace/.monkeycode/loop/backend_fail_20260808_050317.txt
[2026-08-08 05:03:22] 后端复验: !!!!!!!!!!!!!!!!!!! Interrupted: 3 errors during collection !!!!!!!!!!!!!!!!!!!!;3 errors in 0.29s;
[2026-08-08 05:03:22] 后端复验通过
[2026-08-08 05:03:55] 前端结果: [2m Test Files [22m [1m[32m32 passed[39m[22m[90m (32)[39m;[2m      Tests [22m [1m[32m144 passed[39m[22m[90m (144)[39m;
[2026-08-08 05:03:55] 前端全部通过
[2026-08-08 05:03:56] ===== 第 777 轮结束，sleep 120 =====
[2026-08-08 05:05:56] ===== 第 778 轮开始 =====
[2026-08-08 05:06:08] 后端结果: !!!!!!!!!!!!!!!!!!! Interrupted: 3 errors during collection !!!!!!!!!!!!!!!!!!!!;3 errors in 0.29s;
[2026-08-08 05:06:08] backend: 记录 2 个失败到 /workspace/.monkeycode/loop/backend_fail_20260808_050608.txt
[2026-08-08 05:06:13] 后端复验: !!!!!!!!!!!!!!!!!!! Interrupted: 3 errors during collection !!!!!!!!!!!!!!!!!!!!;3 errors in 0.29s;
[2026-08-08 05:06:13] 后端复验通过
[2026-08-08 05:07:08] 前端结果: [2m Test Files [22m [1m[32m32 passed[39m[22m[90m (32)[39m;[2m      Tests [22m [1m[32m144 passed[39m[22m[90m (144)[39m;
[2026-08-08 05:07:08] 前端全部通过
[2026-08-08 05:07:08] ===== 第 778 轮结束，sleep 120 =====
[2026-08-08 05:09:08] ===== 第 779 轮开始 =====
[2026-08-08 05:09:20] 后端结果: !!!!!!!!!!!!!!!!!!! Interrupted: 3 errors during collection !!!!!!!!!!!!!!!!!!!!;3 errors in 0.27s;
[2026-08-08 05:09:20] backend: 记录 2 个失败到 /workspace/.monkeycode/loop/backend_fail_20260808_050920.txt
[2026-08-08 05:09:26] 后端复验: !!!!!!!!!!!!!!!!!!! Interrupted: 3 errors during collection !!!!!!!!!!!!!!!!!!!!;3 errors in 0.36s;
[2026-08-08 05:09:26] 后端复验通过
[2026-08-08 05:10:12] 前端结果: [2m Test Files [22m [1m[32m32 passed[39m[22m[90m (32)[39m;[2m      Tests [22m [1m[32m144 passed[39m[22m[90m (144)[39m;
[2026-08-08 05:10:12] 前端全部通过
[2026-08-08 05:10:12] ===== 第 779 轮结束，sleep 120 =====
[2026-08-08 05:12:12] ===== 第 780 轮开始 =====
[2026-08-08 05:12:24] 后端结果: !!!!!!!!!!!!!!!!!!! Interrupted: 3 errors during collection !!!!!!!!!!!!!!!!!!!!;3 errors in 0.33s;
[2026-08-08 05:12:24] backend: 记录 2 个失败到 /workspace/.monkeycode/loop/backend_fail_20260808_051224.txt
[2026-08-08 05:12:30] 后端复验: !!!!!!!!!!!!!!!!!!! Interrupted: 3 errors during collection !!!!!!!!!!!!!!!!!!!!;3 errors in 0.28s;
[2026-08-08 05:12:30] 后端复验通过
[2026-08-08 05:13:10] 前端结果: [2m Test Files [22m [1m[32m32 passed[39m[22m[90m (32)[39m;[2m      Tests [22m [1m[32m144 passed[39m[22m[90m (144)[39m;
[2026-08-08 05:13:11] 前端全部通过
[2026-08-08 05:13:11] ===== 第 780 轮结束，sleep 120 =====
[2026-08-08 05:15:11] ===== 第 781 轮开始 =====
[2026-08-08 05:15:23] 后端结果: !!!!!!!!!!!!!!!!!!! Interrupted: 3 errors during collection !!!!!!!!!!!!!!!!!!!!;3 errors in 0.30s;
[2026-08-08 05:15:23] backend: 记录 2 个失败到 /workspace/.monkeycode/loop/backend_fail_20260808_051523.txt
[2026-08-08 05:15:29] 后端复验: !!!!!!!!!!!!!!!!!!! Interrupted: 3 errors during collection !!!!!!!!!!!!!!!!!!!!;3 errors in 0.30s;
[2026-08-08 05:15:29] 后端复验通过
[2026-08-08 05:16:09] 前端结果: [2m Test Files [22m [1m[32m32 passed[39m[22m[90m (32)[39m;[2m      Tests [22m [1m[32m144 passed[39m[22m[90m (144)[39m;
[2026-08-08 05:16:09] 前端全部通过
[2026-08-08 05:16:10] ===== 第 781 轮结束，sleep 120 =====
[2026-08-08 05:18:10] ===== 第 782 轮开始 =====
[2026-08-08 05:18:22] 后端结果: !!!!!!!!!!!!!!!!!!! Interrupted: 3 errors during collection !!!!!!!!!!!!!!!!!!!!;3 errors in 0.28s;
[2026-08-08 05:18:22] backend: 记录 2 个失败到 /workspace/.monkeycode/loop/backend_fail_20260808_051822.txt
[2026-08-08 05:18:26] 后端复验: !!!!!!!!!!!!!!!!!!! Interrupted: 3 errors during collection !!!!!!!!!!!!!!!!!!!!;3 errors in 0.33s;
[2026-08-08 05:18:26] 后端复验通过
[2026-08-08 05:19:21] 前端结果: [2m Test Files [22m [1m[32m32 passed[39m[22m[90m (32)[39m;[2m      Tests [22m [1m[32m144 passed[39m[22m[90m (144)[39m;
[2026-08-08 05:19:21] 前端全部通过
[2026-08-08 05:19:21] ===== 第 782 轮结束，sleep 120 =====
[2026-08-08 05:21:21] ===== 第 783 轮开始 =====
[2026-08-08 05:21:34] 后端结果: !!!!!!!!!!!!!!!!!!! Interrupted: 3 errors during collection !!!!!!!!!!!!!!!!!!!!;3 errors in 0.45s;
[2026-08-08 05:21:34] backend: 记录 2 个失败到 /workspace/.monkeycode/loop/backend_fail_20260808_052134.txt
[2026-08-08 05:21:39] 后端复验: !!!!!!!!!!!!!!!!!!! Interrupted: 3 errors during collection !!!!!!!!!!!!!!!!!!!!;3 errors in 0.32s;
[2026-08-08 05:21:39] 后端复验通过
[2026-08-08 05:22:32] 前端结果: [2m Test Files [22m [1m[32m32 passed[39m[22m[90m (32)[39m;[2m      Tests [22m [1m[32m144 passed[39m[22m[90m (144)[39m;
[2026-08-08 05:22:32] 前端全部通过
[2026-08-08 05:22:32] ===== 第 783 轮结束，sleep 120 =====
[2026-08-08 05:24:32] ===== 第 784 轮开始 =====
[2026-08-08 05:24:44] 后端结果: !!!!!!!!!!!!!!!!!!! Interrupted: 3 errors during collection !!!!!!!!!!!!!!!!!!!!;3 errors in 0.36s;
[2026-08-08 05:24:44] backend: 记录 2 个失败到 /workspace/.monkeycode/loop/backend_fail_20260808_052444.txt
[2026-08-08 05:24:51] 后端复验: !!!!!!!!!!!!!!!!!!! Interrupted: 3 errors during collection !!!!!!!!!!!!!!!!!!!!;3 errors in 0.26s;
[2026-08-08 05:24:51] 后端复验通过
[2026-08-08 05:25:41] 前端结果: [2m Test Files [22m [1m[32m32 passed[39m[22m[90m (32)[39m;[2m      Tests [22m [1m[32m144 passed[39m[22m[90m (144)[39m;
[2026-08-08 05:25:42] 前端全部通过
[2026-08-08 05:25:42] ===== 第 784 轮结束，sleep 120 =====
[2026-08-08 05:27:42] ===== 第 785 轮开始 =====
[2026-08-08 05:27:58] 后端结果: !!!!!!!!!!!!!!!!!!! Interrupted: 3 errors during collection !!!!!!!!!!!!!!!!!!!!;3 errors in 0.99s;
[2026-08-08 05:27:59] backend: 记录 2 个失败到 /workspace/.monkeycode/loop/backend_fail_20260808_052759.txt
[2026-08-08 05:28:20] 后端复验: !!!!!!!!!!!!!!!!!!! Interrupted: 3 errors during collection !!!!!!!!!!!!!!!!!!!!;3 errors in 0.75s;
[2026-08-08 05:28:20] 后端复验通过
[2026-08-08 05:29:36] 前端结果: [2m Test Files [22m [1m[32m32 passed[39m[22m[90m (32)[39m;[2m      Tests [22m [1m[32m144 passed[39m[22m[90m (144)[39m;
[2026-08-08 05:29:36] 前端全部通过
[2026-08-08 05:29:37] ===== 第 785 轮结束，sleep 120 =====
[2026-08-08 05:31:37] ===== 第 786 轮开始 =====
[2026-08-08 05:32:10] 后端结果: !!!!!!!!!!!!!!!!!!! Interrupted: 3 errors during collection !!!!!!!!!!!!!!!!!!!!;3 errors in 1.04s;
[2026-08-08 05:32:10] backend: 记录 2 个失败到 /workspace/.monkeycode/loop/backend_fail_20260808_053210.txt
[2026-08-08 05:32:13] 后端复验: !!!!!!!!!!!!!!!!!!! Interrupted: 3 errors during collection !!!!!!!!!!!!!!!!!!!!;3 errors in 0.26s;
[2026-08-08 05:32:13] 后端复验通过
[2026-08-08 05:33:31] 前端结果: [2m Test Files [22m [1m[32m32 passed[39m[22m[90m (32)[39m;[2m      Tests [22m [1m[32m144 passed[39m[22m[90m (144)[39m;
[2026-08-08 05:33:32] 前端全部通过
[2026-08-08 05:33:33] ===== 第 786 轮结束，sleep 120 =====
[2026-08-08 05:35:33] ===== 第 787 轮开始 =====
[2026-08-08 05:35:47] 后端结果: !!!!!!!!!!!!!!!!!!! Interrupted: 3 errors during collection !!!!!!!!!!!!!!!!!!!!;3 errors in 0.33s;
[2026-08-08 05:35:47] backend: 记录 2 个失败到 /workspace/.monkeycode/loop/backend_fail_20260808_053547.txt
[2026-08-08 05:35:53] 后端复验: !!!!!!!!!!!!!!!!!!! Interrupted: 3 errors during collection !!!!!!!!!!!!!!!!!!!!;3 errors in 0.27s;
[2026-08-08 05:35:53] 后端复验通过
[2026-08-08 05:36:30] 前端结果: [2m Test Files [22m [1m[32m32 passed[39m[22m[90m (32)[39m;[2m      Tests [22m [1m[32m144 passed[39m[22m[90m (144)[39m;
[2026-08-08 05:36:30] 前端全部通过
[2026-08-08 05:36:31] ===== 第 787 轮结束，sleep 120 =====
[2026-08-08 05:38:31] ===== 第 788 轮开始 =====
[2026-08-08 05:39:08] 后端结果: !!!!!!!!!!!!!!!!!!! Interrupted: 3 errors during collection !!!!!!!!!!!!!!!!!!!!;3 errors in 1.40s;
[2026-08-08 05:39:08] backend: 记录 2 个失败到 /workspace/.monkeycode/loop/backend_fail_20260808_053908.txt
[2026-08-08 05:39:35] 后端复验: !!!!!!!!!!!!!!!!!!! Interrupted: 3 errors during collection !!!!!!!!!!!!!!!!!!!!;3 errors in 0.53s;
[2026-08-08 05:39:35] 后端复验通过
[2026-08-08 05:41:23] 前端结果: [2m Test Files [22m [1m[32m32 passed[39m[22m[90m (32)[39m;[2m      Tests [22m [1m[32m144 passed[39m[22m[90m (144)[39m;
[2026-08-08 05:41:23] 前端全部通过
[2026-08-08 05:41:23] ===== 第 788 轮结束，sleep 120 =====
[2026-08-08 05:43:23] ===== 第 789 轮开始 =====
[2026-08-08 05:43:39] 后端结果: !!!!!!!!!!!!!!!!!!! Interrupted: 3 errors during collection !!!!!!!!!!!!!!!!!!!!;3 errors in 0.34s;
[2026-08-08 05:43:39] backend: 记录 2 个失败到 /workspace/.monkeycode/loop/backend_fail_20260808_054339.txt
[2026-08-08 05:43:47] 后端复验: !!!!!!!!!!!!!!!!!!! Interrupted: 3 errors during collection !!!!!!!!!!!!!!!!!!!!;3 errors in 0.33s;
[2026-08-08 05:43:47] 后端复验通过
[2026-08-08 05:45:06] 前端结果: [2m Test Files [22m [1m[32m32 passed[39m[22m[90m (32)[39m;[2m      Tests [22m [1m[32m144 passed[39m[22m[90m (144)[39m;
[2026-08-08 05:45:06] 前端全部通过
[2026-08-08 05:45:07] ===== 第 789 轮结束，sleep 120 =====
[2026-08-08 05:47:07] ===== 第 790 轮开始 =====
[2026-08-08 05:47:20] 后端结果: !!!!!!!!!!!!!!!!!!! Interrupted: 3 errors during collection !!!!!!!!!!!!!!!!!!!!;3 errors in 0.40s;
[2026-08-08 05:47:20] backend: 记录 2 个失败到 /workspace/.monkeycode/loop/backend_fail_20260808_054720.txt
[2026-08-08 05:47:25] 后端复验: !!!!!!!!!!!!!!!!!!! Interrupted: 3 errors during collection !!!!!!!!!!!!!!!!!!!!;3 errors in 0.37s;
[2026-08-08 05:47:25] 后端复验通过
[2026-08-08 05:48:14] 前端结果: [2m Test Files [22m [1m[32m32 passed[39m[22m[90m (32)[39m;[2m      Tests [22m [1m[32m144 passed[39m[22m[90m (144)[39m;
[2026-08-08 05:48:14] 前端全部通过
[2026-08-08 05:48:15] ===== 第 790 轮结束，sleep 120 =====
[2026-08-08 05:50:15] ===== 第 791 轮开始 =====
[2026-08-08 05:50:26] 后端结果: !!!!!!!!!!!!!!!!!!! Interrupted: 3 errors during collection !!!!!!!!!!!!!!!!!!!!;3 errors in 0.39s;
[2026-08-08 05:50:26] backend: 记录 2 个失败到 /workspace/.monkeycode/loop/backend_fail_20260808_055026.txt
[2026-08-08 05:50:29] 后端复验: !!!!!!!!!!!!!!!!!!! Interrupted: 3 errors during collection !!!!!!!!!!!!!!!!!!!!;3 errors in 0.27s;
[2026-08-08 05:50:29] 后端复验通过
[2026-08-08 05:51:45] 前端结果: [2m Test Files [22m [1m[32m32 passed[39m[22m[90m (32)[39m;[2m      Tests [22m [1m[32m144 passed[39m[22m[90m (144)[39m;
[2026-08-08 05:51:45] 前端全部通过
[2026-08-08 05:51:45] ===== 第 791 轮结束，sleep 120 =====
[2026-08-08 05:53:48] ===== 第 792 轮开始 =====
[2026-08-08 05:55:09] 后端结果: !!!!!!!!!!!!!!!!!!! Interrupted: 3 errors during collection !!!!!!!!!!!!!!!!!!!!;3 errors in 1.12s;
[2026-08-08 05:55:09] backend: 记录 2 个失败到 /workspace/.monkeycode/loop/backend_fail_20260808_055509.txt
[2026-08-08 05:55:13] 后端复验: !!!!!!!!!!!!!!!!!!! Interrupted: 3 errors during collection !!!!!!!!!!!!!!!!!!!!;3 errors in 0.26s;
[2026-08-08 05:55:13] 后端复验通过
[2026-08-08 05:55:54] 前端结果: [2m Test Files [22m [1m[32m32 passed[39m[22m[90m (32)[39m;[2m      Tests [22m [1m[32m144 passed[39m[22m[90m (144)[39m;
[2026-08-08 05:55:54] 前端全部通过
[2026-08-08 05:55:54] ===== 第 792 轮结束，sleep 120 =====
[2026-08-08 05:57:54] ===== 第 793 轮开始 =====
[2026-08-08 05:58:44] 后端结果: !!!!!!!!!!!!!!!!!!! Interrupted: 3 errors during collection !!!!!!!!!!!!!!!!!!!!;3 errors in 2.37s;
[2026-08-08 05:58:44] backend: 记录 2 个失败到 /workspace/.monkeycode/loop/backend_fail_20260808_055844.txt
[2026-08-08 05:59:31] 后端复验: !!!!!!!!!!!!!!!!!!! Interrupted: 3 errors during collection !!!!!!!!!!!!!!!!!!!!;3 errors in 1.07s;
[2026-08-08 05:59:31] 后端复验通过
[2026-08-08 06:01:01] 前端结果: [2m Test Files [22m [1m[32m32 passed[39m[22m[90m (32)[39m;[2m      Tests [22m [1m[32m144 passed[39m[22m[90m (144)[39m;
[2026-08-08 06:01:01] 前端全部通过
[2026-08-08 06:01:02] ===== 第 793 轮结束，sleep 120 =====
[2026-08-08 06:03:02] ===== 第 794 轮开始 =====
[2026-08-08 06:03:15] 后端结果: !!!!!!!!!!!!!!!!!!! Interrupted: 3 errors during collection !!!!!!!!!!!!!!!!!!!!;3 errors in 0.26s;
[2026-08-08 06:03:15] backend: 记录 2 个失败到 /workspace/.monkeycode/loop/backend_fail_20260808_060315.txt
[2026-08-08 06:03:18] 后端复验: !!!!!!!!!!!!!!!!!!! Interrupted: 3 errors during collection !!!!!!!!!!!!!!!!!!!!;3 errors in 0.26s;
[2026-08-08 06:03:18] 后端复验通过
[2026-08-08 06:03:56] 前端结果: [2m Test Files [22m [1m[32m32 passed[39m[22m[90m (32)[39m;[2m      Tests [22m [1m[32m144 passed[39m[22m[90m (144)[39m;
[2026-08-08 06:03:57] 前端全部通过
[2026-08-08 06:03:59] ===== 第 794 轮结束，sleep 120 =====
[2026-08-08 06:05:59] ===== 第 795 轮开始 =====
[2026-08-08 06:06:35] 后端结果: !!!!!!!!!!!!!!!!!!! Interrupted: 3 errors during collection !!!!!!!!!!!!!!!!!!!!;3 errors in 2.09s;
[2026-08-08 06:06:35] backend: 记录 2 个失败到 /workspace/.monkeycode/loop/backend_fail_20260808_060635.txt
[2026-08-08 06:07:09] 后端复验: !!!!!!!!!!!!!!!!!!! Interrupted: 3 errors during collection !!!!!!!!!!!!!!!!!!!!;3 errors in 1.41s;
[2026-08-08 06:07:09] 后端复验通过
[2026-08-08 06:08:21] 前端结果: [2m Test Files [22m [1m[32m32 passed[39m[22m[90m (32)[39m;[2m      Tests [22m [1m[32m144 passed[39m[22m[90m (144)[39m;
[2026-08-08 06:08:21] 前端全部通过
[2026-08-08 06:08:22] ===== 第 795 轮结束，sleep 120 =====
[2026-08-08 06:10:22] ===== 第 796 轮开始 =====
[2026-08-08 06:10:56] 后端结果: !!!!!!!!!!!!!!!!!!! Interrupted: 3 errors during collection !!!!!!!!!!!!!!!!!!!!;3 errors in 0.90s;
[2026-08-08 06:10:57] backend: 记录 2 个失败到 /workspace/.monkeycode/loop/backend_fail_20260808_061057.txt
[2026-08-08 06:11:00] 后端复验: !!!!!!!!!!!!!!!!!!! Interrupted: 3 errors during collection !!!!!!!!!!!!!!!!!!!!;3 errors in 0.27s;
[2026-08-08 06:11:00] 后端复验通过
[2026-08-08 06:12:24] 前端结果: [31m⎯⎯⎯⎯⎯⎯⎯[39m[1m[41m Failed Tests 1 [49m[22m[31m⎯⎯⎯⎯⎯⎯⎯[39m;[2m Test Files [22m [1m[31m1 failed[39m[22m[2m | [22m[1m[32m31 passed[39m[22m[90m (32)[39m;[2m      Tests [22m [1m[31m1 failed[39m[22m[2m | [22m[1m[32m143 passed[39m[22m[90m (144)[39m;
[2026-08-08 06:12:24] 前端全部通过
[2026-08-08 06:12:25] ===== 第 796 轮结束，sleep 120 =====
[2026-08-08 06:14:25] ===== 第 797 轮开始 =====
[2026-08-08 06:15:18] 后端结果: !!!!!!!!!!!!!!!!!!! Interrupted: 3 errors during collection !!!!!!!!!!!!!!!!!!!!;3 errors in 2.27s;
[2026-08-08 06:15:18] backend: 记录 2 个失败到 /workspace/.monkeycode/loop/backend_fail_20260808_061518.txt
[2026-08-08 06:15:28] 后端复验: !!!!!!!!!!!!!!!!!!! Interrupted: 3 errors during collection !!!!!!!!!!!!!!!!!!!!;3 errors in 0.32s;
[2026-08-08 06:15:28] 后端复验通过
[2026-08-08 06:16:04] 前端结果: [2m Test Files [22m [1m[32m32 passed[39m[22m[90m (32)[39m;[2m      Tests [22m [1m[32m144 passed[39m[22m[90m (144)[39m;
[2026-08-08 06:16:04] 前端全部通过
[2026-08-08 06:16:04] ===== 第 797 轮结束，sleep 120 =====
[2026-08-08 06:18:04] ===== 第 798 轮开始 =====
[2026-08-08 06:18:21] 后端结果: !!!!!!!!!!!!!!!!!!! Interrupted: 3 errors during collection !!!!!!!!!!!!!!!!!!!!;3 errors in 0.39s;
[2026-08-08 06:18:21] backend: 记录 2 个失败到 /workspace/.monkeycode/loop/backend_fail_20260808_061821.txt
[2026-08-08 06:18:24] 后端复验: !!!!!!!!!!!!!!!!!!! Interrupted: 3 errors during collection !!!!!!!!!!!!!!!!!!!!;3 errors in 0.33s;
[2026-08-08 06:18:24] 后端复验通过
[2026-08-08 06:19:00] 前端结果: [2m Test Files [22m [1m[32m32 passed[39m[22m[90m (32)[39m;[2m      Tests [22m [1m[32m144 passed[39m[22m[90m (144)[39m;
[2026-08-08 06:19:00] 前端全部通过
[2026-08-08 06:19:00] ===== 第 798 轮结束，sleep 120 =====
[2026-08-08 06:21:00] ===== 第 799 轮开始 =====
[2026-08-08 06:21:28] 后端结果: !!!!!!!!!!!!!!!!!!! Interrupted: 3 errors during collection !!!!!!!!!!!!!!!!!!!!;3 errors in 1.49s;
[2026-08-08 06:21:28] backend: 记录 2 个失败到 /workspace/.monkeycode/loop/backend_fail_20260808_062128.txt
[2026-08-08 06:22:25] 后端复验: !!!!!!!!!!!!!!!!!!! Interrupted: 3 errors during collection !!!!!!!!!!!!!!!!!!!!;3 errors in 2.20s;
[2026-08-08 06:22:25] 后端复验通过
[2026-08-08 06:23:22] 前端结果: [2m Test Files [22m [1m[32m32 passed[39m[22m[90m (32)[39m;[2m      Tests [22m [1m[32m144 passed[39m[22m[90m (144)[39m;
[2026-08-08 06:23:23] 前端全部通过
[2026-08-08 06:23:23] ===== 第 799 轮结束，sleep 120 =====
[2026-08-08 06:25:24] ===== 第 800 轮开始 =====
[2026-08-08 06:25:50] 后端结果: !!!!!!!!!!!!!!!!!!! Interrupted: 3 errors during collection !!!!!!!!!!!!!!!!!!!!;3 errors in 2.07s;
[2026-08-08 06:25:50] backend: 记录 2 个失败到 /workspace/.monkeycode/loop/backend_fail_20260808_062550.txt
[2026-08-08 06:25:53] 后端复验: !!!!!!!!!!!!!!!!!!! Interrupted: 3 errors during collection !!!!!!!!!!!!!!!!!!!!;3 errors in 0.35s;
[2026-08-08 06:25:53] 后端复验通过
[2026-08-08 06:26:45] 前端结果: [2m Test Files [22m [1m[32m32 passed[39m[22m[90m (32)[39m;[2m      Tests [22m [1m[32m144 passed[39m[22m[90m (144)[39m;
[2026-08-08 06:26:45] 前端全部通过
[2026-08-08 06:26:46] ===== 第 800 轮结束，sleep 120 =====
[2026-08-08 06:28:47] ===== 第 801 轮开始 =====
[2026-08-08 06:29:20] 后端结果: !!!!!!!!!!!!!!!!!!! Interrupted: 3 errors during collection !!!!!!!!!!!!!!!!!!!!;3 errors in 0.65s;
[2026-08-08 06:29:21] backend: 记录 2 个失败到 /workspace/.monkeycode/loop/backend_fail_20260808_062921.txt
[2026-08-08 06:29:24] 后端复验: !!!!!!!!!!!!!!!!!!! Interrupted: 3 errors during collection !!!!!!!!!!!!!!!!!!!!;3 errors in 0.35s;
[2026-08-08 06:29:24] 后端复验通过
[2026-08-08 06:30:29] 前端结果: [2m Test Files [22m [1m[32m32 passed[39m[22m[90m (32)[39m;[2m      Tests [22m [1m[32m144 passed[39m[22m[90m (144)[39m;
[2026-08-08 06:30:29] 前端全部通过
[2026-08-08 06:30:30] ===== 第 801 轮结束，sleep 120 =====
[2026-08-08 06:32:30] ===== 第 802 轮开始 =====
[2026-08-08 06:32:53] 后端结果: !!!!!!!!!!!!!!!!!!! Interrupted: 3 errors during collection !!!!!!!!!!!!!!!!!!!!;3 errors in 1.02s;
[2026-08-08 06:32:53] backend: 记录 2 个失败到 /workspace/.monkeycode/loop/backend_fail_20260808_063253.txt
[2026-08-08 06:33:17] 后端复验: !!!!!!!!!!!!!!!!!!! Interrupted: 3 errors during collection !!!!!!!!!!!!!!!!!!!!;3 errors in 0.83s;
[2026-08-08 06:33:17] 后端复验通过
[2026-08-08 06:34:31] 前端结果: [2m Test Files [22m [1m[32m32 passed[39m[22m[90m (32)[39m;[2m      Tests [22m [1m[32m144 passed[39m[22m[90m (144)[39m;
[2026-08-08 06:34:31] 前端全部通过
[2026-08-08 06:34:32] ===== 第 802 轮结束，sleep 120 =====
[2026-08-08 06:36:33] ===== 第 803 轮开始 =====
[2026-08-08 06:37:09] 后端结果: !!!!!!!!!!!!!!!!!!! Interrupted: 3 errors during collection !!!!!!!!!!!!!!!!!!!!;3 errors in 1.38s;
[2026-08-08 06:37:09] backend: 记录 2 个失败到 /workspace/.monkeycode/loop/backend_fail_20260808_063709.txt
[2026-08-08 06:37:13] 后端复验: !!!!!!!!!!!!!!!!!!! Interrupted: 3 errors during collection !!!!!!!!!!!!!!!!!!!!;3 errors in 0.32s;
[2026-08-08 06:37:13] 后端复验通过
[2026-08-08 06:38:38] 前端结果: [2m Test Files [22m [1m[32m32 passed[39m[22m[90m (32)[39m;[2m      Tests [22m [1m[32m144 passed[39m[22m[90m (144)[39m;
[2026-08-08 06:38:39] 前端全部通过
[2026-08-08 06:38:39] ===== 第 803 轮结束，sleep 120 =====
[2026-08-08 06:40:39] ===== 第 804 轮开始 =====
[2026-08-08 06:40:46] 后端结果: !!!!!!!!!!!!!!!!!!! Interrupted: 3 errors during collection !!!!!!!!!!!!!!!!!!!!;3 errors in 0.43s;
[2026-08-08 06:40:47] backend: 记录 2 个失败到 /workspace/.monkeycode/loop/backend_fail_20260808_064047.txt
[2026-08-08 06:40:51] 后端复验: !!!!!!!!!!!!!!!!!!! Interrupted: 3 errors during collection !!!!!!!!!!!!!!!!!!!!;3 errors in 0.33s;
[2026-08-08 06:40:51] 后端复验通过
[2026-08-08 06:42:43] 前端结果: [2m Test Files [22m [1m[32m32 passed[39m[22m[90m (32)[39m;[2m      Tests [22m [1m[32m144 passed[39m[22m[90m (144)[39m;
[2026-08-08 06:42:43] 前端全部通过
[2026-08-08 06:42:44] ===== 第 804 轮结束，sleep 120 =====
[2026-08-08 06:44:44] ===== 第 805 轮开始 =====
[2026-08-08 06:45:51] 后端结果: !!!!!!!!!!!!!!!!!!! Interrupted: 3 errors during collection !!!!!!!!!!!!!!!!!!!!;3 errors in 0.80s;
[2026-08-08 06:45:51] backend: 记录 2 个失败到 /workspace/.monkeycode/loop/backend_fail_20260808_064551.txt
[2026-08-08 06:46:00] 后端复验: !!!!!!!!!!!!!!!!!!! Interrupted: 3 errors during collection !!!!!!!!!!!!!!!!!!!!;3 errors in 0.31s;
[2026-08-08 06:46:00] 后端复验通过
[2026-08-08 06:47:39] 前端结果: [31m⎯⎯⎯⎯⎯⎯⎯[39m[1m[41m Failed Tests 1 [49m[22m[31m⎯⎯⎯⎯⎯⎯⎯[39m;[2m Test Files [22m [1m[31m1 failed[39m[22m[2m | [22m[1m[32m31 passed[39m[22m[90m (32)[39m;[2m      Tests [22m [1m[31m1 failed[39m[22m[2m | [22m[1m[32m143 passed[39m[22m[90m (144)[39m;
[2026-08-08 06:47:39] 前端全部通过
[2026-08-08 06:47:40] ===== 第 805 轮结束，sleep 120 =====
[2026-08-08 06:49:40] ===== 第 806 轮开始 =====
[2026-08-08 06:49:44] 后端结果: !!!!!!!!!!!!!!!!!!! Interrupted: 3 errors during collection !!!!!!!!!!!!!!!!!!!!;3 errors in 0.87s;
[2026-08-08 06:49:45] backend: 记录 2 个失败到 /workspace/.monkeycode/loop/backend_fail_20260808_064945.txt
[2026-08-08 06:49:48] 后端复验: !!!!!!!!!!!!!!!!!!! Interrupted: 3 errors during collection !!!!!!!!!!!!!!!!!!!!;3 errors in 0.27s;
[2026-08-08 06:49:48] 后端复验通过
[2026-08-08 06:51:13] 前端结果: [2m Test Files [22m [1m[32m32 passed[39m[22m[90m (32)[39m;[2m      Tests [22m [1m[32m144 passed[39m[22m[90m (144)[39m;
[2026-08-08 06:51:13] 前端全部通过
[2026-08-08 06:51:14] ===== 第 806 轮结束，sleep 120 =====
[2026-08-08 06:53:16] ===== 第 807 轮开始 =====
[2026-08-08 06:54:07] 后端结果: !!!!!!!!!!!!!!!!!!! Interrupted: 3 errors during collection !!!!!!!!!!!!!!!!!!!!;3 errors in 0.42s;
[2026-08-08 06:54:07] backend: 记录 2 个失败到 /workspace/.monkeycode/loop/backend_fail_20260808_065407.txt
[2026-08-08 06:54:11] 后端复验: !!!!!!!!!!!!!!!!!!! Interrupted: 3 errors during collection !!!!!!!!!!!!!!!!!!!!;3 errors in 0.27s;
[2026-08-08 06:54:11] 后端复验通过
[2026-08-08 06:55:51] 前端结果: [2m Test Files [22m [1m[32m32 passed[39m[22m[90m (32)[39m;[2m      Tests [22m [1m[32m144 passed[39m[22m[90m (144)[39m;
[2026-08-08 06:55:51] 前端全部通过
[2026-08-08 06:55:51] ===== 第 807 轮结束，sleep 120 =====
[2026-08-08 06:57:51] ===== 第 808 轮开始 =====
[2026-08-08 06:58:05] 后端结果: !!!!!!!!!!!!!!!!!!! Interrupted: 3 errors during collection !!!!!!!!!!!!!!!!!!!!;3 errors in 0.53s;
[2026-08-08 06:58:05] backend: 记录 2 个失败到 /workspace/.monkeycode/loop/backend_fail_20260808_065805.txt
[2026-08-08 06:58:08] 后端复验: !!!!!!!!!!!!!!!!!!! Interrupted: 3 errors during collection !!!!!!!!!!!!!!!!!!!!;3 errors in 0.33s;
[2026-08-08 06:58:08] 后端复验通过
[2026-08-08 06:59:36] 前端结果: [31m⎯⎯⎯⎯⎯⎯⎯[39m[1m[41m Failed Tests 1 [49m[22m[31m⎯⎯⎯⎯⎯⎯⎯[39m;[2m Test Files [22m [1m[31m1 failed[39m[22m[2m | [22m[1m[32m31 passed[39m[22m[90m (32)[39m;[2m      Tests [22m [1m[31m1 failed[39m[22m[2m | [22m[1m[32m143 passed[39m[22m[90m (144)[39m;
[2026-08-08 06:59:36] 前端全部通过
[2026-08-08 06:59:37] ===== 第 808 轮结束，sleep 120 =====
[2026-08-08 07:01:37] ===== 第 809 轮开始 =====
[2026-08-08 07:02:07] 后端结果: !!!!!!!!!!!!!!!!!!! Interrupted: 3 errors during collection !!!!!!!!!!!!!!!!!!!!;3 errors in 0.82s;
[2026-08-08 07:02:07] backend: 记录 2 个失败到 /workspace/.monkeycode/loop/backend_fail_20260808_070207.txt
[2026-08-08 07:02:11] 后端复验: !!!!!!!!!!!!!!!!!!! Interrupted: 3 errors during collection !!!!!!!!!!!!!!!!!!!!;3 errors in 0.31s;
[2026-08-08 07:02:11] 后端复验通过
[2026-08-08 07:02:53] 前端结果: [2m Test Files [22m [1m[32m32 passed[39m[22m[90m (32)[39m;[2m      Tests [22m [1m[32m144 passed[39m[22m[90m (144)[39m;
[2026-08-08 07:02:53] 前端全部通过
[2026-08-08 07:02:54] ===== 第 809 轮结束，sleep 120 =====
[2026-08-08 07:04:55] ===== 第 810 轮开始 =====
[2026-08-08 07:05:15] 后端结果: !!!!!!!!!!!!!!!!!!! Interrupted: 3 errors during collection !!!!!!!!!!!!!!!!!!!!;3 errors in 3.34s;
[2026-08-08 07:05:15] backend: 记录 2 个失败到 /workspace/.monkeycode/loop/backend_fail_20260808_070515.txt
[2026-08-08 07:05:34] 后端复验: !!!!!!!!!!!!!!!!!!! Interrupted: 3 errors during collection !!!!!!!!!!!!!!!!!!!!;3 errors in 0.31s;
[2026-08-08 07:05:34] 后端复验通过
[2026-08-08 07:07:40] 前端结果: [2m Test Files [22m [1m[32m32 passed[39m[22m[90m (32)[39m;[2m      Tests [22m [1m[32m144 passed[39m[22m[90m (144)[39m;
[2026-08-08 07:07:40] 前端全部通过
[2026-08-08 07:07:41] ===== 第 810 轮结束，sleep 120 =====
[2026-08-08 07:09:43] ===== 第 811 轮开始 =====
[2026-08-08 07:10:09] 后端结果: !!!!!!!!!!!!!!!!!!! Interrupted: 3 errors during collection !!!!!!!!!!!!!!!!!!!!;3 errors in 0.33s;
[2026-08-08 07:10:09] backend: 记录 2 个失败到 /workspace/.monkeycode/loop/backend_fail_20260808_071009.txt
[2026-08-08 07:10:14] 后端复验: !!!!!!!!!!!!!!!!!!! Interrupted: 3 errors during collection !!!!!!!!!!!!!!!!!!!!;3 errors in 0.32s;
[2026-08-08 07:10:14] 后端复验通过
[2026-08-08 07:10:53] 前端结果: [2m Test Files [22m [1m[32m32 passed[39m[22m[90m (32)[39m;[2m      Tests [22m [1m[32m144 passed[39m[22m[90m (144)[39m;
[2026-08-08 07:10:53] 前端全部通过
[2026-08-08 07:10:53] ===== 第 811 轮结束，sleep 120 =====
[2026-08-08 07:12:53] ===== 第 812 轮开始 =====
[2026-08-08 07:13:21] 后端结果: !!!!!!!!!!!!!!!!!!! Interrupted: 3 errors during collection !!!!!!!!!!!!!!!!!!!!;3 errors in 0.48s;
[2026-08-08 07:13:22] backend: 记录 2 个失败到 /workspace/.monkeycode/loop/backend_fail_20260808_071321.txt
[2026-08-08 07:14:30] 后端复验: !!!!!!!!!!!!!!!!!!! Interrupted: 3 errors during collection !!!!!!!!!!!!!!!!!!!!;3 errors in 0.68s;
[2026-08-08 07:14:30] 后端复验通过
[2026-08-08 07:16:10] 前端结果: [2m Test Files [22m [1m[32m32 passed[39m[22m[90m (32)[39m;[2m      Tests [22m [1m[32m144 passed[39m[22m[90m (144)[39m;
[2026-08-08 07:16:10] 前端全部通过
[2026-08-08 07:16:11] ===== 第 812 轮结束，sleep 120 =====
[2026-08-08 07:18:11] ===== 第 813 轮开始 =====
[2026-08-08 07:18:35] 后端结果: !!!!!!!!!!!!!!!!!!! Interrupted: 3 errors during collection !!!!!!!!!!!!!!!!!!!!;3 errors in 0.33s;
[2026-08-08 07:18:35] backend: 记录 2 个失败到 /workspace/.monkeycode/loop/backend_fail_20260808_071835.txt
[2026-08-08 07:18:40] 后端复验: !!!!!!!!!!!!!!!!!!! Interrupted: 3 errors during collection !!!!!!!!!!!!!!!!!!!!;3 errors in 0.28s;
[2026-08-08 07:18:40] 后端复验通过
[2026-08-08 07:19:48] 前端结果: [2m Test Files [22m [1m[32m32 passed[39m[22m[90m (32)[39m;[2m      Tests [22m [1m[32m144 passed[39m[22m[90m (144)[39m;
[2026-08-08 07:19:48] 前端全部通过
[2026-08-08 07:19:48] ===== 第 813 轮结束，sleep 120 =====
[2026-08-08 07:21:48] ===== 第 814 轮开始 =====
[2026-08-08 07:23:07] 后端结果: !!!!!!!!!!!!!!!!!!! Interrupted: 3 errors during collection !!!!!!!!!!!!!!!!!!!!;3 errors in 7.45s;
[2026-08-08 07:23:07] backend: 记录 2 个失败到 /workspace/.monkeycode/loop/backend_fail_20260808_072307.txt
[2026-08-08 07:23:28] 后端复验: !!!!!!!!!!!!!!!!!!! Interrupted: 3 errors during collection !!!!!!!!!!!!!!!!!!!!;3 errors in 0.58s;
[2026-08-08 07:23:29] 后端复验通过
[2026-08-08 07:24:11] 前端结果: [2m Test Files [22m [1m[32m32 passed[39m[22m[90m (32)[39m;[2m      Tests [22m [1m[32m144 passed[39m[22m[90m (144)[39m;
[2026-08-08 07:24:11] 前端全部通过
[2026-08-08 07:24:11] ===== 第 814 轮结束，sleep 120 =====
[2026-08-08 07:26:11] ===== 第 815 轮开始 =====
[2026-08-08 07:26:44] 后端结果: !!!!!!!!!!!!!!!!!!! Interrupted: 3 errors during collection !!!!!!!!!!!!!!!!!!!!;3 errors in 0.91s;
[2026-08-08 07:26:44] backend: 记录 2 个失败到 /workspace/.monkeycode/loop/backend_fail_20260808_072644.txt
[2026-08-08 07:28:18] 后端复验: !!!!!!!!!!!!!!!!!!! Interrupted: 3 errors during collection !!!!!!!!!!!!!!!!!!!!;3 errors in 24.41s;
[2026-08-08 07:28:18] 后端复验通过
[2026-08-08 07:28:58] 前端结果: [2m Test Files [22m [1m[32m32 passed[39m[22m[90m (32)[39m;[2m      Tests [22m [1m[32m144 passed[39m[22m[90m (144)[39m;
[2026-08-08 07:28:58] 前端全部通过
[2026-08-08 07:28:59] ===== 第 815 轮结束，sleep 120 =====
[2026-08-08 07:30:59] ===== 第 816 轮开始 =====
[2026-08-08 07:32:42] 后端结果: !!!!!!!!!!!!!!!!!!! Interrupted: 3 errors during collection !!!!!!!!!!!!!!!!!!!!;3 errors in 2.04s;
[2026-08-08 07:32:42] backend: 记录 2 个失败到 /workspace/.monkeycode/loop/backend_fail_20260808_073242.txt
[2026-08-08 07:32:50] 后端复验: !!!!!!!!!!!!!!!!!!! Interrupted: 3 errors during collection !!!!!!!!!!!!!!!!!!!!;3 errors in 0.58s;
[2026-08-08 07:32:50] 后端复验通过
[2026-08-08 07:34:26] 前端结果: [2m Test Files [22m [1m[32m32 passed[39m[22m[90m (32)[39m;[2m      Tests [22m [1m[32m144 passed[39m[22m[90m (144)[39m;
[2026-08-08 07:34:26] 前端全部通过
[2026-08-08 07:34:26] ===== 第 816 轮结束，sleep 120 =====
[2026-08-08 07:36:28] ===== 第 817 轮开始 =====
[2026-08-08 07:37:28] 后端结果: !!!!!!!!!!!!!!!!!!! Interrupted: 3 errors during collection !!!!!!!!!!!!!!!!!!!!;3 errors in 0.28s;
[2026-08-08 07:37:28] backend: 记录 2 个失败到 /workspace/.monkeycode/loop/backend_fail_20260808_073728.txt
[2026-08-08 07:37:31] 后端复验: !!!!!!!!!!!!!!!!!!! Interrupted: 3 errors during collection !!!!!!!!!!!!!!!!!!!!;3 errors in 0.27s;
[2026-08-08 07:37:31] 后端复验通过
[2026-08-08 07:38:05] 前端结果: [2m Test Files [22m [1m[32m32 passed[39m[22m[90m (32)[39m;[2m      Tests [22m [1m[32m144 passed[39m[22m[90m (144)[39m;
[2026-08-08 07:38:05] 前端全部通过
[2026-08-08 07:38:05] ===== 第 817 轮结束，sleep 120 =====
[2026-08-08 07:40:05] ===== 第 818 轮开始 =====
[2026-08-08 07:40:13] 后端结果: !!!!!!!!!!!!!!!!!!! Interrupted: 3 errors during collection !!!!!!!!!!!!!!!!!!!!;3 errors in 1.11s;
[2026-08-08 07:40:13] backend: 记录 2 个失败到 /workspace/.monkeycode/loop/backend_fail_20260808_074013.txt
[2026-08-08 07:40:16] 后端复验: !!!!!!!!!!!!!!!!!!! Interrupted: 3 errors during collection !!!!!!!!!!!!!!!!!!!!;3 errors in 0.28s;
[2026-08-08 07:40:16] 后端复验通过
[2026-08-08 07:41:13] 前端结果: [2m Test Files [22m [1m[32m32 passed[39m[22m[90m (32)[39m;[2m      Tests [22m [1m[32m144 passed[39m[22m[90m (144)[39m;
[2026-08-08 07:41:13] 前端全部通过
[2026-08-08 07:41:14] ===== 第 818 轮结束，sleep 120 =====
[2026-08-08 07:43:14] ===== 第 819 轮开始 =====
[2026-08-08 07:43:26] 后端结果: !!!!!!!!!!!!!!!!!!! Interrupted: 3 errors during collection !!!!!!!!!!!!!!!!!!!!;3 errors in 0.28s;
[2026-08-08 07:43:26] backend: 记录 2 个失败到 /workspace/.monkeycode/loop/backend_fail_20260808_074326.txt
[2026-08-08 07:43:29] 后端复验: !!!!!!!!!!!!!!!!!!! Interrupted: 3 errors during collection !!!!!!!!!!!!!!!!!!!!;3 errors in 0.27s;
[2026-08-08 07:43:29] 后端复验通过
[2026-08-08 07:44:02] 前端结果: [2m Test Files [22m [1m[32m32 passed[39m[22m[90m (32)[39m;[2m      Tests [22m [1m[32m144 passed[39m[22m[90m (144)[39m;
[2026-08-08 07:44:02] 前端全部通过
[2026-08-08 07:44:02] ===== 第 819 轮结束，sleep 120 =====
[2026-08-08 07:46:06] ===== 第 820 轮开始 =====
[2026-08-08 07:46:58] 后端结果: !!!!!!!!!!!!!!!!!!! Interrupted: 3 errors during collection !!!!!!!!!!!!!!!!!!!!;3 errors in 0.70s;
[2026-08-08 07:46:58] backend: 记录 2 个失败到 /workspace/.monkeycode/loop/backend_fail_20260808_074658.txt
[2026-08-08 07:47:02] 后端复验: !!!!!!!!!!!!!!!!!!! Interrupted: 3 errors during collection !!!!!!!!!!!!!!!!!!!!;3 errors in 0.29s;
[2026-08-08 07:47:02] 后端复验通过
[2026-08-08 07:48:09] 前端结果: [2m Test Files [22m [1m[32m32 passed[39m[22m[90m (32)[39m;[2m      Tests [22m [1m[32m144 passed[39m[22m[90m (144)[39m;
[2026-08-08 07:48:09] 前端全部通过
[2026-08-08 07:48:10] ===== 第 820 轮结束，sleep 120 =====
[2026-08-08 07:50:10] ===== 第 821 轮开始 =====
[2026-08-08 07:50:22] 后端结果: !!!!!!!!!!!!!!!!!!! Interrupted: 3 errors during collection !!!!!!!!!!!!!!!!!!!!;3 errors in 0.31s;
[2026-08-08 07:50:22] backend: 记录 2 个失败到 /workspace/.monkeycode/loop/backend_fail_20260808_075022.txt
[2026-08-08 07:50:25] 后端复验: !!!!!!!!!!!!!!!!!!! Interrupted: 3 errors during collection !!!!!!!!!!!!!!!!!!!!;3 errors in 0.27s;
[2026-08-08 07:50:25] 后端复验通过
[2026-08-08 07:53:06] 前端结果: [2m Test Files [22m [1m[32m32 passed[39m[22m[90m (32)[39m;[2m      Tests [22m [1m[32m144 passed[39m[22m[90m (144)[39m;
[2026-08-08 07:53:06] 前端全部通过
[2026-08-08 07:53:07] ===== 第 821 轮结束，sleep 120 =====
[2026-08-08 07:55:07] ===== 第 822 轮开始 =====
[2026-08-08 07:55:38] 后端结果: !!!!!!!!!!!!!!!!!!! Interrupted: 3 errors during collection !!!!!!!!!!!!!!!!!!!!;3 errors in 1.05s;
[2026-08-08 07:55:39] backend: 记录 2 个失败到 /workspace/.monkeycode/loop/backend_fail_20260808_075539.txt
[2026-08-08 07:55:42] 后端复验: !!!!!!!!!!!!!!!!!!! Interrupted: 3 errors during collection !!!!!!!!!!!!!!!!!!!!;3 errors in 0.28s;
[2026-08-08 07:55:42] 后端复验通过
[2026-08-08 07:57:12] 前端结果: [2m Test Files [22m [1m[32m32 passed[39m[22m[90m (32)[39m;[2m      Tests [22m [1m[32m144 passed[39m[22m[90m (144)[39m;
[2026-08-08 07:57:12] 前端全部通过
[2026-08-08 07:57:13] ===== 第 822 轮结束，sleep 120 =====
[2026-08-08 07:59:13] ===== 第 823 轮开始 =====
[2026-08-08 08:00:00] 后端结果: !!!!!!!!!!!!!!!!!!! Interrupted: 3 errors during collection !!!!!!!!!!!!!!!!!!!!;3 errors in 35.71s;
[2026-08-08 08:00:01] backend: 记录 2 个失败到 /workspace/.monkeycode/loop/backend_fail_20260808_080001.txt
[2026-08-08 08:00:29] 后端复验: !!!!!!!!!!!!!!!!!!! Interrupted: 3 errors during collection !!!!!!!!!!!!!!!!!!!!;3 errors in 0.53s;
[2026-08-08 08:00:29] 后端复验通过
[2026-08-08 08:01:18] 前端结果: [2m Test Files [22m [1m[32m32 passed[39m[22m[90m (32)[39m;[2m      Tests [22m [1m[32m144 passed[39m[22m[90m (144)[39m;
[2026-08-08 08:01:19] 前端全部通过
[2026-08-08 08:01:20] ===== 第 823 轮结束，sleep 120 =====
[2026-08-08 08:03:29] ===== 第 824 轮开始 =====
[2026-08-08 08:04:19] 后端结果: !!!!!!!!!!!!!!!!!!! Interrupted: 3 errors during collection !!!!!!!!!!!!!!!!!!!!;3 errors in 0.57s;
[2026-08-08 08:04:19] backend: 记录 2 个失败到 /workspace/.monkeycode/loop/backend_fail_20260808_080419.txt
[2026-08-08 08:04:23] 后端复验: !!!!!!!!!!!!!!!!!!! Interrupted: 3 errors during collection !!!!!!!!!!!!!!!!!!!!;3 errors in 0.26s;
[2026-08-08 08:04:23] 后端复验通过
[2026-08-08 08:04:59] 前端结果: [2m Test Files [22m [1m[32m32 passed[39m[22m[90m (32)[39m;[2m      Tests [22m [1m[32m144 passed[39m[22m[90m (144)[39m;
[2026-08-08 08:04:59] 前端全部通过
[2026-08-08 08:04:59] ===== 第 824 轮结束，sleep 120 =====
[2026-08-08 08:06:59] ===== 第 825 轮开始 =====
[2026-08-08 08:08:00] 后端结果: !!!!!!!!!!!!!!!!!!! Interrupted: 3 errors during collection !!!!!!!!!!!!!!!!!!!!;3 errors in 0.42s;
[2026-08-08 08:08:00] backend: 记录 2 个失败到 /workspace/.monkeycode/loop/backend_fail_20260808_080800.txt
[2026-08-08 08:08:05] 后端复验: !!!!!!!!!!!!!!!!!!! Interrupted: 3 errors during collection !!!!!!!!!!!!!!!!!!!!;3 errors in 0.27s;
[2026-08-08 08:08:05] 后端复验通过
[2026-08-08 08:08:38] 前端结果: [2m Test Files [22m [1m[32m32 passed[39m[22m[90m (32)[39m;[2m      Tests [22m [1m[32m144 passed[39m[22m[90m (144)[39m;
[2026-08-08 08:08:38] 前端全部通过
[2026-08-08 08:08:38] ===== 第 825 轮结束，sleep 120 =====
[2026-08-08 08:10:38] ===== 第 826 轮开始 =====
[2026-08-08 08:11:06] 后端结果: !!!!!!!!!!!!!!!!!!! Interrupted: 3 errors during collection !!!!!!!!!!!!!!!!!!!!;3 errors in 0.31s;
[2026-08-08 08:11:06] backend: 记录 2 个失败到 /workspace/.monkeycode/loop/backend_fail_20260808_081106.txt
[2026-08-08 08:11:14] 后端复验: !!!!!!!!!!!!!!!!!!! Interrupted: 3 errors during collection !!!!!!!!!!!!!!!!!!!!;3 errors in 0.28s;
[2026-08-08 08:11:14] 后端复验通过
[2026-08-08 08:12:38] 前端结果: [2m Test Files [22m [1m[32m32 passed[39m[22m[90m (32)[39m;[2m      Tests [22m [1m[32m144 passed[39m[22m[90m (144)[39m;
[2026-08-08 08:12:38] 前端全部通过
[2026-08-08 08:12:38] ===== 第 826 轮结束，sleep 120 =====
[2026-08-08 08:14:38] ===== 第 827 轮开始 =====
[2026-08-08 08:14:56] 后端结果: !!!!!!!!!!!!!!!!!!! Interrupted: 3 errors during collection !!!!!!!!!!!!!!!!!!!!;3 errors in 0.28s;
[2026-08-08 08:14:56] backend: 记录 2 个失败到 /workspace/.monkeycode/loop/backend_fail_20260808_081456.txt
[2026-08-08 08:15:01] 后端复验: !!!!!!!!!!!!!!!!!!! Interrupted: 3 errors during collection !!!!!!!!!!!!!!!!!!!!;3 errors in 0.35s;
[2026-08-08 08:15:01] 后端复验通过
[2026-08-08 08:15:35] 前端结果: [2m Test Files [22m [1m[32m32 passed[39m[22m[90m (32)[39m;[2m      Tests [22m [1m[32m144 passed[39m[22m[90m (144)[39m;
[2026-08-08 08:15:35] 前端全部通过
[2026-08-08 08:15:35] ===== 第 827 轮结束，sleep 120 =====
[2026-08-08 08:17:35] ===== 第 828 轮开始 =====
[2026-08-08 08:17:38] 后端结果: !!!!!!!!!!!!!!!!!!! Interrupted: 3 errors during collection !!!!!!!!!!!!!!!!!!!!;3 errors in 0.28s;
[2026-08-08 08:17:38] backend: 记录 2 个失败到 /workspace/.monkeycode/loop/backend_fail_20260808_081738.txt
[2026-08-08 08:17:43] 后端复验: !!!!!!!!!!!!!!!!!!! Interrupted: 3 errors during collection !!!!!!!!!!!!!!!!!!!!;3 errors in 0.41s;
[2026-08-08 08:17:43] 后端复验通过
[2026-08-08 08:18:42] 前端结果: [2m Test Files [22m [1m[32m32 passed[39m[22m[90m (32)[39m;[2m      Tests [22m [1m[32m144 passed[39m[22m[90m (144)[39m;
[2026-08-08 08:18:42] 前端全部通过
[2026-08-08 08:18:43] ===== 第 828 轮结束，sleep 120 =====
[2026-08-08 08:20:43] ===== 第 829 轮开始 =====
[2026-08-08 08:20:55] 后端结果: !!!!!!!!!!!!!!!!!!! Interrupted: 3 errors during collection !!!!!!!!!!!!!!!!!!!!;3 errors in 0.27s;
[2026-08-08 08:20:55] backend: 记录 2 个失败到 /workspace/.monkeycode/loop/backend_fail_20260808_082055.txt
[2026-08-08 08:21:00] 后端复验: !!!!!!!!!!!!!!!!!!! Interrupted: 3 errors during collection !!!!!!!!!!!!!!!!!!!!;3 errors in 0.27s;
[2026-08-08 08:21:00] 后端复验通过
[2026-08-08 08:21:53] 前端结果: [2m Test Files [22m [1m[32m32 passed[39m[22m[90m (32)[39m;[2m      Tests [22m [1m[32m144 passed[39m[22m[90m (144)[39m;
[2026-08-08 08:21:53] 前端全部通过
[2026-08-08 08:21:54] ===== 第 829 轮结束，sleep 120 =====
[2026-08-08 08:23:54] ===== 第 830 轮开始 =====
[2026-08-08 08:24:05] 后端结果: !!!!!!!!!!!!!!!!!!! Interrupted: 3 errors during collection !!!!!!!!!!!!!!!!!!!!;3 errors in 0.25s;
[2026-08-08 08:24:06] backend: 记录 2 个失败到 /workspace/.monkeycode/loop/backend_fail_20260808_082406.txt
[2026-08-08 08:24:12] 后端复验: !!!!!!!!!!!!!!!!!!! Interrupted: 3 errors during collection !!!!!!!!!!!!!!!!!!!!;3 errors in 0.26s;
[2026-08-08 08:24:12] 后端复验通过
[2026-08-08 08:25:02] 前端结果: [2m Test Files [22m [1m[32m32 passed[39m[22m[90m (32)[39m;[2m      Tests [22m [1m[32m144 passed[39m[22m[90m (144)[39m;
[2026-08-08 08:25:02] 前端全部通过
[2026-08-08 08:25:02] ===== 第 830 轮结束，sleep 120 =====
[2026-08-08 08:27:02] ===== 第 831 轮开始 =====
[2026-08-08 08:27:14] 后端结果: !!!!!!!!!!!!!!!!!!! Interrupted: 3 errors during collection !!!!!!!!!!!!!!!!!!!!;3 errors in 0.27s;
[2026-08-08 08:27:14] backend: 记录 2 个失败到 /workspace/.monkeycode/loop/backend_fail_20260808_082714.txt
[2026-08-08 08:27:19] 后端复验: !!!!!!!!!!!!!!!!!!! Interrupted: 3 errors during collection !!!!!!!!!!!!!!!!!!!!;3 errors in 0.26s;
[2026-08-08 08:27:19] 后端复验通过
[2026-08-08 08:27:59] 前端结果: [2m Test Files [22m [1m[32m32 passed[39m[22m[90m (32)[39m;[2m      Tests [22m [1m[32m144 passed[39m[22m[90m (144)[39m;
[2026-08-08 08:27:59] 前端全部通过
[2026-08-08 08:28:00] ===== 第 831 轮结束，sleep 120 =====
[2026-08-08 08:30:00] ===== 第 832 轮开始 =====
[2026-08-08 08:30:12] 后端结果: !!!!!!!!!!!!!!!!!!! Interrupted: 3 errors during collection !!!!!!!!!!!!!!!!!!!!;3 errors in 0.29s;
[2026-08-08 08:30:12] backend: 记录 2 个失败到 /workspace/.monkeycode/loop/backend_fail_20260808_083012.txt
[2026-08-08 08:30:17] 后端复验: !!!!!!!!!!!!!!!!!!! Interrupted: 3 errors during collection !!!!!!!!!!!!!!!!!!!!;3 errors in 0.40s;
[2026-08-08 08:30:17] 后端复验通过
[2026-08-08 08:31:36] 前端结果: [31m⎯⎯⎯⎯⎯⎯⎯[39m[1m[41m Failed Tests 1 [49m[22m[31m⎯⎯⎯⎯⎯⎯⎯[39m;[2m Test Files [22m [1m[31m1 failed[39m[22m[2m | [22m[1m[32m31 passed[39m[22m[90m (32)[39m;[2m      Tests [22m [1m[31m1 failed[39m[22m[2m | [22m[1m[32m143 passed[39m[22m[90m (144)[39m;
[2026-08-08 08:31:36] 前端全部通过
[2026-08-08 08:31:37] ===== 第 832 轮结束，sleep 120 =====
[2026-08-08 08:33:37] ===== 第 833 轮开始 =====
[2026-08-08 08:33:48] 后端结果: !!!!!!!!!!!!!!!!!!! Interrupted: 3 errors during collection !!!!!!!!!!!!!!!!!!!!;3 errors in 0.31s;
[2026-08-08 08:33:48] backend: 记录 2 个失败到 /workspace/.monkeycode/loop/backend_fail_20260808_083348.txt
[2026-08-08 08:33:54] 后端复验: !!!!!!!!!!!!!!!!!!! Interrupted: 3 errors during collection !!!!!!!!!!!!!!!!!!!!;3 errors in 0.28s;
[2026-08-08 08:33:54] 后端复验通过
[2026-08-08 08:34:57] 前端结果: [2m Test Files [22m [1m[32m32 passed[39m[22m[90m (32)[39m;[2m      Tests [22m [1m[32m144 passed[39m[22m[90m (144)[39m;
[2026-08-08 08:34:57] 前端全部通过
[2026-08-08 08:34:58] ===== 第 833 轮结束，sleep 120 =====
[2026-08-08 08:36:58] ===== 第 834 轮开始 =====
[2026-08-08 08:37:10] 后端结果: !!!!!!!!!!!!!!!!!!! Interrupted: 3 errors during collection !!!!!!!!!!!!!!!!!!!!;3 errors in 0.30s;
[2026-08-08 08:37:10] backend: 记录 2 个失败到 /workspace/.monkeycode/loop/backend_fail_20260808_083710.txt
[2026-08-08 08:37:14] 后端复验: !!!!!!!!!!!!!!!!!!! Interrupted: 3 errors during collection !!!!!!!!!!!!!!!!!!!!;3 errors in 0.37s;
[2026-08-08 08:37:14] 后端复验通过
[2026-08-08 08:38:04] 前端结果: [2m Test Files [22m [1m[32m32 passed[39m[22m[90m (32)[39m;[2m      Tests [22m [1m[32m144 passed[39m[22m[90m (144)[39m;
[2026-08-08 08:38:04] 前端全部通过
[2026-08-08 08:38:04] ===== 第 834 轮结束，sleep 120 =====
[2026-08-08 08:40:04] ===== 第 835 轮开始 =====
[2026-08-08 08:40:16] 后端结果: !!!!!!!!!!!!!!!!!!! Interrupted: 3 errors during collection !!!!!!!!!!!!!!!!!!!!;3 errors in 0.26s;
[2026-08-08 08:40:16] backend: 记录 2 个失败到 /workspace/.monkeycode/loop/backend_fail_20260808_084016.txt
[2026-08-08 08:40:22] 后端复验: !!!!!!!!!!!!!!!!!!! Interrupted: 3 errors during collection !!!!!!!!!!!!!!!!!!!!;3 errors in 0.30s;
[2026-08-08 08:40:22] 后端复验通过
[2026-08-08 08:41:20] 前端结果: [2m Test Files [22m [1m[32m32 passed[39m[22m[90m (32)[39m;[2m      Tests [22m [1m[32m144 passed[39m[22m[90m (144)[39m;
[2026-08-08 08:41:20] 前端全部通过
[2026-08-08 08:41:21] ===== 第 835 轮结束，sleep 120 =====
[2026-08-08 08:43:21] ===== 第 836 轮开始 =====
[2026-08-08 08:43:33] 后端结果: !!!!!!!!!!!!!!!!!!! Interrupted: 3 errors during collection !!!!!!!!!!!!!!!!!!!!;3 errors in 0.26s;
[2026-08-08 08:43:33] backend: 记录 2 个失败到 /workspace/.monkeycode/loop/backend_fail_20260808_084333.txt
[2026-08-08 08:43:38] 后端复验: !!!!!!!!!!!!!!!!!!! Interrupted: 3 errors during collection !!!!!!!!!!!!!!!!!!!!;3 errors in 0.26s;
[2026-08-08 08:43:38] 后端复验通过
[2026-08-08 08:44:55] 前端结果: [2m Test Files [22m [1m[32m32 passed[39m[22m[90m (32)[39m;[2m      Tests [22m [1m[32m144 passed[39m[22m[90m (144)[39m;
[2026-08-08 08:44:56] 前端全部通过
[2026-08-08 08:44:56] ===== 第 836 轮结束，sleep 120 =====
[2026-08-08 08:46:56] ===== 第 837 轮开始 =====
[2026-08-08 08:47:43] 后端结果: !!!!!!!!!!!!!!!!!!! Interrupted: 3 errors during collection !!!!!!!!!!!!!!!!!!!!;3 errors in 1.07s;
[2026-08-08 08:47:43] backend: 记录 2 个失败到 /workspace/.monkeycode/loop/backend_fail_20260808_084743.txt
[2026-08-08 08:48:06] 后端复验: !!!!!!!!!!!!!!!!!!! Interrupted: 3 errors during collection !!!!!!!!!!!!!!!!!!!!;3 errors in 0.71s;
[2026-08-08 08:48:06] 后端复验通过
[2026-08-08 08:50:36] 前端结果: [2m Test Files [22m [1m[32m31 passed[39m[22m[90m (31)[39m;[2m      Tests [22m [1m[32m140 passed[39m[22m[90m (140)[39m;
[2026-08-08 08:50:36] 前端全部通过
[2026-08-08 08:50:38] ===== 第 837 轮结束，sleep 120 =====
[2026-08-08 08:52:38] ===== 第 838 轮开始 =====
[2026-08-08 08:53:06] 后端结果: !!!!!!!!!!!!!!!!!!! Interrupted: 3 errors during collection !!!!!!!!!!!!!!!!!!!!;3 errors in 0.82s;
[2026-08-08 08:53:06] backend: 记录 2 个失败到 /workspace/.monkeycode/loop/backend_fail_20260808_085306.txt
[2026-08-08 08:53:14] 后端复验: !!!!!!!!!!!!!!!!!!! Interrupted: 3 errors during collection !!!!!!!!!!!!!!!!!!!!;3 errors in 0.35s;
[2026-08-08 08:53:14] 后端复验通过
[2026-08-08 08:54:27] 前端结果: [2m Test Files [22m [1m[32m32 passed[39m[22m[90m (32)[39m;[2m      Tests [22m [1m[32m144 passed[39m[22m[90m (144)[39m;
[2026-08-08 08:54:27] 前端全部通过
[2026-08-08 08:54:29] ===== 第 838 轮结束，sleep 120 =====
[2026-08-08 08:56:29] ===== 第 839 轮开始 =====
[2026-08-08 08:56:53] 后端结果: !!!!!!!!!!!!!!!!!!! Interrupted: 3 errors during collection !!!!!!!!!!!!!!!!!!!!;3 errors in 0.62s;
[2026-08-08 08:56:53] backend: 记录 2 个失败到 /workspace/.monkeycode/loop/backend_fail_20260808_085653.txt
[2026-08-08 08:57:07] 后端复验: !!!!!!!!!!!!!!!!!!! Interrupted: 3 errors during collection !!!!!!!!!!!!!!!!!!!!;3 errors in 0.29s;
[2026-08-08 08:57:07] 后端复验通过
[2026-08-08 08:58:25] 前端结果: [31m⎯⎯⎯⎯⎯⎯⎯[39m[1m[41m Failed Tests 1 [49m[22m[31m⎯⎯⎯⎯⎯⎯⎯[39m;[2m Test Files [22m [1m[31m1 failed[39m[22m[2m | [22m[1m[32m31 passed[39m[22m[90m (32)[39m;[2m      Tests [22m [1m[31m1 failed[39m[22m[2m | [22m[1m[32m143 passed[39m[22m[90m (144)[39m;
[2026-08-08 08:58:25] 前端全部通过
[2026-08-08 08:58:27] ===== 第 839 轮结束，sleep 120 =====
[2026-08-08 09:00:27] ===== 第 840 轮开始 =====
[2026-08-08 09:00:32] 后端结果: !!!!!!!!!!!!!!!!!!! Interrupted: 3 errors during collection !!!!!!!!!!!!!!!!!!!!;3 errors in 1.21s;
[2026-08-08 09:00:32] backend: 记录 2 个失败到 /workspace/.monkeycode/loop/backend_fail_20260808_090032.txt
[2026-08-08 09:00:36] 后端复验: !!!!!!!!!!!!!!!!!!! Interrupted: 3 errors during collection !!!!!!!!!!!!!!!!!!!!;3 errors in 0.29s;
[2026-08-08 09:00:36] 后端复验通过
[2026-08-08 09:02:14] 前端结果: [2m Test Files [22m [1m[32m32 passed[39m[22m[90m (32)[39m;[2m      Tests [22m [1m[32m144 passed[39m[22m[90m (144)[39m;
[2026-08-08 09:02:14] 前端全部通过
[2026-08-08 09:02:15] ===== 第 840 轮结束，sleep 120 =====
[2026-08-08 09:04:15] ===== 第 841 轮开始 =====
[2026-08-08 09:04:36] 后端结果: !!!!!!!!!!!!!!!!!!! Interrupted: 3 errors during collection !!!!!!!!!!!!!!!!!!!!;3 errors in 0.55s;
[2026-08-08 09:04:36] backend: 记录 2 个失败到 /workspace/.monkeycode/loop/backend_fail_20260808_090436.txt
[2026-08-08 09:04:47] 后端复验: !!!!!!!!!!!!!!!!!!! Interrupted: 3 errors during collection !!!!!!!!!!!!!!!!!!!!;3 errors in 0.28s;
[2026-08-08 09:04:47] 后端复验通过
[2026-08-08 09:05:31] 前端结果: [2m Test Files [22m [1m[32m32 passed[39m[22m[90m (32)[39m;[2m      Tests [22m [1m[32m144 passed[39m[22m[90m (144)[39m;
[2026-08-08 09:05:31] 前端全部通过
[2026-08-08 09:05:33] ===== 第 841 轮结束，sleep 120 =====
[2026-08-08 09:07:33] ===== 第 842 轮开始 =====
[2026-08-08 09:07:56] 后端结果: !!!!!!!!!!!!!!!!!!! Interrupted: 3 errors during collection !!!!!!!!!!!!!!!!!!!!;3 errors in 0.79s;
[2026-08-08 09:07:57] backend: 记录 2 个失败到 /workspace/.monkeycode/loop/backend_fail_20260808_090756.txt
[2026-08-08 09:08:15] 后端复验: !!!!!!!!!!!!!!!!!!! Interrupted: 3 errors during collection !!!!!!!!!!!!!!!!!!!!;3 errors in 0.46s;
[2026-08-08 09:08:15] 后端复验通过
[2026-08-08 09:08:48] 前端结果: [2m Test Files [22m [1m[32m32 passed[39m[22m[90m (32)[39m;[2m      Tests [22m [1m[32m144 passed[39m[22m[90m (144)[39m;
[2026-08-08 09:08:48] 前端全部通过
[2026-08-08 09:08:49] ===== 第 842 轮结束，sleep 120 =====
[2026-08-08 09:10:49] ===== 第 843 轮开始 =====
[2026-08-08 09:11:08] 后端结果: !!!!!!!!!!!!!!!!!!! Interrupted: 3 errors during collection !!!!!!!!!!!!!!!!!!!!;3 errors in 0.96s;
[2026-08-08 09:11:08] backend: 记录 2 个失败到 /workspace/.monkeycode/loop/backend_fail_20260808_091108.txt
[2026-08-08 09:11:27] 后端复验: !!!!!!!!!!!!!!!!!!! Interrupted: 3 errors during collection !!!!!!!!!!!!!!!!!!!!;3 errors in 0.97s;
[2026-08-08 09:11:27] 后端复验通过
[2026-08-08 09:12:03] 前端结果: [2m Test Files [22m [1m[32m32 passed[39m[22m[90m (32)[39m;[2m      Tests [22m [1m[32m144 passed[39m[22m[90m (144)[39m;
[2026-08-08 09:12:04] 前端全部通过
[2026-08-08 09:12:05] ===== 第 843 轮结束，sleep 120 =====
[2026-08-08 09:14:05] ===== 第 844 轮开始 =====
[2026-08-08 09:14:27] 后端结果: !!!!!!!!!!!!!!!!!!! Interrupted: 3 errors during collection !!!!!!!!!!!!!!!!!!!!;3 errors in 0.39s;
[2026-08-08 09:14:27] backend: 记录 2 个失败到 /workspace/.monkeycode/loop/backend_fail_20260808_091427.txt
[2026-08-08 09:14:37] 后端复验: !!!!!!!!!!!!!!!!!!! Interrupted: 3 errors during collection !!!!!!!!!!!!!!!!!!!!;3 errors in 0.28s;
[2026-08-08 09:14:37] 后端复验通过
[2026-08-08 09:15:36] 前端结果: [2m Test Files [22m [1m[32m32 passed[39m[22m[90m (32)[39m;[2m      Tests [22m [1m[32m144 passed[39m[22m[90m (144)[39m;
[2026-08-08 09:15:36] 前端全部通过
[2026-08-08 09:15:37] ===== 第 844 轮结束，sleep 120 =====
[2026-08-08 09:17:37] ===== 第 845 轮开始 =====
[2026-08-08 09:18:02] 后端结果: !!!!!!!!!!!!!!!!!!! Interrupted: 3 errors during collection !!!!!!!!!!!!!!!!!!!!;3 errors in 1.09s;
[2026-08-08 09:18:02] backend: 记录 2 个失败到 /workspace/.monkeycode/loop/backend_fail_20260808_091802.txt
[2026-08-08 09:18:18] 后端复验: !!!!!!!!!!!!!!!!!!! Interrupted: 3 errors during collection !!!!!!!!!!!!!!!!!!!!;3 errors in 0.32s;
[2026-08-08 09:18:18] 后端复验通过
[2026-08-08 09:18:53] 前端结果: [2m Test Files [22m [1m[32m32 passed[39m[22m[90m (32)[39m;[2m      Tests [22m [1m[32m144 passed[39m[22m[90m (144)[39m;
[2026-08-08 09:18:53] 前端全部通过
[2026-08-08 09:18:54] ===== 第 845 轮结束，sleep 120 =====
[2026-08-08 09:20:54] ===== 第 846 轮开始 =====
[2026-08-08 09:21:13] 后端结果: !!!!!!!!!!!!!!!!!!! Interrupted: 3 errors during collection !!!!!!!!!!!!!!!!!!!!;3 errors in 0.96s;
[2026-08-08 09:21:13] backend: 记录 2 个失败到 /workspace/.monkeycode/loop/backend_fail_20260808_092113.txt
[2026-08-08 09:21:37] 后端复验: !!!!!!!!!!!!!!!!!!! Interrupted: 3 errors during collection !!!!!!!!!!!!!!!!!!!!;3 errors in 0.98s;
[2026-08-08 09:21:37] 后端复验通过
[2026-08-08 09:22:13] 前端结果: [2m Test Files [22m [1m[32m32 passed[39m[22m[90m (32)[39m;[2m      Tests [22m [1m[32m144 passed[39m[22m[90m (144)[39m;
[2026-08-08 09:22:13] 前端全部通过
[2026-08-08 09:22:13] ===== 第 846 轮结束，sleep 120 =====
[2026-08-08 09:24:13] ===== 第 847 轮开始 =====
[2026-08-08 09:24:32] 后端结果: !!!!!!!!!!!!!!!!!!! Interrupted: 3 errors during collection !!!!!!!!!!!!!!!!!!!!;3 errors in 0.33s;
[2026-08-08 09:24:32] backend: 记录 2 个失败到 /workspace/.monkeycode/loop/backend_fail_20260808_092432.txt
[2026-08-08 09:24:36] 后端复验: !!!!!!!!!!!!!!!!!!! Interrupted: 3 errors during collection !!!!!!!!!!!!!!!!!!!!;3 errors in 0.27s;
[2026-08-08 09:24:36] 后端复验通过
[2026-08-08 09:25:09] 前端结果: [2m Test Files [22m [1m[32m32 passed[39m[22m[90m (32)[39m;[2m      Tests [22m [1m[32m144 passed[39m[22m[90m (144)[39m;
[2026-08-08 09:25:09] 前端全部通过
[2026-08-08 09:25:11] ===== 第 847 轮结束，sleep 120 =====
[2026-08-08 09:27:12] ===== 第 848 轮开始 =====
[2026-08-08 09:27:39] 后端结果: !!!!!!!!!!!!!!!!!!! Interrupted: 3 errors during collection !!!!!!!!!!!!!!!!!!!!;3 errors in 0.81s;
[2026-08-08 09:27:39] backend: 记录 2 个失败到 /workspace/.monkeycode/loop/backend_fail_20260808_092739.txt
[2026-08-08 09:28:00] 后端复验: !!!!!!!!!!!!!!!!!!! Interrupted: 3 errors during collection !!!!!!!!!!!!!!!!!!!!;3 errors in 0.34s;
[2026-08-08 09:28:00] 后端复验通过
[2026-08-08 09:29:11] 前端结果: [31m⎯⎯⎯⎯⎯⎯⎯[39m[1m[41m Failed Tests 1 [49m[22m[31m⎯⎯⎯⎯⎯⎯⎯[39m;[2m Test Files [22m [1m[31m1 failed[39m[22m[2m | [22m[1m[32m31 passed[39m[22m[90m (32)[39m;[2m      Tests [22m [1m[31m1 failed[39m[22m[2m | [22m[1m[32m143 passed[39m[22m[90m (144)[39m;
[2026-08-08 09:29:11] 前端全部通过
[2026-08-08 09:29:13] ===== 第 848 轮结束，sleep 120 =====
[2026-08-08 09:31:13] ===== 第 849 轮开始 =====
[2026-08-08 09:31:38] 后端结果: !!!!!!!!!!!!!!!!!!! Interrupted: 3 errors during collection !!!!!!!!!!!!!!!!!!!!;3 errors in 1.07s;
[2026-08-08 09:31:38] backend: 记录 2 个失败到 /workspace/.monkeycode/loop/backend_fail_20260808_093138.txt
[2026-08-08 09:31:53] 后端复验: !!!!!!!!!!!!!!!!!!! Interrupted: 3 errors during collection !!!!!!!!!!!!!!!!!!!!;3 errors in 0.39s;
[2026-08-08 09:31:53] 后端复验通过
[2026-08-08 09:32:28] 前端结果: [2m Test Files [22m [1m[32m32 passed[39m[22m[90m (32)[39m;[2m      Tests [22m [1m[32m144 passed[39m[22m[90m (144)[39m;
[2026-08-08 09:32:28] 前端全部通过
[2026-08-08 09:32:30] ===== 第 849 轮结束，sleep 120 =====
[2026-08-08 09:34:30] ===== 第 850 轮开始 =====
[2026-08-08 09:34:42] 后端结果: !!!!!!!!!!!!!!!!!!! Interrupted: 3 errors during collection !!!!!!!!!!!!!!!!!!!!;3 errors in 0.28s;
[2026-08-08 09:34:42] backend: 记录 2 个失败到 /workspace/.monkeycode/loop/backend_fail_20260808_093442.txt
[2026-08-08 09:34:45] 后端复验: !!!!!!!!!!!!!!!!!!! Interrupted: 3 errors during collection !!!!!!!!!!!!!!!!!!!!;3 errors in 0.27s;
[2026-08-08 09:34:45] 后端复验通过
[2026-08-08 09:35:34] 前端结果: [2m Test Files [22m [1m[32m32 passed[39m[22m[90m (32)[39m;[2m      Tests [22m [1m[32m144 passed[39m[22m[90m (144)[39m;
[2026-08-08 09:35:34] 前端全部通过
[2026-08-08 09:35:35] ===== 第 850 轮结束，sleep 120 =====
[2026-08-08 09:37:35] ===== 第 851 轮开始 =====
[2026-08-08 09:37:48] 后端结果: !!!!!!!!!!!!!!!!!!! Interrupted: 3 errors during collection !!!!!!!!!!!!!!!!!!!!;3 errors in 0.30s;
[2026-08-08 09:37:48] backend: 记录 2 个失败到 /workspace/.monkeycode/loop/backend_fail_20260808_093748.txt
[2026-08-08 09:37:51] 后端复验: !!!!!!!!!!!!!!!!!!! Interrupted: 3 errors during collection !!!!!!!!!!!!!!!!!!!!;3 errors in 0.31s;
[2026-08-08 09:37:51] 后端复验通过
[2026-08-08 09:38:27] 前端结果: [2m Test Files [22m [1m[32m32 passed[39m[22m[90m (32)[39m;[2m      Tests [22m [1m[32m144 passed[39m[22m[90m (144)[39m;
[2026-08-08 09:38:27] 前端全部通过
[2026-08-08 09:38:27] ===== 第 851 轮结束，sleep 120 =====
[2026-08-08 09:40:27] ===== 第 852 轮开始 =====
[2026-08-08 09:40:35] 后端结果: !!!!!!!!!!!!!!!!!!! Interrupted: 3 errors during collection !!!!!!!!!!!!!!!!!!!!;3 errors in 0.39s;
[2026-08-08 09:40:35] backend: 记录 2 个失败到 /workspace/.monkeycode/loop/backend_fail_20260808_094035.txt
[2026-08-08 09:40:39] 后端复验: !!!!!!!!!!!!!!!!!!! Interrupted: 3 errors during collection !!!!!!!!!!!!!!!!!!!!;3 errors in 0.30s;
[2026-08-08 09:40:39] 后端复验通过
[2026-08-08 09:41:40] 前端结果: [2m Test Files [22m [1m[32m32 passed[39m[22m[90m (32)[39m;[2m      Tests [22m [1m[32m144 passed[39m[22m[90m (144)[39m;
[2026-08-08 09:41:40] 前端全部通过
[2026-08-08 09:41:40] ===== 第 852 轮结束，sleep 120 =====
[2026-08-08 09:43:40] ===== 第 853 轮开始 =====
[2026-08-08 09:43:52] 后端结果: !!!!!!!!!!!!!!!!!!! Interrupted: 3 errors during collection !!!!!!!!!!!!!!!!!!!!;3 errors in 0.29s;
[2026-08-08 09:43:52] backend: 记录 2 个失败到 /workspace/.monkeycode/loop/backend_fail_20260808_094352.txt
[2026-08-08 09:43:58] 后端复验: !!!!!!!!!!!!!!!!!!! Interrupted: 3 errors during collection !!!!!!!!!!!!!!!!!!!!;3 errors in 0.31s;
[2026-08-08 09:43:58] 后端复验通过
[2026-08-08 09:44:48] 前端结果: [2m Test Files [22m [1m[32m32 passed[39m[22m[90m (32)[39m;[2m      Tests [22m [1m[32m144 passed[39m[22m[90m (144)[39m;
[2026-08-08 09:44:48] 前端全部通过
[2026-08-08 09:44:49] ===== 第 853 轮结束，sleep 120 =====
[2026-08-08 09:46:49] ===== 第 854 轮开始 =====
[2026-08-08 09:47:01] 后端结果: !!!!!!!!!!!!!!!!!!! Interrupted: 3 errors during collection !!!!!!!!!!!!!!!!!!!!;3 errors in 0.29s;
[2026-08-08 09:47:01] backend: 记录 2 个失败到 /workspace/.monkeycode/loop/backend_fail_20260808_094701.txt
[2026-08-08 09:47:06] 后端复验: !!!!!!!!!!!!!!!!!!! Interrupted: 3 errors during collection !!!!!!!!!!!!!!!!!!!!;3 errors in 0.33s;
[2026-08-08 09:47:06] 后端复验通过
[2026-08-08 09:47:50] 前端结果: [2m Test Files [22m [1m[32m32 passed[39m[22m[90m (32)[39m;[2m      Tests [22m [1m[32m144 passed[39m[22m[90m (144)[39m;
[2026-08-08 09:47:50] 前端全部通过
[2026-08-08 09:47:51] ===== 第 854 轮结束，sleep 120 =====
[2026-08-08 09:49:51] ===== 第 855 轮开始 =====
[2026-08-08 09:50:03] 后端结果: !!!!!!!!!!!!!!!!!!! Interrupted: 3 errors during collection !!!!!!!!!!!!!!!!!!!!;3 errors in 0.27s;
[2026-08-08 09:50:03] backend: 记录 2 个失败到 /workspace/.monkeycode/loop/backend_fail_20260808_095003.txt
[2026-08-08 09:50:09] 后端复验: !!!!!!!!!!!!!!!!!!! Interrupted: 3 errors during collection !!!!!!!!!!!!!!!!!!!!;3 errors in 0.33s;
[2026-08-08 09:50:09] 后端复验通过
[2026-08-08 09:50:59] 前端结果: [2m Test Files [22m [1m[32m32 passed[39m[22m[90m (32)[39m;[2m      Tests [22m [1m[32m144 passed[39m[22m[90m (144)[39m;
[2026-08-08 09:50:59] 前端全部通过
[2026-08-08 09:50:59] ===== 第 855 轮结束，sleep 120 =====
[2026-08-08 09:52:59] ===== 第 856 轮开始 =====
[2026-08-08 09:53:11] 后端结果: !!!!!!!!!!!!!!!!!!! Interrupted: 3 errors during collection !!!!!!!!!!!!!!!!!!!!;3 errors in 0.30s;
[2026-08-08 09:53:11] backend: 记录 2 个失败到 /workspace/.monkeycode/loop/backend_fail_20260808_095311.txt
[2026-08-08 09:53:18] 后端复验: !!!!!!!!!!!!!!!!!!! Interrupted: 3 errors during collection !!!!!!!!!!!!!!!!!!!!;3 errors in 0.34s;
[2026-08-08 09:53:18] 后端复验通过
[2026-08-08 09:54:04] 前端结果: [2m Test Files [22m [1m[32m32 passed[39m[22m[90m (32)[39m;[2m      Tests [22m [1m[32m144 passed[39m[22m[90m (144)[39m;
[2026-08-08 09:54:04] 前端全部通过
[2026-08-08 09:54:04] ===== 第 856 轮结束，sleep 120 =====
[2026-08-08 09:56:04] ===== 第 857 轮开始 =====
[2026-08-08 09:56:17] 后端结果: !!!!!!!!!!!!!!!!!!! Interrupted: 3 errors during collection !!!!!!!!!!!!!!!!!!!!;3 errors in 0.32s;
[2026-08-08 09:56:17] backend: 记录 2 个失败到 /workspace/.monkeycode/loop/backend_fail_20260808_095617.txt
[2026-08-08 09:56:22] 后端复验: !!!!!!!!!!!!!!!!!!! Interrupted: 3 errors during collection !!!!!!!!!!!!!!!!!!!!;3 errors in 0.36s;
[2026-08-08 09:56:22] 后端复验通过
[2026-08-08 09:57:03] 前端结果: [2m Test Files [22m [1m[32m32 passed[39m[22m[90m (32)[39m;[2m      Tests [22m [1m[32m144 passed[39m[22m[90m (144)[39m;
[2026-08-08 09:57:04] 前端全部通过
[2026-08-08 09:57:04] ===== 第 857 轮结束，sleep 120 =====
[2026-08-08 09:59:04] ===== 第 858 轮开始 =====
[2026-08-08 09:59:16] 后端结果: !!!!!!!!!!!!!!!!!!! Interrupted: 3 errors during collection !!!!!!!!!!!!!!!!!!!!;3 errors in 0.26s;
[2026-08-08 09:59:16] backend: 记录 2 个失败到 /workspace/.monkeycode/loop/backend_fail_20260808_095916.txt
[2026-08-08 09:59:21] 后端复验: !!!!!!!!!!!!!!!!!!! Interrupted: 3 errors during collection !!!!!!!!!!!!!!!!!!!!;3 errors in 0.29s;
[2026-08-08 09:59:21] 后端复验通过
[2026-08-08 10:00:14] 前端结果: [2m Test Files [22m [1m[32m32 passed[39m[22m[90m (32)[39m;[2m      Tests [22m [1m[32m144 passed[39m[22m[90m (144)[39m;
[2026-08-08 10:00:14] 前端全部通过
[2026-08-08 10:00:14] ===== 第 858 轮结束，sleep 120 =====
[2026-08-08 10:02:14] ===== 第 859 轮开始 =====
[2026-08-08 10:02:26] 后端结果: !!!!!!!!!!!!!!!!!!! Interrupted: 3 errors during collection !!!!!!!!!!!!!!!!!!!!;3 errors in 0.38s;
[2026-08-08 10:02:26] backend: 记录 2 个失败到 /workspace/.monkeycode/loop/backend_fail_20260808_100226.txt
[2026-08-08 10:02:32] 后端复验: !!!!!!!!!!!!!!!!!!! Interrupted: 3 errors during collection !!!!!!!!!!!!!!!!!!!!;3 errors in 0.33s;
[2026-08-08 10:02:32] 后端复验通过
[2026-08-08 10:03:24] 前端结果: [2m Test Files [22m [1m[32m32 passed[39m[22m[90m (32)[39m;[2m      Tests [22m [1m[32m144 passed[39m[22m[90m (144)[39m;
[2026-08-08 10:03:25] 前端全部通过
[2026-08-08 10:03:25] ===== 第 859 轮结束，sleep 120 =====
[2026-08-08 10:05:25] ===== 第 860 轮开始 =====
[2026-08-08 10:05:37] 后端结果: !!!!!!!!!!!!!!!!!!! Interrupted: 3 errors during collection !!!!!!!!!!!!!!!!!!!!;3 errors in 0.27s;
[2026-08-08 10:05:37] backend: 记录 2 个失败到 /workspace/.monkeycode/loop/backend_fail_20260808_100537.txt
[2026-08-08 10:05:43] 后端复验: !!!!!!!!!!!!!!!!!!! Interrupted: 3 errors during collection !!!!!!!!!!!!!!!!!!!!;3 errors in 0.28s;
[2026-08-08 10:05:43] 后端复验通过
[2026-08-08 10:06:36] 前端结果: [2m Test Files [22m [1m[32m32 passed[39m[22m[90m (32)[39m;[2m      Tests [22m [1m[32m144 passed[39m[22m[90m (144)[39m;
[2026-08-08 10:06:36] 前端全部通过
[2026-08-08 10:06:36] ===== 第 860 轮结束，sleep 120 =====
[2026-08-08 10:08:36] ===== 第 861 轮开始 =====
[2026-08-08 10:08:48] 后端结果: !!!!!!!!!!!!!!!!!!! Interrupted: 3 errors during collection !!!!!!!!!!!!!!!!!!!!;3 errors in 0.28s;
[2026-08-08 10:08:48] backend: 记录 2 个失败到 /workspace/.monkeycode/loop/backend_fail_20260808_100848.txt
[2026-08-08 10:08:53] 后端复验: !!!!!!!!!!!!!!!!!!! Interrupted: 3 errors during collection !!!!!!!!!!!!!!!!!!!!;3 errors in 0.27s;
[2026-08-08 10:08:53] 后端复验通过
[2026-08-08 10:09:40] 前端结果: [2m Test Files [22m [1m[32m32 passed[39m[22m[90m (32)[39m;[2m      Tests [22m [1m[32m144 passed[39m[22m[90m (144)[39m;
[2026-08-08 10:09:41] 前端全部通过
[2026-08-08 10:09:41] ===== 第 861 轮结束，sleep 120 =====
[2026-08-08 10:11:41] ===== 第 862 轮开始 =====
[2026-08-08 10:11:53] 后端结果: !!!!!!!!!!!!!!!!!!! Interrupted: 3 errors during collection !!!!!!!!!!!!!!!!!!!!;3 errors in 0.30s;
[2026-08-08 10:11:53] backend: 记录 2 个失败到 /workspace/.monkeycode/loop/backend_fail_20260808_101153.txt
[2026-08-08 10:11:58] 后端复验: !!!!!!!!!!!!!!!!!!! Interrupted: 3 errors during collection !!!!!!!!!!!!!!!!!!!!;3 errors in 0.30s;
[2026-08-08 10:11:58] 后端复验通过
[2026-08-08 10:12:44] 前端结果: [2m Test Files [22m [1m[32m32 passed[39m[22m[90m (32)[39m;[2m      Tests [22m [1m[32m144 passed[39m[22m[90m (144)[39m;
[2026-08-08 10:12:44] 前端全部通过
[2026-08-08 10:12:45] ===== 第 862 轮结束，sleep 120 =====
[2026-08-08 10:14:45] ===== 第 863 轮开始 =====
[2026-08-08 10:14:56] 后端结果: !!!!!!!!!!!!!!!!!!! Interrupted: 3 errors during collection !!!!!!!!!!!!!!!!!!!!;3 errors in 0.26s;
[2026-08-08 10:14:56] backend: 记录 2 个失败到 /workspace/.monkeycode/loop/backend_fail_20260808_101456.txt
[2026-08-08 10:15:02] 后端复验: !!!!!!!!!!!!!!!!!!! Interrupted: 3 errors during collection !!!!!!!!!!!!!!!!!!!!;3 errors in 0.29s;
[2026-08-08 10:15:02] 后端复验通过
[2026-08-08 10:15:53] 前端结果: [2m Test Files [22m [1m[32m32 passed[39m[22m[90m (32)[39m;[2m      Tests [22m [1m[32m144 passed[39m[22m[90m (144)[39m;
[2026-08-08 10:15:53] 前端全部通过
[2026-08-08 10:15:53] ===== 第 863 轮结束，sleep 120 =====
[2026-08-08 10:17:53] ===== 第 864 轮开始 =====
[2026-08-08 10:18:05] 后端结果: !!!!!!!!!!!!!!!!!!! Interrupted: 3 errors during collection !!!!!!!!!!!!!!!!!!!!;3 errors in 0.27s;
[2026-08-08 10:18:05] backend: 记录 2 个失败到 /workspace/.monkeycode/loop/backend_fail_20260808_101805.txt
[2026-08-08 10:18:10] 后端复验: !!!!!!!!!!!!!!!!!!! Interrupted: 3 errors during collection !!!!!!!!!!!!!!!!!!!!;3 errors in 0.29s;
[2026-08-08 10:18:10] 后端复验通过
[2026-08-08 10:19:03] 前端结果: [2m Test Files [22m [1m[32m32 passed[39m[22m[90m (32)[39m;[2m      Tests [22m [1m[32m144 passed[39m[22m[90m (144)[39m;
[2026-08-08 10:19:03] 前端全部通过
[2026-08-08 10:19:03] ===== 第 864 轮结束，sleep 120 =====
[2026-08-08 10:21:03] ===== 第 865 轮开始 =====
[2026-08-08 10:21:15] 后端结果: !!!!!!!!!!!!!!!!!!! Interrupted: 3 errors during collection !!!!!!!!!!!!!!!!!!!!;3 errors in 0.25s;
[2026-08-08 10:21:15] backend: 记录 2 个失败到 /workspace/.monkeycode/loop/backend_fail_20260808_102115.txt
[2026-08-08 10:21:21] 后端复验: !!!!!!!!!!!!!!!!!!! Interrupted: 3 errors during collection !!!!!!!!!!!!!!!!!!!!;3 errors in 0.25s;
[2026-08-08 10:21:21] 后端复验通过
[2026-08-08 10:22:12] 前端结果: [2m Test Files [22m [1m[32m32 passed[39m[22m[90m (32)[39m;[2m      Tests [22m [1m[32m144 passed[39m[22m[90m (144)[39m;
[2026-08-08 10:22:12] 前端全部通过
[2026-08-08 10:22:12] ===== 第 865 轮结束，sleep 120 =====
[2026-08-08 10:24:12] ===== 第 866 轮开始 =====
[2026-08-08 10:24:24] 后端结果: !!!!!!!!!!!!!!!!!!! Interrupted: 3 errors during collection !!!!!!!!!!!!!!!!!!!!;3 errors in 0.28s;
[2026-08-08 10:24:24] backend: 记录 2 个失败到 /workspace/.monkeycode/loop/backend_fail_20260808_102424.txt
[2026-08-08 10:24:28] 后端复验: !!!!!!!!!!!!!!!!!!! Interrupted: 3 errors during collection !!!!!!!!!!!!!!!!!!!!;3 errors in 0.27s;
[2026-08-08 10:24:28] 后端复验通过
[2026-08-08 10:25:25] 前端结果: [2m Test Files [22m [1m[32m32 passed[39m[22m[90m (32)[39m;[2m      Tests [22m [1m[32m144 passed[39m[22m[90m (144)[39m;
[2026-08-08 10:25:25] 前端全部通过
[2026-08-08 10:25:25] ===== 第 866 轮结束，sleep 120 =====
[2026-08-08 10:27:25] ===== 第 867 轮开始 =====
[2026-08-08 10:27:38] 后端结果: !!!!!!!!!!!!!!!!!!! Interrupted: 3 errors during collection !!!!!!!!!!!!!!!!!!!!;3 errors in 0.29s;
[2026-08-08 10:27:38] backend: 记录 2 个失败到 /workspace/.monkeycode/loop/backend_fail_20260808_102738.txt
[2026-08-08 10:27:44] 后端复验: !!!!!!!!!!!!!!!!!!! Interrupted: 3 errors during collection !!!!!!!!!!!!!!!!!!!!;3 errors in 0.29s;
[2026-08-08 10:27:44] 后端复验通过
[2026-08-08 10:28:21] 前端结果: [2m Test Files [22m [1m[32m32 passed[39m[22m[90m (32)[39m;[2m      Tests [22m [1m[32m144 passed[39m[22m[90m (144)[39m;
[2026-08-08 10:28:22] 前端全部通过
[2026-08-08 10:28:22] ===== 第 867 轮结束，sleep 120 =====
[2026-08-08 10:30:22] ===== 第 868 轮开始 =====
[2026-08-08 10:30:34] 后端结果: !!!!!!!!!!!!!!!!!!! Interrupted: 3 errors during collection !!!!!!!!!!!!!!!!!!!!;3 errors in 0.29s;
[2026-08-08 10:30:34] backend: 记录 2 个失败到 /workspace/.monkeycode/loop/backend_fail_20260808_103034.txt
[2026-08-08 10:30:39] 后端复验: !!!!!!!!!!!!!!!!!!! Interrupted: 3 errors during collection !!!!!!!!!!!!!!!!!!!!;3 errors in 0.27s;
[2026-08-08 10:30:39] 后端复验通过
[2026-08-08 10:31:23] 前端结果: [2m Test Files [22m [1m[32m32 passed[39m[22m[90m (32)[39m;[2m      Tests [22m [1m[32m144 passed[39m[22m[90m (144)[39m;
[2026-08-08 10:31:23] 前端全部通过
[2026-08-08 10:31:23] ===== 第 868 轮结束，sleep 120 =====
[2026-08-08 10:33:23] ===== 第 869 轮开始 =====
[2026-08-08 10:33:35] 后端结果: !!!!!!!!!!!!!!!!!!! Interrupted: 3 errors during collection !!!!!!!!!!!!!!!!!!!!;3 errors in 0.31s;
[2026-08-08 10:33:35] backend: 记录 2 个失败到 /workspace/.monkeycode/loop/backend_fail_20260808_103335.txt
[2026-08-08 10:33:41] 后端复验: !!!!!!!!!!!!!!!!!!! Interrupted: 3 errors during collection !!!!!!!!!!!!!!!!!!!!;3 errors in 0.32s;
[2026-08-08 10:33:41] 后端复验通过
[2026-08-08 10:34:35] 前端结果: [2m Test Files [22m [1m[32m32 passed[39m[22m[90m (32)[39m;[2m      Tests [22m [1m[32m144 passed[39m[22m[90m (144)[39m;
[2026-08-08 10:34:35] 前端全部通过
[2026-08-08 10:34:35] ===== 第 869 轮结束，sleep 120 =====
[2026-08-08 10:36:35] ===== 第 870 轮开始 =====
[2026-08-08 10:36:47] 后端结果: !!!!!!!!!!!!!!!!!!! Interrupted: 3 errors during collection !!!!!!!!!!!!!!!!!!!!;3 errors in 0.30s;
[2026-08-08 10:36:47] backend: 记录 2 个失败到 /workspace/.monkeycode/loop/backend_fail_20260808_103647.txt
[2026-08-08 10:36:52] 后端复验: !!!!!!!!!!!!!!!!!!! Interrupted: 3 errors during collection !!!!!!!!!!!!!!!!!!!!;3 errors in 0.30s;
[2026-08-08 10:36:52] 后端复验通过
[2026-08-08 10:37:30] 前端结果: [2m Test Files [22m [1m[32m32 passed[39m[22m[90m (32)[39m;[2m      Tests [22m [1m[32m144 passed[39m[22m[90m (144)[39m;
[2026-08-08 10:37:31] 前端全部通过
[2026-08-08 10:37:31] ===== 第 870 轮结束，sleep 120 =====
[2026-08-08 10:39:31] ===== 第 871 轮开始 =====
[2026-08-08 10:39:43] 后端结果: !!!!!!!!!!!!!!!!!!! Interrupted: 3 errors during collection !!!!!!!!!!!!!!!!!!!!;3 errors in 0.31s;
[2026-08-08 10:39:43] backend: 记录 2 个失败到 /workspace/.monkeycode/loop/backend_fail_20260808_103943.txt
[2026-08-08 10:39:50] 后端复验: !!!!!!!!!!!!!!!!!!! Interrupted: 3 errors during collection !!!!!!!!!!!!!!!!!!!!;3 errors in 0.27s;
[2026-08-08 10:39:50] 后端复验通过
[2026-08-08 10:40:29] 前端结果: [2m Test Files [22m [1m[32m32 passed[39m[22m[90m (32)[39m;[2m      Tests [22m [1m[32m144 passed[39m[22m[90m (144)[39m;
[2026-08-08 10:40:29] 前端全部通过
[2026-08-08 10:40:29] ===== 第 871 轮结束，sleep 120 =====
[2026-08-08 10:42:29] ===== 第 872 轮开始 =====
[2026-08-08 10:42:42] 后端结果: !!!!!!!!!!!!!!!!!!! Interrupted: 3 errors during collection !!!!!!!!!!!!!!!!!!!!;3 errors in 0.44s;
[2026-08-08 10:42:42] backend: 记录 2 个失败到 /workspace/.monkeycode/loop/backend_fail_20260808_104242.txt
[2026-08-08 10:42:46] 后端复验: !!!!!!!!!!!!!!!!!!! Interrupted: 3 errors during collection !!!!!!!!!!!!!!!!!!!!;3 errors in 0.28s;
[2026-08-08 10:42:46] 后端复验通过
[2026-08-08 10:43:37] 前端结果: [2m Test Files [22m [1m[32m32 passed[39m[22m[90m (32)[39m;[2m      Tests [22m [1m[32m144 passed[39m[22m[90m (144)[39m;
[2026-08-08 10:43:37] 前端全部通过
[2026-08-08 10:43:38] ===== 第 872 轮结束，sleep 120 =====
[2026-08-08 10:45:38] ===== 第 873 轮开始 =====
[2026-08-08 10:45:50] 后端结果: !!!!!!!!!!!!!!!!!!! Interrupted: 3 errors during collection !!!!!!!!!!!!!!!!!!!!;3 errors in 0.32s;
[2026-08-08 10:45:50] backend: 记录 2 个失败到 /workspace/.monkeycode/loop/backend_fail_20260808_104550.txt
[2026-08-08 10:45:56] 后端复验: !!!!!!!!!!!!!!!!!!! Interrupted: 3 errors during collection !!!!!!!!!!!!!!!!!!!!;3 errors in 0.30s;
[2026-08-08 10:45:56] 后端复验通过
[2026-08-08 10:47:04] 前端结果: [2m Test Files [22m [1m[32m32 passed[39m[22m[90m (32)[39m;[2m      Tests [22m [1m[32m144 passed[39m[22m[90m (144)[39m;
[2026-08-08 10:47:04] 前端全部通过
[2026-08-08 10:47:04] ===== 第 873 轮结束，sleep 120 =====
[2026-08-08 10:49:04] ===== 第 874 轮开始 =====
[2026-08-08 10:49:16] 后端结果: !!!!!!!!!!!!!!!!!!! Interrupted: 3 errors during collection !!!!!!!!!!!!!!!!!!!!;3 errors in 0.42s;
[2026-08-08 10:49:17] backend: 记录 2 个失败到 /workspace/.monkeycode/loop/backend_fail_20260808_104917.txt
[2026-08-08 10:49:24] 后端复验: !!!!!!!!!!!!!!!!!!! Interrupted: 3 errors during collection !!!!!!!!!!!!!!!!!!!!;3 errors in 0.32s;
[2026-08-08 10:49:24] 后端复验通过
[2026-08-08 10:50:13] 前端结果: [2m Test Files [22m [1m[32m32 passed[39m[22m[90m (32)[39m;[2m      Tests [22m [1m[32m144 passed[39m[22m[90m (144)[39m;
[2026-08-08 10:50:13] 前端全部通过
[2026-08-08 10:50:13] ===== 第 874 轮结束，sleep 120 =====
[2026-08-08 10:52:13] ===== 第 875 轮开始 =====
[2026-08-08 10:52:25] 后端结果: !!!!!!!!!!!!!!!!!!! Interrupted: 3 errors during collection !!!!!!!!!!!!!!!!!!!!;3 errors in 0.27s;
[2026-08-08 10:52:25] backend: 记录 2 个失败到 /workspace/.monkeycode/loop/backend_fail_20260808_105225.txt
[2026-08-08 10:52:29] 后端复验: !!!!!!!!!!!!!!!!!!! Interrupted: 3 errors during collection !!!!!!!!!!!!!!!!!!!!;3 errors in 0.27s;
[2026-08-08 10:52:29] 后端复验通过
[2026-08-08 10:53:24] 前端结果: [2m Test Files [22m [1m[32m32 passed[39m[22m[90m (32)[39m;[2m      Tests [22m [1m[32m144 passed[39m[22m[90m (144)[39m;
[2026-08-08 10:53:24] 前端全部通过
[2026-08-08 10:53:25] ===== 第 875 轮结束，sleep 120 =====
[2026-08-08 10:55:25] ===== 第 876 轮开始 =====
[2026-08-08 10:55:37] 后端结果: !!!!!!!!!!!!!!!!!!! Interrupted: 3 errors during collection !!!!!!!!!!!!!!!!!!!!;3 errors in 0.35s;
[2026-08-08 10:55:37] backend: 记录 2 个失败到 /workspace/.monkeycode/loop/backend_fail_20260808_105537.txt
[2026-08-08 10:55:42] 后端复验: !!!!!!!!!!!!!!!!!!! Interrupted: 3 errors during collection !!!!!!!!!!!!!!!!!!!!;3 errors in 0.28s;
[2026-08-08 10:55:42] 后端复验通过
[2026-08-08 10:56:45] 前端结果: [2m Test Files [22m [1m[32m32 passed[39m[22m[90m (32)[39m;[2m      Tests [22m [1m[32m144 passed[39m[22m[90m (144)[39m;
[2026-08-08 10:56:45] 前端全部通过
[2026-08-08 10:56:46] ===== 第 876 轮结束，sleep 120 =====
[2026-08-08 10:58:46] ===== 第 877 轮开始 =====
[2026-08-08 10:58:58] 后端结果: !!!!!!!!!!!!!!!!!!! Interrupted: 3 errors during collection !!!!!!!!!!!!!!!!!!!!;3 errors in 0.29s;
[2026-08-08 10:58:58] backend: 记录 2 个失败到 /workspace/.monkeycode/loop/backend_fail_20260808_105858.txt
[2026-08-08 10:59:03] 后端复验: !!!!!!!!!!!!!!!!!!! Interrupted: 3 errors during collection !!!!!!!!!!!!!!!!!!!!;3 errors in 0.26s;
[2026-08-08 10:59:03] 后端复验通过
[2026-08-08 11:00:00] 前端结果: [2m Test Files [22m [1m[32m32 passed[39m[22m[90m (32)[39m;[2m      Tests [22m [1m[32m144 passed[39m[22m[90m (144)[39m;
[2026-08-08 11:00:00] 前端全部通过
[2026-08-08 11:00:01] ===== 第 877 轮结束，sleep 120 =====
[2026-08-08 11:02:01] ===== 第 878 轮开始 =====
[2026-08-08 11:02:13] 后端结果: !!!!!!!!!!!!!!!!!!! Interrupted: 3 errors during collection !!!!!!!!!!!!!!!!!!!!;3 errors in 0.30s;
[2026-08-08 11:02:13] backend: 记录 2 个失败到 /workspace/.monkeycode/loop/backend_fail_20260808_110213.txt
[2026-08-08 11:02:21] 后端复验: !!!!!!!!!!!!!!!!!!! Interrupted: 3 errors during collection !!!!!!!!!!!!!!!!!!!!;3 errors in 0.26s;
[2026-08-08 11:02:21] 后端复验通过
[2026-08-08 11:03:29] 前端结果: [2m Test Files [22m [1m[32m32 passed[39m[22m[90m (32)[39m;[2m      Tests [22m [1m[32m144 passed[39m[22m[90m (144)[39m;
[2026-08-08 11:03:29] 前端全部通过
[2026-08-08 11:03:30] ===== 第 878 轮结束，sleep 120 =====
[2026-08-08 11:05:30] ===== 第 879 轮开始 =====
[2026-08-08 11:05:42] 后端结果: !!!!!!!!!!!!!!!!!!! Interrupted: 3 errors during collection !!!!!!!!!!!!!!!!!!!!;3 errors in 0.38s;
[2026-08-08 11:05:42] backend: 记录 2 个失败到 /workspace/.monkeycode/loop/backend_fail_20260808_110542.txt
[2026-08-08 11:05:46] 后端复验: !!!!!!!!!!!!!!!!!!! Interrupted: 3 errors during collection !!!!!!!!!!!!!!!!!!!!;3 errors in 0.30s;
[2026-08-08 11:05:46] 后端复验通过
[2026-08-08 11:06:34] 前端结果: [2m Test Files [22m [1m[32m32 passed[39m[22m[90m (32)[39m;[2m      Tests [22m [1m[32m144 passed[39m[22m[90m (144)[39m;
[2026-08-08 11:06:35] 前端全部通过
[2026-08-08 11:06:35] ===== 第 879 轮结束，sleep 120 =====
[2026-08-08 11:08:35] ===== 第 880 轮开始 =====
[2026-08-08 11:08:47] 后端结果: !!!!!!!!!!!!!!!!!!! Interrupted: 3 errors during collection !!!!!!!!!!!!!!!!!!!!;3 errors in 0.30s;
[2026-08-08 11:08:47] backend: 记录 2 个失败到 /workspace/.monkeycode/loop/backend_fail_20260808_110847.txt
[2026-08-08 11:08:52] 后端复验: !!!!!!!!!!!!!!!!!!! Interrupted: 3 errors during collection !!!!!!!!!!!!!!!!!!!!;3 errors in 0.32s;
[2026-08-08 11:08:52] 后端复验通过
[2026-08-08 11:09:41] 前端结果: [2m Test Files [22m [1m[32m32 passed[39m[22m[90m (32)[39m;[2m      Tests [22m [1m[32m144 passed[39m[22m[90m (144)[39m;
[2026-08-08 11:09:41] 前端全部通过
[2026-08-08 11:09:42] ===== 第 880 轮结束，sleep 120 =====
[2026-08-08 11:11:42] ===== 第 881 轮开始 =====
[2026-08-08 11:11:53] 后端结果: !!!!!!!!!!!!!!!!!!! Interrupted: 3 errors during collection !!!!!!!!!!!!!!!!!!!!;3 errors in 0.28s;
[2026-08-08 11:11:53] backend: 记录 2 个失败到 /workspace/.monkeycode/loop/backend_fail_20260808_111153.txt
[2026-08-08 11:11:58] 后端复验: !!!!!!!!!!!!!!!!!!! Interrupted: 3 errors during collection !!!!!!!!!!!!!!!!!!!!;3 errors in 0.27s;
[2026-08-08 11:11:58] 后端复验通过
[2026-08-08 11:12:50] 前端结果: [2m Test Files [22m [1m[32m32 passed[39m[22m[90m (32)[39m;[2m      Tests [22m [1m[32m144 passed[39m[22m[90m (144)[39m;
[2026-08-08 11:12:50] 前端全部通过
[2026-08-08 11:12:51] ===== 第 881 轮结束，sleep 120 =====
[2026-08-08 11:14:51] ===== 第 882 轮开始 =====
[2026-08-08 11:15:03] 后端结果: !!!!!!!!!!!!!!!!!!! Interrupted: 3 errors during collection !!!!!!!!!!!!!!!!!!!!;3 errors in 0.31s;
[2026-08-08 11:15:03] backend: 记录 2 个失败到 /workspace/.monkeycode/loop/backend_fail_20260808_111503.txt
[2026-08-08 11:15:06] 后端复验: !!!!!!!!!!!!!!!!!!! Interrupted: 3 errors during collection !!!!!!!!!!!!!!!!!!!!;3 errors in 0.30s;
[2026-08-08 11:15:06] 后端复验通过
[2026-08-08 11:15:45] 前端结果: [2m Test Files [22m [1m[32m32 passed[39m[22m[90m (32)[39m;[2m      Tests [22m [1m[32m144 passed[39m[22m[90m (144)[39m;
[2026-08-08 11:15:45] 前端全部通过
[2026-08-08 11:15:46] ===== 第 882 轮结束，sleep 120 =====
[2026-08-08 11:17:46] ===== 第 883 轮开始 =====
[2026-08-08 11:17:58] 后端结果: !!!!!!!!!!!!!!!!!!! Interrupted: 3 errors during collection !!!!!!!!!!!!!!!!!!!!;3 errors in 0.37s;
[2026-08-08 11:17:58] backend: 记录 2 个失败到 /workspace/.monkeycode/loop/backend_fail_20260808_111758.txt
[2026-08-08 11:18:03] 后端复验: !!!!!!!!!!!!!!!!!!! Interrupted: 3 errors during collection !!!!!!!!!!!!!!!!!!!!;3 errors in 0.32s;
[2026-08-08 11:18:03] 后端复验通过
[2026-08-08 11:18:44] 前端结果: [2m Test Files [22m [1m[32m32 passed[39m[22m[90m (32)[39m;[2m      Tests [22m [1m[32m144 passed[39m[22m[90m (144)[39m;
[2026-08-08 11:18:44] 前端全部通过
[2026-08-08 11:18:45] ===== 第 883 轮结束，sleep 120 =====
[2026-08-08 11:20:45] ===== 第 884 轮开始 =====
[2026-08-08 11:20:57] 后端结果: !!!!!!!!!!!!!!!!!!! Interrupted: 3 errors during collection !!!!!!!!!!!!!!!!!!!!;3 errors in 0.29s;
[2026-08-08 11:20:57] backend: 记录 2 个失败到 /workspace/.monkeycode/loop/backend_fail_20260808_112057.txt
[2026-08-08 11:21:03] 后端复验: !!!!!!!!!!!!!!!!!!! Interrupted: 3 errors during collection !!!!!!!!!!!!!!!!!!!!;3 errors in 0.26s;
[2026-08-08 11:21:03] 后端复验通过
[2026-08-08 11:21:53] 前端结果: [2m Test Files [22m [1m[32m32 passed[39m[22m[90m (32)[39m;[2m      Tests [22m [1m[32m144 passed[39m[22m[90m (144)[39m;
[2026-08-08 11:21:53] 前端全部通过
[2026-08-08 11:21:53] ===== 第 884 轮结束，sleep 120 =====
[2026-08-08 11:23:53] ===== 第 885 轮开始 =====
[2026-08-08 11:24:05] 后端结果: !!!!!!!!!!!!!!!!!!! Interrupted: 3 errors during collection !!!!!!!!!!!!!!!!!!!!;3 errors in 0.25s;
[2026-08-08 11:24:05] backend: 记录 2 个失败到 /workspace/.monkeycode/loop/backend_fail_20260808_112405.txt
[2026-08-08 11:24:10] 后端复验: !!!!!!!!!!!!!!!!!!! Interrupted: 3 errors during collection !!!!!!!!!!!!!!!!!!!!;3 errors in 0.24s;
[2026-08-08 11:24:10] 后端复验通过
[2026-08-08 11:24:58] 前端结果: [2m Test Files [22m [1m[32m32 passed[39m[22m[90m (32)[39m;[2m      Tests [22m [1m[32m144 passed[39m[22m[90m (144)[39m;
[2026-08-08 11:24:58] 前端全部通过
[2026-08-08 11:24:58] ===== 第 885 轮结束，sleep 120 =====
[2026-08-08 11:26:58] ===== 第 886 轮开始 =====
[2026-08-08 11:27:10] 后端结果: !!!!!!!!!!!!!!!!!!! Interrupted: 3 errors during collection !!!!!!!!!!!!!!!!!!!!;3 errors in 0.27s;
[2026-08-08 11:27:10] backend: 记录 2 个失败到 /workspace/.monkeycode/loop/backend_fail_20260808_112710.txt
[2026-08-08 11:27:13] 后端复验: !!!!!!!!!!!!!!!!!!! Interrupted: 3 errors during collection !!!!!!!!!!!!!!!!!!!!;3 errors in 0.26s;
[2026-08-08 11:27:13] 后端复验通过
[2026-08-08 11:28:00] 前端结果: [2m Test Files [22m [1m[32m32 passed[39m[22m[90m (32)[39m;[2m      Tests [22m [1m[32m144 passed[39m[22m[90m (144)[39m;
[2026-08-08 11:28:00] 前端全部通过
[2026-08-08 11:28:01] ===== 第 886 轮结束，sleep 120 =====
[2026-08-08 11:30:01] ===== 第 887 轮开始 =====
[2026-08-08 11:30:12] 后端结果: !!!!!!!!!!!!!!!!!!! Interrupted: 3 errors during collection !!!!!!!!!!!!!!!!!!!!;3 errors in 0.25s;
[2026-08-08 11:30:12] backend: 记录 2 个失败到 /workspace/.monkeycode/loop/backend_fail_20260808_113012.txt
[2026-08-08 11:30:18] 后端复验: !!!!!!!!!!!!!!!!!!! Interrupted: 3 errors during collection !!!!!!!!!!!!!!!!!!!!;3 errors in 0.26s;
[2026-08-08 11:30:18] 后端复验通过
[2026-08-08 11:31:02] 前端结果: [2m Test Files [22m [1m[32m32 passed[39m[22m[90m (32)[39m;[2m      Tests [22m [1m[32m144 passed[39m[22m[90m (144)[39m;
[2026-08-08 11:31:02] 前端全部通过
[2026-08-08 11:31:02] ===== 第 887 轮结束，sleep 120 =====
[2026-08-08 11:33:02] ===== 第 888 轮开始 =====
[2026-08-08 11:33:14] 后端结果: !!!!!!!!!!!!!!!!!!! Interrupted: 3 errors during collection !!!!!!!!!!!!!!!!!!!!;3 errors in 0.29s;
[2026-08-08 11:33:15] backend: 记录 2 个失败到 /workspace/.monkeycode/loop/backend_fail_20260808_113315.txt
[2026-08-08 11:33:20] 后端复验: !!!!!!!!!!!!!!!!!!! Interrupted: 3 errors during collection !!!!!!!!!!!!!!!!!!!!;3 errors in 0.30s;
[2026-08-08 11:33:20] 后端复验通过
[2026-08-08 11:34:08] 前端结果: [2m Test Files [22m [1m[32m32 passed[39m[22m[90m (32)[39m;[2m      Tests [22m [1m[32m144 passed[39m[22m[90m (144)[39m;
[2026-08-08 11:34:08] 前端全部通过
[2026-08-08 11:34:09] ===== 第 888 轮结束，sleep 120 =====
[2026-08-08 11:36:09] ===== 第 889 轮开始 =====
[2026-08-08 11:36:40] 后端结果: !!!!!!!!!!!!!!!!!!! Interrupted: 3 errors during collection !!!!!!!!!!!!!!!!!!!!;3 errors in 1.72s;
[2026-08-08 11:36:40] backend: 记录 2 个失败到 /workspace/.monkeycode/loop/backend_fail_20260808_113640.txt
[2026-08-08 11:37:09] 后端复验: !!!!!!!!!!!!!!!!!!! Interrupted: 3 errors during collection !!!!!!!!!!!!!!!!!!!!;3 errors in 0.36s;
[2026-08-08 11:37:09] 后端复验通过
[2026-08-08 11:38:27] 前端结果: [2m Test Files [22m [1m[32m32 passed[39m[22m[90m (32)[39m;[2m      Tests [22m [1m[32m144 passed[39m[22m[90m (144)[39m;
[2026-08-08 11:38:27] 前端全部通过
[2026-08-08 11:38:29] ===== 第 889 轮结束，sleep 120 =====
[2026-08-08 11:40:31] ===== 第 890 轮开始 =====
[2026-08-08 11:41:16] 后端结果: !!!!!!!!!!!!!!!!!!! Interrupted: 3 errors during collection !!!!!!!!!!!!!!!!!!!!;3 errors in 0.80s;
[2026-08-08 11:41:16] backend: 记录 2 个失败到 /workspace/.monkeycode/loop/backend_fail_20260808_114116.txt
[2026-08-08 11:41:20] 后端复验: !!!!!!!!!!!!!!!!!!! Interrupted: 3 errors during collection !!!!!!!!!!!!!!!!!!!!;3 errors in 0.32s;
[2026-08-08 11:41:20] 后端复验通过
[2026-08-08 11:42:53] 前端结果: [2m Test Files [22m [1m[32m32 passed[39m[22m[90m (32)[39m;[2m      Tests [22m [1m[32m144 passed[39m[22m[90m (144)[39m;
[2026-08-08 11:42:53] 前端全部通过
[2026-08-08 11:42:54] ===== 第 890 轮结束，sleep 120 =====
[2026-08-08 11:44:54] ===== 第 891 轮开始 =====
[2026-08-08 11:45:37] 后端结果: !!!!!!!!!!!!!!!!!!! Interrupted: 3 errors during collection !!!!!!!!!!!!!!!!!!!!;3 errors in 0.69s;
[2026-08-08 11:45:38] backend: 记录 2 个失败到 /workspace/.monkeycode/loop/backend_fail_20260808_114538.txt
[2026-08-08 11:45:41] 后端复验: !!!!!!!!!!!!!!!!!!! Interrupted: 3 errors during collection !!!!!!!!!!!!!!!!!!!!;3 errors in 0.26s;
[2026-08-08 11:45:41] 后端复验通过
[2026-08-08 11:47:56] 前端结果: [2m Test Files [22m [1m[32m32 passed[39m[22m[90m (32)[39m;[2m      Tests [22m [1m[32m144 passed[39m[22m[90m (144)[39m;
[2026-08-08 11:47:57] 前端全部通过
[2026-08-08 11:47:57] ===== 第 891 轮结束，sleep 120 =====
[2026-08-08 11:49:58] ===== 第 892 轮开始 =====
[2026-08-08 11:50:52] 后端结果: !!!!!!!!!!!!!!!!!!! Interrupted: 3 errors during collection !!!!!!!!!!!!!!!!!!!!;3 errors in 1.68s;
[2026-08-08 11:50:53] backend: 记录 2 个失败到 /workspace/.monkeycode/loop/backend_fail_20260808_115053.txt
[2026-08-08 11:51:04] 后端复验: !!!!!!!!!!!!!!!!!!! Interrupted: 3 errors during collection !!!!!!!!!!!!!!!!!!!!;3 errors in 1.12s;
[2026-08-08 11:51:04] 后端复验通过
[2026-08-08 11:52:38] 前端结果: [2m Test Files [22m [1m[32m32 passed[39m[22m[90m (32)[39m;[2m      Tests [22m [1m[32m144 passed[39m[22m[90m (144)[39m;
[2026-08-08 11:52:39] 前端全部通过
[2026-08-08 11:52:41] ===== 第 892 轮结束，sleep 120 =====
[2026-08-08 11:54:41] ===== 第 893 轮开始 =====
[2026-08-08 11:55:24] 后端结果: !!!!!!!!!!!!!!!!!!! Interrupted: 3 errors during collection !!!!!!!!!!!!!!!!!!!!;3 errors in 1.00s;
[2026-08-08 11:55:24] backend: 记录 2 个失败到 /workspace/.monkeycode/loop/backend_fail_20260808_115524.txt
[2026-08-08 11:55:28] 后端复验: !!!!!!!!!!!!!!!!!!! Interrupted: 3 errors during collection !!!!!!!!!!!!!!!!!!!!;3 errors in 0.31s;
[2026-08-08 11:55:28] 后端复验通过
[2026-08-08 11:56:05] 前端结果: [2m Test Files [22m [1m[32m32 passed[39m[22m[90m (32)[39m;[2m      Tests [22m [1m[32m144 passed[39m[22m[90m (144)[39m;
[2026-08-08 11:56:05] 前端全部通过
[2026-08-08 11:56:07] ===== 第 893 轮结束，sleep 120 =====
[2026-08-08 11:58:07] ===== 第 894 轮开始 =====
[2026-08-08 11:58:45] 后端结果: !!!!!!!!!!!!!!!!!!! Interrupted: 3 errors during collection !!!!!!!!!!!!!!!!!!!!;3 errors in 0.94s;
[2026-08-08 11:58:45] backend: 记录 2 个失败到 /workspace/.monkeycode/loop/backend_fail_20260808_115845.txt
[2026-08-08 11:58:49] 后端复验: !!!!!!!!!!!!!!!!!!! Interrupted: 3 errors during collection !!!!!!!!!!!!!!!!!!!!;3 errors in 0.34s;
[2026-08-08 11:58:49] 后端复验通过
[2026-08-08 12:00:34] 前端结果: [2m Test Files [22m [1m[32m32 passed[39m[22m[90m (32)[39m;[2m      Tests [22m [1m[32m144 passed[39m[22m[90m (144)[39m;
[2026-08-08 12:00:35] 前端全部通过
[2026-08-08 12:00:35] ===== 第 894 轮结束，sleep 120 =====
[2026-08-08 12:02:35] ===== 第 895 轮开始 =====
[2026-08-08 12:02:48] 后端结果: !!!!!!!!!!!!!!!!!!! Interrupted: 3 errors during collection !!!!!!!!!!!!!!!!!!!!;3 errors in 0.28s;
[2026-08-08 12:02:48] backend: 记录 2 个失败到 /workspace/.monkeycode/loop/backend_fail_20260808_120248.txt
[2026-08-08 12:02:51] 后端复验: !!!!!!!!!!!!!!!!!!! Interrupted: 3 errors during collection !!!!!!!!!!!!!!!!!!!!;3 errors in 0.38s;
[2026-08-08 12:02:51] 后端复验通过
[2026-08-08 12:05:07] 前端结果: [2m Test Files [22m [1m[32m31 passed[39m[22m[90m (31)[39m;[2m      Tests [22m [1m[32m140 passed[39m[22m[90m (140)[39m;
[2026-08-08 12:05:07] 前端全部通过
[2026-08-08 12:05:07] ===== 第 895 轮结束，sleep 120 =====
[2026-08-08 12:07:12] ===== 第 896 轮开始 =====
[2026-08-08 12:07:49] 后端结果: !!!!!!!!!!!!!!!!!!! Interrupted: 3 errors during collection !!!!!!!!!!!!!!!!!!!!;3 errors in 1.03s;
[2026-08-08 12:07:49] backend: 记录 2 个失败到 /workspace/.monkeycode/loop/backend_fail_20260808_120749.txt
[2026-08-08 12:07:53] 后端复验: !!!!!!!!!!!!!!!!!!! Interrupted: 3 errors during collection !!!!!!!!!!!!!!!!!!!!;3 errors in 0.26s;
[2026-08-08 12:07:53] 后端复验通过
[2026-08-08 12:08:39] 前端结果: [2m Test Files [22m [1m[32m32 passed[39m[22m[90m (32)[39m;[2m      Tests [22m [1m[32m144 passed[39m[22m[90m (144)[39m;
[2026-08-08 12:08:39] 前端全部通过
[2026-08-08 12:08:40] ===== 第 896 轮结束，sleep 120 =====
[2026-08-08 12:10:40] ===== 第 897 轮开始 =====
[2026-08-08 12:11:15] 后端结果: !!!!!!!!!!!!!!!!!!! Interrupted: 3 errors during collection !!!!!!!!!!!!!!!!!!!!;3 errors in 1.01s;
[2026-08-08 12:11:16] backend: 记录 2 个失败到 /workspace/.monkeycode/loop/backend_fail_20260808_121116.txt
[2026-08-08 12:11:19] 后端复验: !!!!!!!!!!!!!!!!!!! Interrupted: 3 errors during collection !!!!!!!!!!!!!!!!!!!!;3 errors in 0.29s;
[2026-08-08 12:11:19] 后端复验通过
[2026-08-08 12:13:00] 前端结果: [31m⎯⎯⎯⎯⎯⎯⎯[39m[1m[41m Failed Tests 1 [49m[22m[31m⎯⎯⎯⎯⎯⎯⎯[39m;[2m Test Files [22m [1m[31m1 failed[39m[22m[2m | [22m[1m[32m31 passed[39m[22m[90m (32)[39m;[2m      Tests [22m [1m[31m1 failed[39m[22m[2m | [22m[1m[32m143 passed[39m[22m[90m (144)[39m;
[2026-08-08 12:13:00] 前端全部通过
[2026-08-08 12:13:00] ===== 第 897 轮结束，sleep 120 =====
[2026-08-08 12:15:01] ===== 第 898 轮开始 =====
[2026-08-08 12:15:40] 后端结果: !!!!!!!!!!!!!!!!!!! Interrupted: 3 errors during collection !!!!!!!!!!!!!!!!!!!!;3 errors in 0.64s;
[2026-08-08 12:15:40] backend: 记录 2 个失败到 /workspace/.monkeycode/loop/backend_fail_20260808_121540.txt
[2026-08-08 12:15:59] 后端复验: !!!!!!!!!!!!!!!!!!! Interrupted: 3 errors during collection !!!!!!!!!!!!!!!!!!!!;3 errors in 0.28s;
[2026-08-08 12:15:59] 后端复验通过
[2026-08-08 12:16:48] 前端结果: [2m Test Files [22m [1m[32m32 passed[39m[22m[90m (32)[39m;[2m      Tests [22m [1m[32m144 passed[39m[22m[90m (144)[39m;
[2026-08-08 12:16:48] 前端全部通过
[2026-08-08 12:16:49] ===== 第 898 轮结束，sleep 120 =====
[2026-08-08 12:18:53] ===== 第 899 轮开始 =====
[2026-08-08 12:19:48] 后端结果: !!!!!!!!!!!!!!!!!!! Interrupted: 3 errors during collection !!!!!!!!!!!!!!!!!!!!;3 errors in 1.39s;
[2026-08-08 12:19:48] backend: 记录 2 个失败到 /workspace/.monkeycode/loop/backend_fail_20260808_121948.txt
[2026-08-08 12:19:53] 后端复验: !!!!!!!!!!!!!!!!!!! Interrupted: 3 errors during collection !!!!!!!!!!!!!!!!!!!!;3 errors in 0.26s;
[2026-08-08 12:19:53] 后端复验通过
[2026-08-08 12:21:32] 前端结果: [2m Test Files [22m [1m[32m32 passed[39m[22m[90m (32)[39m;[2m      Tests [22m [1m[32m144 passed[39m[22m[90m (144)[39m;
[2026-08-08 12:21:32] 前端全部通过
[2026-08-08 12:21:33] ===== 第 899 轮结束，sleep 120 =====
[2026-08-08 12:23:42] ===== 第 900 轮开始 =====
[2026-08-08 12:24:26] 后端结果: !!!!!!!!!!!!!!!!!!! Interrupted: 3 errors during collection !!!!!!!!!!!!!!!!!!!!;3 errors in 1.30s;
[2026-08-08 12:24:26] backend: 记录 2 个失败到 /workspace/.monkeycode/loop/backend_fail_20260808_122426.txt
[2026-08-08 12:24:31] 后端复验: !!!!!!!!!!!!!!!!!!! Interrupted: 3 errors during collection !!!!!!!!!!!!!!!!!!!!;3 errors in 0.31s;
[2026-08-08 12:24:31] 后端复验通过
[2026-08-08 12:25:48] 前端结果: [31m⎯⎯⎯⎯⎯⎯⎯[39m[1m[41m Failed Tests 1 [49m[22m[31m⎯⎯⎯⎯⎯⎯⎯[39m;[2m Test Files [22m [1m[31m1 failed[39m[22m[2m | [22m[1m[32m31 passed[39m[22m[90m (32)[39m;[2m      Tests [22m [1m[31m1 failed[39m[22m[2m | [22m[1m[32m143 passed[39m[22m[90m (144)[39m;
[2026-08-08 12:25:48] 前端全部通过
[2026-08-08 12:25:49] ===== 第 900 轮结束，sleep 120 =====
[2026-08-08 12:27:49] ===== 第 901 轮开始 =====
[2026-08-08 12:28:15] 后端结果: !!!!!!!!!!!!!!!!!!! Interrupted: 3 errors during collection !!!!!!!!!!!!!!!!!!!!;3 errors in 0.32s;
[2026-08-08 12:28:15] 后端全部通过
[2026-08-08 12:30:34] 前端结果: [31m⎯⎯⎯⎯⎯⎯⎯[39m[1m[41m Failed Tests 1 [49m[22m[31m⎯⎯⎯⎯⎯⎯⎯[39m;[2m Test Files [22m [1m[31m1 failed[39m[22m[2m | [22m[1m[32m31 passed[39m[22m[90m (32)[39m;[2m      Tests [22m [1m[31m1 failed[39m[22m[2m | [22m[1m[32m143 passed[39m[22m[90m (144)[39m;
[2026-08-08 12:30:34] 前端全部通过
[2026-08-08 12:30:35] ===== 第 901 轮结束，sleep 120 =====
[2026-08-08 12:32:37] ===== 第 902 轮开始 =====
[2026-08-08 12:33:00] 后端结果: !!!!!!!!!!!!!!!!!!! Interrupted: 3 errors during collection !!!!!!!!!!!!!!!!!!!!;3 errors in 0.34s;
[2026-08-08 12:33:00] backend: 记录 2 个失败到 /workspace/.monkeycode/loop/backend_fail_20260808_123300.txt
[2026-08-08 12:33:04] 后端复验: !!!!!!!!!!!!!!!!!!! Interrupted: 3 errors during collection !!!!!!!!!!!!!!!!!!!!;3 errors in 0.30s;
[2026-08-08 12:33:04] 后端复验通过
[2026-08-08 12:34:49] 前端结果: [31m⎯⎯⎯⎯⎯⎯⎯[39m[1m[41m Failed Tests 1 [49m[22m[31m⎯⎯⎯⎯⎯⎯⎯[39m;[2m Test Files [22m [1m[31m1 failed[39m[22m[2m | [22m[1m[32m31 passed[39m[22m[90m (32)[39m;[2m      Tests [22m [1m[31m1 failed[39m[22m[2m | [22m[1m[32m143 passed[39m[22m[90m (144)[39m;
[2026-08-08 12:34:49] 前端全部通过
[2026-08-08 12:34:50] ===== 第 902 轮结束，sleep 120 =====
[2026-08-08 12:36:50] ===== 第 903 轮开始 =====
[2026-08-08 12:37:20] 后端结果: !!!!!!!!!!!!!!!!!!! Interrupted: 3 errors during collection !!!!!!!!!!!!!!!!!!!!;3 errors in 1.02s;
[2026-08-08 12:37:20] backend: 记录 2 个失败到 /workspace/.monkeycode/loop/backend_fail_20260808_123720.txt
[2026-08-08 12:37:49] 后端复验: !!!!!!!!!!!!!!!!!!! Interrupted: 3 errors during collection !!!!!!!!!!!!!!!!!!!!;3 errors in 1.12s;
[2026-08-08 12:37:49] 后端复验通过
[2026-08-08 12:39:25] 前端结果: [2m Test Files [22m [1m[32m32 passed[39m[22m[90m (32)[39m;[2m      Tests [22m [1m[32m144 passed[39m[22m[90m (144)[39m;
[2026-08-08 12:39:25] 前端全部通过
[2026-08-08 12:39:26] ===== 第 903 轮结束，sleep 120 =====
[2026-08-08 12:41:26] ===== 第 904 轮开始 =====
[2026-08-08 12:41:58] 后端结果: !!!!!!!!!!!!!!!!!!! Interrupted: 3 errors during collection !!!!!!!!!!!!!!!!!!!!;3 errors in 0.84s;
[2026-08-08 12:41:58] backend: 记录 2 个失败到 /workspace/.monkeycode/loop/backend_fail_20260808_124158.txt
[2026-08-08 12:42:01] 后端复验: !!!!!!!!!!!!!!!!!!! Interrupted: 3 errors during collection !!!!!!!!!!!!!!!!!!!!;3 errors in 0.31s;
[2026-08-08 12:42:01] 后端复验通过
[2026-08-08 12:43:16] 前端结果: [2m Test Files [22m [1m[32m32 passed[39m[22m[90m (32)[39m;[2m      Tests [22m [1m[32m144 passed[39m[22m[90m (144)[39m;
[2026-08-08 12:43:16] 前端全部通过
[2026-08-08 12:43:17] ===== 第 904 轮结束，sleep 120 =====
[2026-08-08 12:45:22] ===== 第 905 轮开始 =====
[2026-08-08 12:45:46] 后端结果: !!!!!!!!!!!!!!!!!!! Interrupted: 3 errors during collection !!!!!!!!!!!!!!!!!!!!;3 errors in 1.06s;
[2026-08-08 12:45:46] backend: 记录 2 个失败到 /workspace/.monkeycode/loop/backend_fail_20260808_124546.txt
[2026-08-08 12:45:49] 后端复验: !!!!!!!!!!!!!!!!!!! Interrupted: 3 errors during collection !!!!!!!!!!!!!!!!!!!!;3 errors in 0.35s;
[2026-08-08 12:45:49] 后端复验通过
[2026-08-08 12:48:30] 前端结果: [31m⎯⎯⎯⎯⎯⎯⎯[39m[1m[41m Failed Tests 1 [49m[22m[31m⎯⎯⎯⎯⎯⎯⎯[39m;[2m Test Files [22m [1m[31m1 failed[39m[22m[2m | [22m[1m[32m31 passed[39m[22m[90m (32)[39m;[2m      Tests [22m [1m[31m1 failed[39m[22m[2m | [22m[1m[32m143 passed[39m[22m[90m (144)[39m;
[2026-08-08 12:48:30] 前端全部通过
[2026-08-08 12:48:30] ===== 第 905 轮结束，sleep 120 =====
[2026-08-08 12:50:31] ===== 第 906 轮开始 =====
[2026-08-08 12:50:52] 后端结果: !!!!!!!!!!!!!!!!!!! Interrupted: 3 errors during collection !!!!!!!!!!!!!!!!!!!!;3 errors in 1.21s;
[2026-08-08 12:50:53] backend: 记录 2 个失败到 /workspace/.monkeycode/loop/backend_fail_20260808_125053.txt
[2026-08-08 12:50:56] 后端复验: !!!!!!!!!!!!!!!!!!! Interrupted: 3 errors during collection !!!!!!!!!!!!!!!!!!!!;3 errors in 0.25s;
[2026-08-08 12:50:56] 后端复验通过
[2026-08-08 12:52:50] 前端结果: [2m Test Files [22m [1m[32m32 passed[39m[22m[90m (32)[39m;[2m      Tests [22m [1m[32m144 passed[39m[22m[90m (144)[39m;
[2026-08-08 12:52:50] 前端全部通过
[2026-08-08 12:52:51] ===== 第 906 轮结束，sleep 120 =====
[2026-08-08 12:54:51] ===== 第 907 轮开始 =====
[2026-08-08 12:55:31] 后端结果: !!!!!!!!!!!!!!!!!!! Interrupted: 3 errors during collection !!!!!!!!!!!!!!!!!!!!;3 errors in 1.36s;
[2026-08-08 12:55:31] backend: 记录 2 个失败到 /workspace/.monkeycode/loop/backend_fail_20260808_125531.txt
[2026-08-08 12:56:29] 后端复验: !!!!!!!!!!!!!!!!!!! Interrupted: 3 errors during collection !!!!!!!!!!!!!!!!!!!!;3 errors in 0.33s;
[2026-08-08 12:56:29] 后端复验通过
[2026-08-08 12:57:53] 前端结果: [2m Test Files [22m [1m[32m32 passed[39m[22m[90m (32)[39m;[2m      Tests [22m [1m[32m144 passed[39m[22m[90m (144)[39m;
[2026-08-08 12:57:53] 前端全部通过
[2026-08-08 12:57:54] ===== 第 907 轮结束，sleep 120 =====
[2026-08-08 12:59:55] ===== 第 908 轮开始 =====
[2026-08-08 13:00:29] 后端结果: !!!!!!!!!!!!!!!!!!! Interrupted: 3 errors during collection !!!!!!!!!!!!!!!!!!!!;3 errors in 0.63s;
[2026-08-08 13:00:29] backend: 记录 2 个失败到 /workspace/.monkeycode/loop/backend_fail_20260808_130029.txt
[2026-08-08 13:00:44] 后端复验: !!!!!!!!!!!!!!!!!!! Interrupted: 3 errors during collection !!!!!!!!!!!!!!!!!!!!;3 errors in 0.26s;
[2026-08-08 13:00:44] 后端复验通过
[2026-08-08 13:02:18] 前端结果: [31m⎯⎯⎯⎯⎯⎯⎯[39m[1m[41m Failed Tests 1 [49m[22m[31m⎯⎯⎯⎯⎯⎯⎯[39m;[2m Test Files [22m [1m[31m1 failed[39m[22m[2m | [22m[1m[32m31 passed[39m[22m[90m (32)[39m;[2m      Tests [22m [1m[31m1 failed[39m[22m[2m | [22m[1m[32m143 passed[39m[22m[90m (144)[39m;
[2026-08-08 13:02:18] 前端全部通过
[2026-08-08 13:02:18] ===== 第 908 轮结束，sleep 120 =====
[2026-08-08 13:04:18] ===== 第 909 轮开始 =====
[2026-08-08 13:04:48] 后端结果: !!!!!!!!!!!!!!!!!!! Interrupted: 3 errors during collection !!!!!!!!!!!!!!!!!!!!;3 errors in 0.60s;
[2026-08-08 13:04:48] backend: 记录 2 个失败到 /workspace/.monkeycode/loop/backend_fail_20260808_130448.txt
[2026-08-08 13:04:51] 后端复验: !!!!!!!!!!!!!!!!!!! Interrupted: 3 errors during collection !!!!!!!!!!!!!!!!!!!!;3 errors in 0.27s;
[2026-08-08 13:04:51] 后端复验通过
[2026-08-08 13:06:09] 前端结果: [2m Test Files [22m [1m[32m32 passed[39m[22m[90m (32)[39m;[2m      Tests [22m [1m[32m144 passed[39m[22m[90m (144)[39m;
[2026-08-08 13:06:09] 前端全部通过
[2026-08-08 13:06:09] ===== 第 909 轮结束，sleep 120 =====
[2026-08-08 13:08:09] ===== 第 910 轮开始 =====
[2026-08-08 13:08:39] 后端结果: !!!!!!!!!!!!!!!!!!! Interrupted: 3 errors during collection !!!!!!!!!!!!!!!!!!!!;3 errors in 1.01s;
[2026-08-08 13:08:39] backend: 记录 2 个失败到 /workspace/.monkeycode/loop/backend_fail_20260808_130839.txt
[2026-08-08 13:08:42] 后端复验: !!!!!!!!!!!!!!!!!!! Interrupted: 3 errors during collection !!!!!!!!!!!!!!!!!!!!;3 errors in 0.30s;
[2026-08-08 13:08:42] 后端复验通过
[2026-08-08 13:09:15] 前端结果: [2m Test Files [22m [1m[32m32 passed[39m[22m[90m (32)[39m;[2m      Tests [22m [1m[32m144 passed[39m[22m[90m (144)[39m;
[2026-08-08 13:09:15] 前端全部通过
[2026-08-08 13:09:15] ===== 第 910 轮结束，sleep 120 =====
[2026-08-08 13:11:15] ===== 第 911 轮开始 =====
[2026-08-08 13:11:44] 后端结果: !!!!!!!!!!!!!!!!!!! Interrupted: 3 errors during collection !!!!!!!!!!!!!!!!!!!!;3 errors in 0.79s;
[2026-08-08 13:11:44] backend: 记录 2 个失败到 /workspace/.monkeycode/loop/backend_fail_20260808_131144.txt
[2026-08-08 13:11:47] 后端复验: !!!!!!!!!!!!!!!!!!! Interrupted: 3 errors during collection !!!!!!!!!!!!!!!!!!!!;3 errors in 0.31s;
[2026-08-08 13:11:47] 后端复验通过
[2026-08-08 13:12:26] 前端结果: [2m Test Files [22m [1m[32m32 passed[39m[22m[90m (32)[39m;[2m      Tests [22m [1m[32m144 passed[39m[22m[90m (144)[39m;
[2026-08-08 13:12:26] 前端全部通过
[2026-08-08 13:12:26] ===== 第 911 轮结束，sleep 120 =====
[2026-08-08 13:14:39] ===== 第 912 轮开始 =====
[2026-08-08 13:15:00] 后端结果: !!!!!!!!!!!!!!!!!!! Interrupted: 3 errors during collection !!!!!!!!!!!!!!!!!!!!;3 errors in 0.40s;
[2026-08-08 13:15:00] backend: 记录 2 个失败到 /workspace/.monkeycode/loop/backend_fail_20260808_131500.txt
[2026-08-08 13:15:04] 后端复验: !!!!!!!!!!!!!!!!!!! Interrupted: 3 errors during collection !!!!!!!!!!!!!!!!!!!!;3 errors in 0.28s;
[2026-08-08 13:15:04] 后端复验通过
[2026-08-08 13:15:56] 前端结果: [2m Test Files [22m [1m[32m32 passed[39m[22m[90m (32)[39m;[2m      Tests [22m [1m[32m144 passed[39m[22m[90m (144)[39m;
[2026-08-08 13:15:56] 前端全部通过
[2026-08-08 13:15:56] ===== 第 912 轮结束，sleep 120 =====
[2026-08-08 13:17:56] ===== 第 913 轮开始 =====
[2026-08-08 13:18:32] 后端结果: !!!!!!!!!!!!!!!!!!! Interrupted: 3 errors during collection !!!!!!!!!!!!!!!!!!!!;3 errors in 0.79s;
[2026-08-08 13:18:32] backend: 记录 2 个失败到 /workspace/.monkeycode/loop/backend_fail_20260808_131832.txt
[2026-08-08 13:18:35] 后端复验: !!!!!!!!!!!!!!!!!!! Interrupted: 3 errors during collection !!!!!!!!!!!!!!!!!!!!;3 errors in 0.30s;
[2026-08-08 13:18:35] 后端复验通过
[2026-08-08 13:20:41] 前端结果: [2m Test Files [22m [1m[32m32 passed[39m[22m[90m (32)[39m;[2m      Tests [22m [1m[32m144 passed[39m[22m[90m (144)[39m;
[2026-08-08 13:20:41] 前端全部通过
[2026-08-08 13:20:41] ===== 第 913 轮结束，sleep 120 =====
[2026-08-08 13:22:41] ===== 第 914 轮开始 =====
[2026-08-08 13:23:32] 后端结果: !!!!!!!!!!!!!!!!!!! Interrupted: 3 errors during collection !!!!!!!!!!!!!!!!!!!!;3 errors in 3.11s;
[2026-08-08 13:23:32] backend: 记录 2 个失败到 /workspace/.monkeycode/loop/backend_fail_20260808_132332.txt
[2026-08-08 13:23:44] 后端复验: !!!!!!!!!!!!!!!!!!! Interrupted: 3 errors during collection !!!!!!!!!!!!!!!!!!!!;3 errors in 0.34s;
[2026-08-08 13:23:44] 后端复验通过
[2026-08-08 13:25:53] 前端结果: [2m Test Files [22m [1m[32m32 passed[39m[22m[90m (32)[39m;[2m      Tests [22m [1m[32m144 passed[39m[22m[90m (144)[39m;
[2026-08-08 13:25:53] 前端全部通过
[2026-08-08 13:25:54] ===== 第 914 轮结束，sleep 120 =====
[2026-08-08 13:27:54] ===== 第 915 轮开始 =====
[2026-08-08 13:28:07] 后端结果: !!!!!!!!!!!!!!!!!!! Interrupted: 3 errors during collection !!!!!!!!!!!!!!!!!!!!;3 errors in 0.33s;
[2026-08-08 13:28:07] backend: 记录 2 个失败到 /workspace/.monkeycode/loop/backend_fail_20260808_132807.txt
[2026-08-08 13:28:10] 后端复验: !!!!!!!!!!!!!!!!!!! Interrupted: 3 errors during collection !!!!!!!!!!!!!!!!!!!!;3 errors in 0.31s;
[2026-08-08 13:28:10] 后端复验通过
[2026-08-08 13:28:46] 前端结果: [2m Test Files [22m [1m[32m32 passed[39m[22m[90m (32)[39m;[2m      Tests [22m [1m[32m144 passed[39m[22m[90m (144)[39m;
[2026-08-08 13:28:46] 前端全部通过
[2026-08-08 13:28:46] ===== 第 915 轮结束，sleep 120 =====
[2026-08-08 13:30:46] ===== 第 916 轮开始 =====
[2026-08-08 13:30:59] 后端结果: !!!!!!!!!!!!!!!!!!! Interrupted: 3 errors during collection !!!!!!!!!!!!!!!!!!!!;3 errors in 0.42s;
[2026-08-08 13:30:59] backend: 记录 2 个失败到 /workspace/.monkeycode/loop/backend_fail_20260808_133059.txt
[2026-08-08 13:31:02] 后端复验: !!!!!!!!!!!!!!!!!!! Interrupted: 3 errors during collection !!!!!!!!!!!!!!!!!!!!;3 errors in 0.39s;
[2026-08-08 13:31:02] 后端复验通过
[2026-08-08 13:31:37] 前端结果: [2m Test Files [22m [1m[32m32 passed[39m[22m[90m (32)[39m;[2m      Tests [22m [1m[32m144 passed[39m[22m[90m (144)[39m;
[2026-08-08 13:31:37] 前端全部通过
[2026-08-08 13:31:37] ===== 第 916 轮结束，sleep 120 =====
[2026-08-08 13:33:37] ===== 第 917 轮开始 =====
[2026-08-08 13:33:41] 后端结果: !!!!!!!!!!!!!!!!!!! Interrupted: 3 errors during collection !!!!!!!!!!!!!!!!!!!!;3 errors in 0.29s;
[2026-08-08 13:33:41] backend: 记录 2 个失败到 /workspace/.monkeycode/loop/backend_fail_20260808_133341.txt
[2026-08-08 13:33:47] 后端复验: !!!!!!!!!!!!!!!!!!! Interrupted: 3 errors during collection !!!!!!!!!!!!!!!!!!!!;3 errors in 0.29s;
[2026-08-08 13:33:47] 后端复验通过
[2026-08-08 13:34:32] 前端结果: [2m Test Files [22m [1m[32m32 passed[39m[22m[90m (32)[39m;[2m      Tests [22m [1m[32m144 passed[39m[22m[90m (144)[39m;
[2026-08-08 13:34:32] 前端全部通过
[2026-08-08 13:34:33] ===== 第 917 轮结束，sleep 120 =====
[2026-08-08 13:36:33] ===== 第 918 轮开始 =====
[2026-08-08 13:36:44] 后端结果: !!!!!!!!!!!!!!!!!!! Interrupted: 3 errors during collection !!!!!!!!!!!!!!!!!!!!;3 errors in 0.31s;
[2026-08-08 13:36:45] backend: 记录 2 个失败到 /workspace/.monkeycode/loop/backend_fail_20260808_133645.txt
[2026-08-08 13:36:50] 后端复验: !!!!!!!!!!!!!!!!!!! Interrupted: 3 errors during collection !!!!!!!!!!!!!!!!!!!!;3 errors in 0.31s;
[2026-08-08 13:36:50] 后端复验通过
[2026-08-08 13:37:40] 前端结果: [2m Test Files [22m [1m[32m32 passed[39m[22m[90m (32)[39m;[2m      Tests [22m [1m[32m144 passed[39m[22m[90m (144)[39m;
[2026-08-08 13:37:40] 前端全部通过
[2026-08-08 13:37:41] ===== 第 918 轮结束，sleep 120 =====
[2026-08-08 13:39:41] ===== 第 919 轮开始 =====
[2026-08-08 13:39:53] 后端结果: !!!!!!!!!!!!!!!!!!! Interrupted: 3 errors during collection !!!!!!!!!!!!!!!!!!!!;3 errors in 0.34s;
[2026-08-08 13:39:53] backend: 记录 2 个失败到 /workspace/.monkeycode/loop/backend_fail_20260808_133953.txt
[2026-08-08 13:39:59] 后端复验: !!!!!!!!!!!!!!!!!!! Interrupted: 3 errors during collection !!!!!!!!!!!!!!!!!!!!;3 errors in 0.32s;
[2026-08-08 13:39:59] 后端复验通过
[2026-08-08 13:40:41] 前端结果: [2m Test Files [22m [1m[32m32 passed[39m[22m[90m (32)[39m;[2m      Tests [22m [1m[32m144 passed[39m[22m[90m (144)[39m;
[2026-08-08 13:40:42] 前端全部通过
[2026-08-08 13:40:42] ===== 第 919 轮结束，sleep 120 =====
[2026-08-08 13:42:42] ===== 第 920 轮开始 =====
[2026-08-08 13:42:54] 后端结果: !!!!!!!!!!!!!!!!!!! Interrupted: 3 errors during collection !!!!!!!!!!!!!!!!!!!!;3 errors in 0.35s;
[2026-08-08 13:42:54] backend: 记录 2 个失败到 /workspace/.monkeycode/loop/backend_fail_20260808_134254.txt
[2026-08-08 13:42:58] 后端复验: !!!!!!!!!!!!!!!!!!! Interrupted: 3 errors during collection !!!!!!!!!!!!!!!!!!!!;3 errors in 0.33s;
[2026-08-08 13:42:58] 后端复验通过
[2026-08-08 13:43:46] 前端结果: [2m Test Files [22m [1m[32m32 passed[39m[22m[90m (32)[39m;[2m      Tests [22m [1m[32m144 passed[39m[22m[90m (144)[39m;
[2026-08-08 13:43:46] 前端全部通过
[2026-08-08 13:43:46] ===== 第 920 轮结束，sleep 120 =====
[2026-08-08 13:45:46] ===== 第 921 轮开始 =====
[2026-08-08 13:45:58] 后端结果: !!!!!!!!!!!!!!!!!!! Interrupted: 3 errors during collection !!!!!!!!!!!!!!!!!!!!;3 errors in 0.26s;
[2026-08-08 13:45:58] backend: 记录 2 个失败到 /workspace/.monkeycode/loop/backend_fail_20260808_134558.txt
[2026-08-08 13:46:04] 后端复验: !!!!!!!!!!!!!!!!!!! Interrupted: 3 errors during collection !!!!!!!!!!!!!!!!!!!!;3 errors in 0.36s;
[2026-08-08 13:46:04] 后端复验通过
[2026-08-08 13:46:56] 前端结果: [2m Test Files [22m [1m[32m32 passed[39m[22m[90m (32)[39m;[2m      Tests [22m [1m[32m144 passed[39m[22m[90m (144)[39m;
[2026-08-08 13:46:56] 前端全部通过
[2026-08-08 13:46:56] ===== 第 921 轮结束，sleep 120 =====
[2026-08-08 13:48:56] ===== 第 922 轮开始 =====
[2026-08-08 13:49:08] 后端结果: !!!!!!!!!!!!!!!!!!! Interrupted: 3 errors during collection !!!!!!!!!!!!!!!!!!!!;3 errors in 0.29s;
[2026-08-08 13:49:08] backend: 记录 2 个失败到 /workspace/.monkeycode/loop/backend_fail_20260808_134908.txt
[2026-08-08 13:49:15] 后端复验: !!!!!!!!!!!!!!!!!!! Interrupted: 3 errors during collection !!!!!!!!!!!!!!!!!!!!;3 errors in 0.33s;
[2026-08-08 13:49:15] 后端复验通过
[2026-08-08 13:50:16] 前端结果: [2m Test Files [22m [1m[32m32 passed[39m[22m[90m (32)[39m;[2m      Tests [22m [1m[32m144 passed[39m[22m[90m (144)[39m;
[2026-08-08 13:50:16] 前端全部通过
[2026-08-08 13:50:16] ===== 第 922 轮结束，sleep 120 =====
[2026-08-08 13:52:16] ===== 第 923 轮开始 =====
[2026-08-08 13:52:28] 后端结果: !!!!!!!!!!!!!!!!!!! Interrupted: 3 errors during collection !!!!!!!!!!!!!!!!!!!!;3 errors in 0.33s;
[2026-08-08 13:52:28] backend: 记录 2 个失败到 /workspace/.monkeycode/loop/backend_fail_20260808_135228.txt
[2026-08-08 13:52:34] 后端复验: !!!!!!!!!!!!!!!!!!! Interrupted: 3 errors during collection !!!!!!!!!!!!!!!!!!!!;3 errors in 0.31s;
[2026-08-08 13:52:34] 后端复验通过
[2026-08-08 13:53:28] 前端结果: [2m Test Files [22m [1m[32m32 passed[39m[22m[90m (32)[39m;[2m      Tests [22m [1m[32m144 passed[39m[22m[90m (144)[39m;
[2026-08-08 13:53:29] 前端全部通过
[2026-08-08 13:53:29] ===== 第 923 轮结束，sleep 120 =====
[2026-08-08 13:55:29] ===== 第 924 轮开始 =====
[2026-08-08 13:56:41] 后端结果: !!!!!!!!!!!!!!!!!!! Interrupted: 3 errors during collection !!!!!!!!!!!!!!!!!!!!;3 errors in 0.57s;
[2026-08-08 13:56:41] backend: 记录 2 个失败到 /workspace/.monkeycode/loop/backend_fail_20260808_135641.txt
[2026-08-08 13:56:47] 后端复验: !!!!!!!!!!!!!!!!!!! Interrupted: 3 errors during collection !!!!!!!!!!!!!!!!!!!!;3 errors in 0.33s;
[2026-08-08 13:56:47] 后端复验通过
[2026-08-08 13:57:21] 前端结果: [2m Test Files [22m [1m[32m32 passed[39m[22m[90m (32)[39m;[2m      Tests [22m [1m[32m144 passed[39m[22m[90m (144)[39m;
[2026-08-08 13:57:21] 前端全部通过
[2026-08-08 13:57:21] ===== 第 924 轮结束，sleep 120 =====
[2026-08-08 13:59:27] ===== 第 925 轮开始 =====
[2026-08-08 14:00:03] 后端结果: !!!!!!!!!!!!!!!!!!! Interrupted: 3 errors during collection !!!!!!!!!!!!!!!!!!!!;3 errors in 1.15s;
[2026-08-08 14:00:04] backend: 记录 2 个失败到 /workspace/.monkeycode/loop/backend_fail_20260808_140004.txt
[2026-08-08 14:01:08] 后端复验: !!!!!!!!!!!!!!!!!!! Interrupted: 3 errors during collection !!!!!!!!!!!!!!!!!!!!;3 errors in 4.77s;
[2026-08-08 14:01:08] 后端复验通过
[2026-08-08 14:01:49] 前端结果: [2m Test Files [22m [1m[32m32 passed[39m[22m[90m (32)[39m;[2m      Tests [22m [1m[32m144 passed[39m[22m[90m (144)[39m;
[2026-08-08 14:01:49] 前端全部通过
[2026-08-08 14:01:49] ===== 第 925 轮结束，sleep 120 =====
[2026-08-08 14:03:49] ===== 第 926 轮开始 =====
[2026-08-08 14:04:06] 后端结果: !!!!!!!!!!!!!!!!!!! Interrupted: 3 errors during collection !!!!!!!!!!!!!!!!!!!!;3 errors in 0.30s;
[2026-08-08 14:04:06] backend: 记录 2 个失败到 /workspace/.monkeycode/loop/backend_fail_20260808_140406.txt
[2026-08-08 14:04:14] 后端复验: !!!!!!!!!!!!!!!!!!! Interrupted: 3 errors during collection !!!!!!!!!!!!!!!!!!!!;3 errors in 0.32s;
[2026-08-08 14:04:14] 后端复验通过
[2026-08-08 14:04:48] 前端结果: [2m Test Files [22m [1m[32m32 passed[39m[22m[90m (32)[39m;[2m      Tests [22m [1m[32m144 passed[39m[22m[90m (144)[39m;
[2026-08-08 14:04:48] 前端全部通过
[2026-08-08 14:04:48] ===== 第 926 轮结束，sleep 120 =====
[2026-08-08 14:06:48] ===== 第 927 轮开始 =====
[2026-08-08 14:07:08] 后端结果: !!!!!!!!!!!!!!!!!!! Interrupted: 3 errors during collection !!!!!!!!!!!!!!!!!!!!;3 errors in 0.89s;
[2026-08-08 14:07:08] backend: 记录 2 个失败到 /workspace/.monkeycode/loop/backend_fail_20260808_140708.txt
[2026-08-08 14:07:11] 后端复验: !!!!!!!!!!!!!!!!!!! Interrupted: 3 errors during collection !!!!!!!!!!!!!!!!!!!!;3 errors in 0.27s;
[2026-08-08 14:07:11] 后端复验通过
[2026-08-08 14:08:09] 前端结果: [2m Test Files [22m [1m[32m32 passed[39m[22m[90m (32)[39m;[2m      Tests [22m [1m[32m144 passed[39m[22m[90m (144)[39m;
[2026-08-08 14:08:09] 前端全部通过
[2026-08-08 14:08:10] ===== 第 927 轮结束，sleep 120 =====
[2026-08-08 14:10:10] ===== 第 928 轮开始 =====
[2026-08-08 14:10:39] 后端结果: !!!!!!!!!!!!!!!!!!! Interrupted: 3 errors during collection !!!!!!!!!!!!!!!!!!!!;3 errors in 0.95s;
[2026-08-08 14:10:39] backend: 记录 2 个失败到 /workspace/.monkeycode/loop/backend_fail_20260808_141039.txt
[2026-08-08 14:10:42] 后端复验: !!!!!!!!!!!!!!!!!!! Interrupted: 3 errors during collection !!!!!!!!!!!!!!!!!!!!;3 errors in 0.28s;
[2026-08-08 14:10:42] 后端复验通过
[2026-08-08 14:11:30] 前端结果: [2m Test Files [22m [1m[32m32 passed[39m[22m[90m (32)[39m;[2m      Tests [22m [1m[32m144 passed[39m[22m[90m (144)[39m;
[2026-08-08 14:11:31] 前端全部通过
[2026-08-08 14:11:32] ===== 第 928 轮结束，sleep 120 =====
[2026-08-08 14:13:44] ===== 第 929 轮开始 =====
[2026-08-08 14:14:52] 后端结果: !!!!!!!!!!!!!!!!!!! Interrupted: 3 errors during collection !!!!!!!!!!!!!!!!!!!!;3 errors in 1.09s;
[2026-08-08 14:14:52] backend: 记录 2 个失败到 /workspace/.monkeycode/loop/backend_fail_20260808_141452.txt
[2026-08-08 14:15:15] 后端复验: !!!!!!!!!!!!!!!!!!! Interrupted: 3 errors during collection !!!!!!!!!!!!!!!!!!!!;3 errors in 0.43s;
[2026-08-08 14:15:15] 后端复验通过
[2026-08-08 14:16:40] 前端结果: [31m⎯⎯⎯⎯⎯⎯⎯[39m[1m[41m Failed Tests 1 [49m[22m[31m⎯⎯⎯⎯⎯⎯⎯[39m;[2m Test Files [22m [1m[31m1 failed[39m[22m[2m | [22m[1m[32m31 passed[39m[22m[90m (32)[39m;[2m      Tests [22m [1m[31m1 failed[39m[22m[2m | [22m[1m[32m143 passed[39m[22m[90m (144)[39m;
[2026-08-08 14:16:40] 前端全部通过
[2026-08-08 14:16:41] ===== 第 929 轮结束，sleep 120 =====
[2026-08-08 14:18:41] ===== 第 930 轮开始 =====
[2026-08-08 14:19:04] 后端结果: !!!!!!!!!!!!!!!!!!! Interrupted: 3 errors during collection !!!!!!!!!!!!!!!!!!!!;3 errors in 0.60s;
[2026-08-08 14:19:04] backend: 记录 2 个失败到 /workspace/.monkeycode/loop/backend_fail_20260808_141904.txt
[2026-08-08 14:19:09] 后端复验: !!!!!!!!!!!!!!!!!!! Interrupted: 3 errors during collection !!!!!!!!!!!!!!!!!!!!;3 errors in 0.27s;
[2026-08-08 14:19:09] 后端复验通过
[2026-08-08 14:20:32] 前端结果: [2m Test Files [22m [1m[32m32 passed[39m[22m[90m (32)[39m;[2m      Tests [22m [1m[32m144 passed[39m[22m[90m (144)[39m;
[2026-08-08 14:20:32] 前端全部通过
[2026-08-08 14:20:33] ===== 第 930 轮结束，sleep 120 =====
[2026-08-08 14:22:42] ===== 第 931 轮开始 =====
[2026-08-08 14:23:34] 后端结果: !!!!!!!!!!!!!!!!!!! Interrupted: 3 errors during collection !!!!!!!!!!!!!!!!!!!!;3 errors in 2.72s;
[2026-08-08 14:23:34] backend: 记录 2 个失败到 /workspace/.monkeycode/loop/backend_fail_20260808_142334.txt
[2026-08-08 14:23:44] 后端复验: !!!!!!!!!!!!!!!!!!! Interrupted: 3 errors during collection !!!!!!!!!!!!!!!!!!!!;3 errors in 0.31s;
[2026-08-08 14:23:44] 后端复验通过
[2026-08-08 14:24:18] 前端结果: [2m Test Files [22m [1m[32m32 passed[39m[22m[90m (32)[39m;[2m      Tests [22m [1m[32m144 passed[39m[22m[90m (144)[39m;
[2026-08-08 14:24:18] 前端全部通过
[2026-08-08 14:24:18] ===== 第 931 轮结束，sleep 120 =====
[2026-08-08 14:26:18] ===== 第 932 轮开始 =====
[2026-08-08 14:27:03] 后端结果: !!!!!!!!!!!!!!!!!!! Interrupted: 3 errors during collection !!!!!!!!!!!!!!!!!!!!;3 errors in 1.61s;
[2026-08-08 14:27:03] backend: 记录 2 个失败到 /workspace/.monkeycode/loop/backend_fail_20260808_142703.txt
[2026-08-08 14:27:30] 后端复验: !!!!!!!!!!!!!!!!!!! Interrupted: 3 errors during collection !!!!!!!!!!!!!!!!!!!!;3 errors in 0.66s;
[2026-08-08 14:27:30] 后端复验通过
[2026-08-08 14:29:13] 前端结果: [2m Test Files [22m [1m[32m32 passed[39m[22m[90m (32)[39m;[2m      Tests [22m [1m[32m144 passed[39m[22m[90m (144)[39m;
[2026-08-08 14:29:13] 前端全部通过
[2026-08-08 14:29:13] ===== 第 932 轮结束，sleep 120 =====
[2026-08-08 14:31:14] ===== 第 933 轮开始 =====
[2026-08-08 14:31:43] 后端结果: !!!!!!!!!!!!!!!!!!! Interrupted: 3 errors during collection !!!!!!!!!!!!!!!!!!!!;3 errors in 1.10s;
[2026-08-08 14:31:43] backend: 记录 2 个失败到 /workspace/.monkeycode/loop/backend_fail_20260808_143143.txt
[2026-08-08 14:31:47] 后端复验: !!!!!!!!!!!!!!!!!!! Interrupted: 3 errors during collection !!!!!!!!!!!!!!!!!!!!;3 errors in 0.36s;
[2026-08-08 14:31:47] 后端复验通过
[2026-08-08 14:34:08] 前端结果: [2m Test Files [22m [1m[32m32 passed[39m[22m[90m (32)[39m;[2m      Tests [22m [1m[32m144 passed[39m[22m[90m (144)[39m;
[2026-08-08 14:34:08] 前端全部通过
[2026-08-08 14:34:09] ===== 第 933 轮结束，sleep 120 =====
[2026-08-08 14:36:09] ===== 第 934 轮开始 =====
[2026-08-08 14:37:25] 后端结果: !!!!!!!!!!!!!!!!!!! Interrupted: 3 errors during collection !!!!!!!!!!!!!!!!!!!!;3 errors in 1.04s;
[2026-08-08 14:37:25] backend: 记录 2 个失败到 /workspace/.monkeycode/loop/backend_fail_20260808_143725.txt
[2026-08-08 14:37:32] 后端复验: !!!!!!!!!!!!!!!!!!! Interrupted: 3 errors during collection !!!!!!!!!!!!!!!!!!!!;3 errors in 0.35s;
[2026-08-08 14:37:32] 后端复验通过
[2026-08-08 14:38:28] 前端结果: [2m Test Files [22m [1m[32m32 passed[39m[22m[90m (32)[39m;[2m      Tests [22m [1m[32m144 passed[39m[22m[90m (144)[39m;
[2026-08-08 14:38:28] 前端全部通过
[2026-08-08 14:38:28] ===== 第 934 轮结束，sleep 120 =====
[2026-08-08 14:40:28] ===== 第 935 轮开始 =====
[2026-08-08 14:41:00] 后端结果: !!!!!!!!!!!!!!!!!!! Interrupted: 3 errors during collection !!!!!!!!!!!!!!!!!!!!;3 errors in 1.62s;
[2026-08-08 14:41:00] backend: 记录 2 个失败到 /workspace/.monkeycode/loop/backend_fail_20260808_144100.txt
[2026-08-08 14:41:27] 后端复验: !!!!!!!!!!!!!!!!!!! Interrupted: 3 errors during collection !!!!!!!!!!!!!!!!!!!!;3 errors in 1.78s;
[2026-08-08 14:41:27] 后端复验通过
[2026-08-08 14:42:46] 前端结果: [2m Test Files [22m [1m[32m32 passed[39m[22m[90m (32)[39m;[2m      Tests [22m [1m[32m144 passed[39m[22m[90m (144)[39m;
[2026-08-08 14:42:46] 前端全部通过
[2026-08-08 14:42:46] ===== 第 935 轮结束，sleep 120 =====
[2026-08-08 14:44:46] ===== 第 936 轮开始 =====
[2026-08-08 14:45:46] 后端结果: !!!!!!!!!!!!!!!!!!! Interrupted: 3 errors during collection !!!!!!!!!!!!!!!!!!!!;3 errors in 1.06s;
[2026-08-08 14:45:46] backend: 记录 2 个失败到 /workspace/.monkeycode/loop/backend_fail_20260808_144546.txt
[2026-08-08 14:45:54] 后端复验: !!!!!!!!!!!!!!!!!!! Interrupted: 3 errors during collection !!!!!!!!!!!!!!!!!!!!;3 errors in 0.31s;
[2026-08-08 14:45:54] 后端复验通过
[2026-08-08 14:48:11] 前端结果: [2m Test Files [22m [1m[32m32 passed[39m[22m[90m (32)[39m;[2m      Tests [22m [1m[32m144 passed[39m[22m[90m (144)[39m;
[2026-08-08 14:48:12] 前端全部通过
[2026-08-08 14:48:12] ===== 第 936 轮结束，sleep 120 =====
[2026-08-08 14:50:12] ===== 第 937 轮开始 =====
[2026-08-08 14:50:26] 后端结果: !!!!!!!!!!!!!!!!!!! Interrupted: 3 errors during collection !!!!!!!!!!!!!!!!!!!!;3 errors in 0.30s;
[2026-08-08 14:50:26] backend: 记录 2 个失败到 /workspace/.monkeycode/loop/backend_fail_20260808_145026.txt
[2026-08-08 14:50:30] 后端复验: !!!!!!!!!!!!!!!!!!! Interrupted: 3 errors during collection !!!!!!!!!!!!!!!!!!!!;3 errors in 0.34s;
[2026-08-08 14:50:30] 后端复验通过
[2026-08-08 14:51:24] 前端结果: [2m Test Files [22m [1m[32m32 passed[39m[22m[90m (32)[39m;[2m      Tests [22m [1m[32m144 passed[39m[22m[90m (144)[39m;
[2026-08-08 14:51:24] 前端全部通过
[2026-08-08 14:51:24] ===== 第 937 轮结束，sleep 120 =====
[2026-08-08 14:53:24] ===== 第 938 轮开始 =====
[2026-08-08 14:54:22] 后端结果: !!!!!!!!!!!!!!!!!!! Interrupted: 3 errors during collection !!!!!!!!!!!!!!!!!!!!;3 errors in 5.11s;
[2026-08-08 14:54:23] backend: 记录 2 个失败到 /workspace/.monkeycode/loop/backend_fail_20260808_145423.txt
[2026-08-08 14:54:47] 后端复验: !!!!!!!!!!!!!!!!!!! Interrupted: 3 errors during collection !!!!!!!!!!!!!!!!!!!!;3 errors in 0.44s;
[2026-08-08 14:54:47] 后端复验通过
[2026-08-08 14:56:20] 前端结果: [2m Test Files [22m [1m[32m32 passed[39m[22m[90m (32)[39m;[2m      Tests [22m [1m[32m144 passed[39m[22m[90m (144)[39m;
[2026-08-08 14:56:20] 前端全部通过
[2026-08-08 14:56:21] ===== 第 938 轮结束，sleep 120 =====
[2026-08-08 14:58:21] ===== 第 939 轮开始 =====
[2026-08-08 14:59:08] 后端结果: !!!!!!!!!!!!!!!!!!! Interrupted: 3 errors during collection !!!!!!!!!!!!!!!!!!!!;3 errors in 1.67s;
[2026-08-08 14:59:08] backend: 记录 2 个失败到 /workspace/.monkeycode/loop/backend_fail_20260808_145908.txt
[2026-08-08 15:00:04] 后端复验: !!!!!!!!!!!!!!!!!!! Interrupted: 3 errors during collection !!!!!!!!!!!!!!!!!!!!;3 errors in 0.77s;
[2026-08-08 15:00:04] 后端复验通过
[2026-08-08 15:00:45] 前端结果: [2m Test Files [22m [1m[32m32 passed[39m[22m[90m (32)[39m;[2m      Tests [22m [1m[32m144 passed[39m[22m[90m (144)[39m;
[2026-08-08 15:00:45] 前端全部通过
[2026-08-08 15:00:45] ===== 第 939 轮结束，sleep 120 =====
[2026-08-08 15:02:45] ===== 第 940 轮开始 =====
[2026-08-08 15:04:03] 后端结果: !!!!!!!!!!!!!!!!!!! Interrupted: 3 errors during collection !!!!!!!!!!!!!!!!!!!!;3 errors in 0.54s;
[2026-08-08 15:04:04] backend: 记录 2 个失败到 /workspace/.monkeycode/loop/backend_fail_20260808_150404.txt
[2026-08-08 15:04:27] 后端复验: !!!!!!!!!!!!!!!!!!! Interrupted: 3 errors during collection !!!!!!!!!!!!!!!!!!!!;3 errors in 0.27s;
[2026-08-08 15:04:27] 后端复验通过
[2026-08-08 15:06:35] 前端结果: [2m Test Files [22m [1m[32m32 passed[39m[22m[90m (32)[39m;[2m      Tests [22m [1m[32m144 passed[39m[22m[90m (144)[39m;
[2026-08-08 15:06:35] 前端全部通过
[2026-08-08 15:06:35] ===== 第 940 轮结束，sleep 120 =====
[2026-08-08 15:08:35] ===== 第 941 轮开始 =====
[2026-08-08 15:08:49] 后端结果: !!!!!!!!!!!!!!!!!!! Interrupted: 3 errors during collection !!!!!!!!!!!!!!!!!!!!;3 errors in 0.41s;
[2026-08-08 15:08:49] backend: 记录 2 个失败到 /workspace/.monkeycode/loop/backend_fail_20260808_150849.txt
[2026-08-08 15:08:52] 后端复验: !!!!!!!!!!!!!!!!!!! Interrupted: 3 errors during collection !!!!!!!!!!!!!!!!!!!!;3 errors in 0.35s;
[2026-08-08 15:08:52] 后端复验通过
[2026-08-08 15:11:07] 前端结果: [2m Test Files [22m [1m[32m32 passed[39m[22m[90m (32)[39m;[2m      Tests [22m [1m[32m144 passed[39m[22m[90m (144)[39m;
[2026-08-08 15:11:07] 前端全部通过
[2026-08-08 15:11:08] ===== 第 941 轮结束，sleep 120 =====
[2026-08-08 15:13:08] ===== 第 942 轮开始 =====
[2026-08-08 15:13:20] 后端结果: !!!!!!!!!!!!!!!!!!! Interrupted: 3 errors during collection !!!!!!!!!!!!!!!!!!!!;3 errors in 0.30s;
[2026-08-08 15:13:20] backend: 记录 2 个失败到 /workspace/.monkeycode/loop/backend_fail_20260808_151320.txt
[2026-08-08 15:13:24] 后端复验: !!!!!!!!!!!!!!!!!!! Interrupted: 3 errors during collection !!!!!!!!!!!!!!!!!!!!;3 errors in 0.33s;
[2026-08-08 15:13:24] 后端复验通过
[2026-08-08 15:14:19] 前端结果: [2m Test Files [22m [1m[32m32 passed[39m[22m[90m (32)[39m;[2m      Tests [22m [1m[32m144 passed[39m[22m[90m (144)[39m;
[2026-08-08 15:14:19] 前端全部通过
[2026-08-08 15:14:19] ===== 第 942 轮结束，sleep 120 =====
[2026-08-08 15:16:19] ===== 第 943 轮开始 =====
[2026-08-08 15:16:31] 后端结果: !!!!!!!!!!!!!!!!!!! Interrupted: 3 errors during collection !!!!!!!!!!!!!!!!!!!!;3 errors in 0.31s;
[2026-08-08 15:16:31] backend: 记录 2 个失败到 /workspace/.monkeycode/loop/backend_fail_20260808_151631.txt
[2026-08-08 15:16:37] 后端复验: !!!!!!!!!!!!!!!!!!! Interrupted: 3 errors during collection !!!!!!!!!!!!!!!!!!!!;3 errors in 0.26s;
[2026-08-08 15:16:37] 后端复验通过
[2026-08-08 15:17:24] 前端结果: [2m Test Files [22m [1m[32m32 passed[39m[22m[90m (32)[39m;[2m      Tests [22m [1m[32m144 passed[39m[22m[90m (144)[39m;
[2026-08-08 15:17:24] 前端全部通过
[2026-08-08 15:17:25] ===== 第 943 轮结束，sleep 120 =====
[2026-08-08 15:19:25] ===== 第 944 轮开始 =====
[2026-08-08 15:19:37] 后端结果: !!!!!!!!!!!!!!!!!!! Interrupted: 3 errors during collection !!!!!!!!!!!!!!!!!!!!;3 errors in 0.43s;
[2026-08-08 15:19:37] backend: 记录 2 个失败到 /workspace/.monkeycode/loop/backend_fail_20260808_151937.txt
[2026-08-08 15:19:42] 后端复验: !!!!!!!!!!!!!!!!!!! Interrupted: 3 errors during collection !!!!!!!!!!!!!!!!!!!!;3 errors in 0.30s;
[2026-08-08 15:19:42] 后端复验通过
[2026-08-08 15:20:29] 前端结果: [31m⎯⎯⎯⎯⎯⎯⎯[39m[1m[41m Failed Tests 1 [49m[22m[31m⎯⎯⎯⎯⎯⎯⎯[39m;[2m Test Files [22m [1m[31m1 failed[39m[22m[2m | [22m[1m[32m31 passed[39m[22m[90m (32)[39m;[2m      Tests [22m [1m[31m1 failed[39m[22m[2m | [22m[1m[32m143 passed[39m[22m[90m (144)[39m;
[2026-08-08 15:20:30] 前端全部通过
[2026-08-08 15:20:30] ===== 第 944 轮结束，sleep 120 =====
[2026-08-08 15:22:30] ===== 第 945 轮开始 =====
[2026-08-08 15:22:42] 后端结果: !!!!!!!!!!!!!!!!!!! Interrupted: 3 errors during collection !!!!!!!!!!!!!!!!!!!!;3 errors in 0.28s;
[2026-08-08 15:22:42] backend: 记录 2 个失败到 /workspace/.monkeycode/loop/backend_fail_20260808_152242.txt
[2026-08-08 15:22:48] 后端复验: !!!!!!!!!!!!!!!!!!! Interrupted: 3 errors during collection !!!!!!!!!!!!!!!!!!!!;3 errors in 0.28s;
[2026-08-08 15:22:48] 后端复验通过
[2026-08-08 15:23:36] 前端结果: [2m Test Files [22m [1m[32m32 passed[39m[22m[90m (32)[39m;[2m      Tests [22m [1m[32m144 passed[39m[22m[90m (144)[39m;
[2026-08-08 15:23:36] 前端全部通过
[2026-08-08 15:23:36] ===== 第 945 轮结束，sleep 120 =====
[2026-08-08 15:25:36] ===== 第 946 轮开始 =====
[2026-08-08 15:25:48] 后端结果: !!!!!!!!!!!!!!!!!!! Interrupted: 3 errors during collection !!!!!!!!!!!!!!!!!!!!;3 errors in 0.43s;
[2026-08-08 15:25:48] backend: 记录 2 个失败到 /workspace/.monkeycode/loop/backend_fail_20260808_152548.txt
[2026-08-08 15:25:54] 后端复验: !!!!!!!!!!!!!!!!!!! Interrupted: 3 errors during collection !!!!!!!!!!!!!!!!!!!!;3 errors in 0.31s;
[2026-08-08 15:25:54] 后端复验通过
[2026-08-08 15:26:39] 前端结果: [31m⎯⎯⎯⎯⎯⎯⎯[39m[1m[41m Failed Tests 1 [49m[22m[31m⎯⎯⎯⎯⎯⎯⎯[39m;[2m Test Files [22m [1m[31m1 failed[39m[22m[2m | [22m[1m[32m31 passed[39m[22m[90m (32)[39m;[2m      Tests [22m [1m[31m1 failed[39m[22m[2m | [22m[1m[32m143 passed[39m[22m[90m (144)[39m;
[2026-08-08 15:26:39] 前端全部通过
[2026-08-08 15:26:39] ===== 第 946 轮结束，sleep 120 =====
[2026-08-08 15:28:39] ===== 第 947 轮开始 =====
[2026-08-08 15:28:51] 后端结果: !!!!!!!!!!!!!!!!!!! Interrupted: 3 errors during collection !!!!!!!!!!!!!!!!!!!!;3 errors in 0.27s;
[2026-08-08 15:28:51] backend: 记录 2 个失败到 /workspace/.monkeycode/loop/backend_fail_20260808_152851.txt
[2026-08-08 15:28:55] 后端复验: !!!!!!!!!!!!!!!!!!! Interrupted: 3 errors during collection !!!!!!!!!!!!!!!!!!!!;3 errors in 0.25s;
[2026-08-08 15:28:55] 后端复验通过
[2026-08-08 15:29:44] 前端结果: [2m Test Files [22m [1m[32m32 passed[39m[22m[90m (32)[39m;[2m      Tests [22m [1m[32m144 passed[39m[22m[90m (144)[39m;
[2026-08-08 15:29:44] 前端全部通过
[2026-08-08 15:29:44] ===== 第 947 轮结束，sleep 120 =====
[2026-08-08 15:31:44] ===== 第 948 轮开始 =====
[2026-08-08 15:31:57] 后端结果: !!!!!!!!!!!!!!!!!!! Interrupted: 3 errors during collection !!!!!!!!!!!!!!!!!!!!;3 errors in 0.37s;
[2026-08-08 15:31:57] backend: 记录 2 个失败到 /workspace/.monkeycode/loop/backend_fail_20260808_153157.txt
[2026-08-08 15:32:39] 后端复验: !!!!!!!!!!!!!!!!!!! Interrupted: 3 errors during collection !!!!!!!!!!!!!!!!!!!!;3 errors in 2.13s;
[2026-08-08 15:32:39] 后端复验通过
[2026-08-08 15:34:30] 前端结果: [2m Test Files [22m [1m[32m32 passed[39m[22m[90m (32)[39m;[2m      Tests [22m [1m[32m144 passed[39m[22m[90m (144)[39m;
[2026-08-08 15:34:30] 前端全部通过
[2026-08-08 15:34:31] ===== 第 948 轮结束，sleep 120 =====
[2026-08-08 15:36:31] ===== 第 949 轮开始 =====
[2026-08-08 15:37:18] 后端结果: !!!!!!!!!!!!!!!!!!! Interrupted: 3 errors during collection !!!!!!!!!!!!!!!!!!!!;3 errors in 2.36s;
[2026-08-08 15:37:18] backend: 记录 2 个失败到 /workspace/.monkeycode/loop/backend_fail_20260808_153718.txt
[2026-08-08 15:37:37] 后端复验: !!!!!!!!!!!!!!!!!!! Interrupted: 3 errors during collection !!!!!!!!!!!!!!!!!!!!;3 errors in 0.31s;
[2026-08-08 15:37:37] 后端复验通过
[2026-08-08 15:39:28] 前端结果: [31m⎯⎯⎯⎯⎯⎯⎯[39m[1m[41m Failed Tests 1 [49m[22m[31m⎯⎯⎯⎯⎯⎯⎯[39m;[2m Test Files [22m [1m[31m1 failed[39m[22m[2m | [22m[1m[32m31 passed[39m[22m[90m (32)[39m;[2m      Tests [22m [1m[31m1 failed[39m[22m[2m | [22m[1m[32m143 passed[39m[22m[90m (144)[39m;
[2026-08-08 15:39:28] 前端全部通过
[2026-08-08 15:39:29] ===== 第 949 轮结束，sleep 120 =====
[2026-08-08 15:41:29] ===== 第 950 轮开始 =====
[2026-08-08 15:42:04] 后端结果: !!!!!!!!!!!!!!!!!!! Interrupted: 3 errors during collection !!!!!!!!!!!!!!!!!!!!;3 errors in 2.53s;
[2026-08-08 15:42:04] backend: 记录 2 个失败到 /workspace/.monkeycode/loop/backend_fail_20260808_154204.txt
[2026-08-08 15:42:09] 后端复验: !!!!!!!!!!!!!!!!!!! Interrupted: 3 errors during collection !!!!!!!!!!!!!!!!!!!!;3 errors in 0.28s;
[2026-08-08 15:42:09] 后端复验通过
[2026-08-08 15:44:06] 前端结果: [2m Test Files [22m [1m[32m32 passed[39m[22m[90m (32)[39m;[2m      Tests [22m [1m[32m144 passed[39m[22m[90m (144)[39m;
[2026-08-08 15:44:06] 前端全部通过
[2026-08-08 15:44:06] ===== 第 950 轮结束，sleep 120 =====
[2026-08-08 15:46:06] ===== 第 951 轮开始 =====
[2026-08-08 15:47:13] 后端结果: !!!!!!!!!!!!!!!!!!! Interrupted: 3 errors during collection !!!!!!!!!!!!!!!!!!!!;3 errors in 4.62s;
[2026-08-08 15:47:14] backend: 记录 2 个失败到 /workspace/.monkeycode/loop/backend_fail_20260808_154714.txt
[2026-08-08 15:47:38] 后端复验: !!!!!!!!!!!!!!!!!!! Interrupted: 3 errors during collection !!!!!!!!!!!!!!!!!!!!;3 errors in 0.34s;
[2026-08-08 15:47:38] 后端复验通过
[2026-08-08 15:49:28] 前端结果: [2m Test Files [22m [1m[32m31 passed[39m[22m[90m (31)[39m;[2m      Tests [22m [1m[32m141 passed[39m[22m[90m (141)[39m;
[2026-08-08 15:49:28] 前端全部通过
[2026-08-08 15:49:29] ===== 第 951 轮结束，sleep 120 =====
[2026-08-08 15:51:29] ===== 第 952 轮开始 =====
[2026-08-08 15:52:03] 后端结果: !!!!!!!!!!!!!!!!!!! Interrupted: 3 errors during collection !!!!!!!!!!!!!!!!!!!!;3 errors in 1.00s;
[2026-08-08 15:52:03] backend: 记录 2 个失败到 /workspace/.monkeycode/loop/backend_fail_20260808_155203.txt
[2026-08-08 15:52:06] 后端复验: !!!!!!!!!!!!!!!!!!! Interrupted: 3 errors during collection !!!!!!!!!!!!!!!!!!!!;3 errors in 0.32s;
[2026-08-08 15:52:06] 后端复验通过
[2026-08-08 15:53:28] 前端结果: [31m⎯⎯⎯⎯⎯⎯⎯[39m[1m[41m Failed Tests 1 [49m[22m[31m⎯⎯⎯⎯⎯⎯⎯[39m;[2m Test Files [22m [1m[31m1 failed[39m[22m[2m | [22m[1m[32m31 passed[39m[22m[90m (32)[39m;[2m      Tests [22m [1m[31m1 failed[39m[22m[2m | [22m[1m[32m143 passed[39m[22m[90m (144)[39m;
[2026-08-08 15:53:28] 前端全部通过
[2026-08-08 15:53:28] ===== 第 952 轮结束，sleep 120 =====
[2026-08-08 15:55:28] ===== 第 953 轮开始 =====
[2026-08-08 15:57:45] 后端结果: !!!!!!!!!!!!!!!!!!! Interrupted: 3 errors during collection !!!!!!!!!!!!!!!!!!!!;3 errors in 1.92s;
[2026-08-08 15:57:45] backend: 记录 2 个失败到 /workspace/.monkeycode/loop/backend_fail_20260808_155745.txt
[2026-08-08 15:58:01] 后端复验: !!!!!!!!!!!!!!!!!!! Interrupted: 3 errors during collection !!!!!!!!!!!!!!!!!!!!;3 errors in 0.32s;
[2026-08-08 15:58:01] 后端复验通过
[2026-08-08 16:00:13] 前端结果: [31m⎯⎯⎯⎯⎯⎯⎯[39m[1m[41m Failed Tests 1 [49m[22m[31m⎯⎯⎯⎯⎯⎯⎯[39m;[2m Test Files [22m [1m[31m1 failed[39m[22m[2m | [22m[1m[32m31 passed[39m[22m[90m (32)[39m;[2m      Tests [22m [1m[31m1 failed[39m[22m[2m | [22m[1m[32m143 passed[39m[22m[90m (144)[39m;
[2026-08-08 16:00:13] 前端全部通过
[2026-08-08 16:00:14] ===== 第 953 轮结束，sleep 120 =====
[2026-08-08 16:02:14] ===== 第 954 轮开始 =====
[2026-08-08 16:02:26] 后端结果: !!!!!!!!!!!!!!!!!!! Interrupted: 3 errors during collection !!!!!!!!!!!!!!!!!!!!;3 errors in 0.48s;
[2026-08-08 16:02:26] backend: 记录 2 个失败到 /workspace/.monkeycode/loop/backend_fail_20260808_160226.txt
[2026-08-08 16:03:01] 后端复验: !!!!!!!!!!!!!!!!!!! Interrupted: 3 errors during collection !!!!!!!!!!!!!!!!!!!!;3 errors in 2.82s;
[2026-08-08 16:03:01] 后端复验通过
[2026-08-08 16:05:33] 前端结果: [31m⎯⎯⎯⎯⎯⎯⎯[39m[1m[41m Failed Tests 1 [49m[22m[31m⎯⎯⎯⎯⎯⎯⎯[39m;[2m Test Files [22m [1m[31m1 failed[39m[22m[2m | [22m[1m[32m31 passed[39m[22m[90m (32)[39m;[2m      Tests [22m [1m[31m1 failed[39m[22m[2m | [22m[1m[32m143 passed[39m[22m[90m (144)[39m;
[2026-08-08 16:05:33] 前端全部通过
[2026-08-08 16:05:34] ===== 第 954 轮结束，sleep 120 =====
[2026-08-08 16:07:42] ===== 第 955 轮开始 =====
[2026-08-08 16:08:19] 后端结果: !!!!!!!!!!!!!!!!!!! Interrupted: 3 errors during collection !!!!!!!!!!!!!!!!!!!!;3 errors in 0.54s;
[2026-08-08 16:08:19] backend: 记录 2 个失败到 /workspace/.monkeycode/loop/backend_fail_20260808_160819.txt
[2026-08-08 16:08:23] 后端复验: !!!!!!!!!!!!!!!!!!! Interrupted: 3 errors during collection !!!!!!!!!!!!!!!!!!!!;3 errors in 0.37s;
[2026-08-08 16:08:23] 后端复验通过
[2026-08-08 16:09:26] 前端结果: [2m Test Files [22m [1m[32m32 passed[39m[22m[90m (32)[39m;[2m      Tests [22m [1m[32m144 passed[39m[22m[90m (144)[39m;
[2026-08-08 16:09:26] 前端全部通过
[2026-08-08 16:09:27] ===== 第 955 轮结束，sleep 120 =====
[2026-08-08 16:11:27] ===== 第 956 轮开始 =====
[2026-08-08 16:12:34] 后端结果: !!!!!!!!!!!!!!!!!!! Interrupted: 3 errors during collection !!!!!!!!!!!!!!!!!!!!;3 errors in 1.06s;
[2026-08-08 16:12:34] backend: 记录 2 个失败到 /workspace/.monkeycode/loop/backend_fail_20260808_161234.txt
[2026-08-08 16:12:40] 后端复验: !!!!!!!!!!!!!!!!!!! Interrupted: 3 errors during collection !!!!!!!!!!!!!!!!!!!!;3 errors in 0.27s;
[2026-08-08 16:12:40] 后端复验通过
[2026-08-08 16:14:05] 前端结果: [2m Test Files [22m [1m[32m32 passed[39m[22m[90m (32)[39m;[2m      Tests [22m [1m[32m144 passed[39m[22m[90m (144)[39m;
[2026-08-08 16:14:05] 前端全部通过
[2026-08-08 16:14:06] ===== 第 956 轮结束，sleep 120 =====
[2026-08-08 16:16:06] ===== 第 957 轮开始 =====
[2026-08-08 16:16:21] 后端结果: !!!!!!!!!!!!!!!!!!! Interrupted: 3 errors during collection !!!!!!!!!!!!!!!!!!!!;3 errors in 0.30s;
[2026-08-08 16:16:21] backend: 记录 2 个失败到 /workspace/.monkeycode/loop/backend_fail_20260808_161621.txt
[2026-08-08 16:16:27] 后端复验: !!!!!!!!!!!!!!!!!!! Interrupted: 3 errors during collection !!!!!!!!!!!!!!!!!!!!;3 errors in 0.29s;
[2026-08-08 16:16:27] 后端复验通过
[2026-08-08 16:18:20] 前端结果: [2m Test Files [22m [1m[32m32 passed[39m[22m[90m (32)[39m;[2m      Tests [22m [1m[32m144 passed[39m[22m[90m (144)[39m;
[2026-08-08 16:18:20] 前端全部通过
[2026-08-08 16:18:21] ===== 第 957 轮结束，sleep 120 =====
[2026-08-08 16:20:23] ===== 第 958 轮开始 =====
[2026-08-08 16:20:57] 后端结果: !!!!!!!!!!!!!!!!!!! Interrupted: 3 errors during collection !!!!!!!!!!!!!!!!!!!!;3 errors in 1.03s;
[2026-08-08 16:20:57] backend: 记录 2 个失败到 /workspace/.monkeycode/loop/backend_fail_20260808_162057.txt
[2026-08-08 16:21:01] 后端复验: !!!!!!!!!!!!!!!!!!! Interrupted: 3 errors during collection !!!!!!!!!!!!!!!!!!!!;3 errors in 0.28s;
[2026-08-08 16:21:01] 后端复验通过
[2026-08-08 16:22:17] 前端结果: [2m Test Files [22m [1m[32m32 passed[39m[22m[90m (32)[39m;[2m      Tests [22m [1m[32m144 passed[39m[22m[90m (144)[39m;
[2026-08-08 16:22:17] 前端全部通过
[2026-08-08 16:22:18] ===== 第 958 轮结束，sleep 120 =====
[2026-08-08 16:24:18] ===== 第 959 轮开始 =====
[2026-08-08 16:25:02] 后端结果: !!!!!!!!!!!!!!!!!!! Interrupted: 3 errors during collection !!!!!!!!!!!!!!!!!!!!;3 errors in 0.85s;
[2026-08-08 16:25:02] backend: 记录 2 个失败到 /workspace/.monkeycode/loop/backend_fail_20260808_162502.txt
[2026-08-08 16:25:23] 后端复验: !!!!!!!!!!!!!!!!!!! Interrupted: 3 errors during collection !!!!!!!!!!!!!!!!!!!!;3 errors in 0.37s;
[2026-08-08 16:25:23] 后端复验通过
[2026-08-08 16:26:18] 前端结果: [2m Test Files [22m [1m[32m32 passed[39m[22m[90m (32)[39m;[2m      Tests [22m [1m[32m144 passed[39m[22m[90m (144)[39m;
[2026-08-08 16:26:18] 前端全部通过
[2026-08-08 16:26:19] ===== 第 959 轮结束，sleep 120 =====
[2026-08-08 16:28:31] ===== 第 960 轮开始 =====
[2026-08-08 16:29:16] 后端结果: !!!!!!!!!!!!!!!!!!! Interrupted: 3 errors during collection !!!!!!!!!!!!!!!!!!!!;3 errors in 0.98s;
[2026-08-08 16:29:16] backend: 记录 2 个失败到 /workspace/.monkeycode/loop/backend_fail_20260808_162916.txt
[2026-08-08 16:29:21] 后端复验: !!!!!!!!!!!!!!!!!!! Interrupted: 3 errors during collection !!!!!!!!!!!!!!!!!!!!;3 errors in 0.26s;
[2026-08-08 16:29:21] 后端复验通过
[2026-08-08 16:30:48] 前端结果: [2m Test Files [22m [1m[32m32 passed[39m[22m[90m (32)[39m;[2m      Tests [22m [1m[32m144 passed[39m[22m[90m (144)[39m;
[2026-08-08 16:30:48] 前端全部通过
[2026-08-08 16:30:48] ===== 第 960 轮结束，sleep 120 =====
[2026-08-08 16:32:48] ===== 第 961 轮开始 =====
[2026-08-08 16:33:26] 后端结果: !!!!!!!!!!!!!!!!!!! Interrupted: 3 errors during collection !!!!!!!!!!!!!!!!!!!!;3 errors in 0.40s;
[2026-08-08 16:33:26] backend: 记录 2 个失败到 /workspace/.monkeycode/loop/backend_fail_20260808_163326.txt
[2026-08-08 16:33:30] 后端复验: !!!!!!!!!!!!!!!!!!! Interrupted: 3 errors during collection !!!!!!!!!!!!!!!!!!!!;3 errors in 0.35s;
[2026-08-08 16:33:30] 后端复验通过
[2026-08-08 16:35:06] 前端结果: [2m Test Files [22m [1m[32m32 passed[39m[22m[90m (32)[39m;[2m      Tests [22m [1m[32m144 passed[39m[22m[90m (144)[39m;
[2026-08-08 16:35:06] 前端全部通过
[2026-08-08 16:35:06] ===== 第 961 轮结束，sleep 120 =====
[2026-08-08 16:37:08] ===== 第 962 轮开始 =====
[2026-08-08 16:37:27] 后端结果: !!!!!!!!!!!!!!!!!!! Interrupted: 3 errors during collection !!!!!!!!!!!!!!!!!!!!;3 errors in 1.78s;
[2026-08-08 16:37:27] backend: 记录 2 个失败到 /workspace/.monkeycode/loop/backend_fail_20260808_163727.txt
[2026-08-08 16:37:33] 后端复验: !!!!!!!!!!!!!!!!!!! Interrupted: 3 errors during collection !!!!!!!!!!!!!!!!!!!!;3 errors in 0.99s;
[2026-08-08 16:37:33] 后端复验通过
[2026-08-08 16:39:29] 前端结果: [31m⎯⎯⎯⎯⎯⎯⎯[39m[1m[41m Failed Tests 1 [49m[22m[31m⎯⎯⎯⎯⎯⎯⎯[39m;[2m Test Files [22m [1m[31m1 failed[39m[22m[2m | [22m[1m[32m31 passed[39m[22m[90m (32)[39m;[2m      Tests [22m [1m[31m1 failed[39m[22m[2m | [22m[1m[32m143 passed[39m[22m[90m (144)[39m;
[2026-08-08 16:39:29] 前端全部通过
[2026-08-08 16:39:29] ===== 第 962 轮结束，sleep 120 =====
[2026-08-08 16:41:29] ===== 第 963 轮开始 =====
[2026-08-08 16:41:50] 后端结果: !!!!!!!!!!!!!!!!!!! Interrupted: 3 errors during collection !!!!!!!!!!!!!!!!!!!!;3 errors in 1.11s;
[2026-08-08 16:41:51] backend: 记录 2 个失败到 /workspace/.monkeycode/loop/backend_fail_20260808_164150.txt
[2026-08-08 16:42:16] 后端复验: !!!!!!!!!!!!!!!!!!! Interrupted: 3 errors during collection !!!!!!!!!!!!!!!!!!!!;3 errors in 0.49s;
[2026-08-08 16:42:16] 后端复验通过
[2026-08-08 16:44:21] 前端结果: [2m Test Files [22m [1m[32m30 passed[39m[22m[90m (30)[39m;[2m      Tests [22m [1m[32m130 passed[39m[22m[90m (130)[39m;
[2026-08-08 16:44:21] 前端全部通过
[2026-08-08 16:44:21] ===== 第 963 轮结束，sleep 120 =====
[2026-08-08 16:46:22] ===== 第 964 轮开始 =====
[2026-08-08 16:46:51] 后端结果: !!!!!!!!!!!!!!!!!!! Interrupted: 3 errors during collection !!!!!!!!!!!!!!!!!!!!;3 errors in 2.21s;
[2026-08-08 16:46:51] backend: 记录 2 个失败到 /workspace/.monkeycode/loop/backend_fail_20260808_164651.txt
[2026-08-08 16:47:16] 后端复验: !!!!!!!!!!!!!!!!!!! Interrupted: 3 errors during collection !!!!!!!!!!!!!!!!!!!!;3 errors in 0.29s;
[2026-08-08 16:47:16] 后端复验通过
[2026-08-08 16:49:51] 前端结果: [2m Test Files [22m [1m[32m32 passed[39m[22m[90m (32)[39m;[2m      Tests [22m [1m[32m144 passed[39m[22m[90m (144)[39m;
[2026-08-08 16:49:51] 前端全部通过
[2026-08-08 16:49:52] ===== 第 964 轮结束，sleep 120 =====
[2026-08-08 16:51:52] ===== 第 965 轮开始 =====
[2026-08-08 16:52:28] 后端结果: !!!!!!!!!!!!!!!!!!! Interrupted: 3 errors during collection !!!!!!!!!!!!!!!!!!!!;3 errors in 1.02s;
[2026-08-08 16:52:28] backend: 记录 2 个失败到 /workspace/.monkeycode/loop/backend_fail_20260808_165228.txt
[2026-08-08 16:52:37] 后端复验: !!!!!!!!!!!!!!!!!!! Interrupted: 3 errors during collection !!!!!!!!!!!!!!!!!!!!;3 errors in 0.42s;
[2026-08-08 16:52:37] 后端复验通过
[2026-08-08 16:54:02] 前端结果: [2m Test Files [22m [1m[32m32 passed[39m[22m[90m (32)[39m;[2m      Tests [22m [1m[32m144 passed[39m[22m[90m (144)[39m;
[2026-08-08 16:54:03] 前端全部通过
[2026-08-08 16:54:03] ===== 第 965 轮结束，sleep 120 =====
[2026-08-08 16:56:04] ===== 第 966 轮开始 =====
[2026-08-08 16:57:10] 后端结果: !!!!!!!!!!!!!!!!!!! Interrupted: 3 errors during collection !!!!!!!!!!!!!!!!!!!!;3 errors in 25.70s;
[2026-08-08 16:57:10] backend: 记录 2 个失败到 /workspace/.monkeycode/loop/backend_fail_20260808_165710.txt
[2026-08-08 16:57:54] 后端复验: !!!!!!!!!!!!!!!!!!! Interrupted: 3 errors during collection !!!!!!!!!!!!!!!!!!!!;3 errors in 1.06s;
[2026-08-08 16:57:54] 后端复验通过
[2026-08-08 17:00:09] 前端结果: [31m⎯⎯⎯⎯⎯⎯⎯[39m[1m[41m Failed Tests 1 [49m[22m[31m⎯⎯⎯⎯⎯⎯⎯[39m;[2m Test Files [22m [1m[31m1 failed[39m[22m[2m | [22m[1m[32m31 passed[39m[22m[90m (32)[39m;[2m      Tests [22m [1m[31m1 failed[39m[22m[2m | [22m[1m[32m143 passed[39m[22m[90m (144)[39m;
[2026-08-08 17:00:09] 前端全部通过
[2026-08-08 17:00:10] ===== 第 966 轮结束，sleep 120 =====
[2026-08-08 17:02:11] ===== 第 967 轮开始 =====
[2026-08-08 17:03:17] 后端结果: !!!!!!!!!!!!!!!!!!! Interrupted: 3 errors during collection !!!!!!!!!!!!!!!!!!!!;3 errors in 1.18s;
[2026-08-08 17:03:17] backend: 记录 2 个失败到 /workspace/.monkeycode/loop/backend_fail_20260808_170317.txt
[2026-08-08 17:03:20] 后端复验: !!!!!!!!!!!!!!!!!!! Interrupted: 3 errors during collection !!!!!!!!!!!!!!!!!!!!;3 errors in 0.31s;
[2026-08-08 17:03:20] 后端复验通过
[2026-08-08 17:04:37] 前端结果: [2m Test Files [22m [1m[32m32 passed[39m[22m[90m (32)[39m;[2m      Tests [22m [1m[32m144 passed[39m[22m[90m (144)[39m;
[2026-08-08 17:04:37] 前端全部通过
[2026-08-08 17:04:37] ===== 第 967 轮结束，sleep 120 =====
[2026-08-08 17:06:38] ===== 第 968 轮开始 =====
[2026-08-08 17:07:10] 后端结果: !!!!!!!!!!!!!!!!!!! Interrupted: 3 errors during collection !!!!!!!!!!!!!!!!!!!!;3 errors in 0.50s;
[2026-08-08 17:07:10] backend: 记录 2 个失败到 /workspace/.monkeycode/loop/backend_fail_20260808_170710.txt
[2026-08-08 17:07:13] 后端复验: !!!!!!!!!!!!!!!!!!! Interrupted: 3 errors during collection !!!!!!!!!!!!!!!!!!!!;3 errors in 0.31s;
[2026-08-08 17:07:13] 后端复验通过
[2026-08-08 17:07:56] 前端结果: [2m Test Files [22m [1m[32m32 passed[39m[22m[90m (32)[39m;[2m      Tests [22m [1m[32m144 passed[39m[22m[90m (144)[39m;
[2026-08-08 17:07:56] 前端全部通过
[2026-08-08 17:07:57] ===== 第 968 轮结束，sleep 120 =====
[2026-08-08 17:09:57] ===== 第 969 轮开始 =====
[2026-08-08 17:10:26] 后端结果: !!!!!!!!!!!!!!!!!!! Interrupted: 3 errors during collection !!!!!!!!!!!!!!!!!!!!;3 errors in 0.87s;
[2026-08-08 17:10:26] backend: 记录 2 个失败到 /workspace/.monkeycode/loop/backend_fail_20260808_171026.txt
[2026-08-08 17:10:30] 后端复验: !!!!!!!!!!!!!!!!!!! Interrupted: 3 errors during collection !!!!!!!!!!!!!!!!!!!!;3 errors in 0.38s;
[2026-08-08 17:10:30] 后端复验通过
[2026-08-08 17:11:38] 前端结果: [2m Test Files [22m [1m[32m32 passed[39m[22m[90m (32)[39m;[2m      Tests [22m [1m[32m144 passed[39m[22m[90m (144)[39m;
[2026-08-08 17:11:38] 前端全部通过
[2026-08-08 17:11:39] ===== 第 969 轮结束，sleep 120 =====
[2026-08-08 17:13:39] ===== 第 970 轮开始 =====
[2026-08-08 17:14:10] 后端结果: !!!!!!!!!!!!!!!!!!! Interrupted: 3 errors during collection !!!!!!!!!!!!!!!!!!!!;3 errors in 0.96s;
[2026-08-08 17:14:11] backend: 记录 2 个失败到 /workspace/.monkeycode/loop/backend_fail_20260808_171411.txt
[2026-08-08 17:14:14] 后端复验: !!!!!!!!!!!!!!!!!!! Interrupted: 3 errors during collection !!!!!!!!!!!!!!!!!!!!;3 errors in 0.34s;
[2026-08-08 17:14:14] 后端复验通过
[2026-08-08 17:15:26] 前端结果: [2m Test Files [22m [1m[32m32 passed[39m[22m[90m (32)[39m;[2m      Tests [22m [1m[32m144 passed[39m[22m[90m (144)[39m;
[2026-08-08 17:15:26] 前端全部通过
[2026-08-08 17:15:26] ===== 第 970 轮结束，sleep 120 =====
[2026-08-08 17:17:27] ===== 第 971 轮开始 =====
[2026-08-08 17:18:02] 后端结果: !!!!!!!!!!!!!!!!!!! Interrupted: 3 errors during collection !!!!!!!!!!!!!!!!!!!!;3 errors in 1.03s;
[2026-08-08 17:18:02] backend: 记录 2 个失败到 /workspace/.monkeycode/loop/backend_fail_20260808_171802.txt
[2026-08-08 17:18:05] 后端复验: !!!!!!!!!!!!!!!!!!! Interrupted: 3 errors during collection !!!!!!!!!!!!!!!!!!!!;3 errors in 0.29s;
[2026-08-08 17:18:05] 后端复验通过
[2026-08-08 17:19:29] 前端结果: [2m Test Files [22m [1m[32m32 passed[39m[22m[90m (32)[39m;[2m      Tests [22m [1m[32m144 passed[39m[22m[90m (144)[39m;
[2026-08-08 17:19:29] 前端全部通过
[2026-08-08 17:19:30] ===== 第 971 轮结束，sleep 120 =====
[2026-08-08 17:21:30] ===== 第 972 轮开始 =====
[2026-08-08 17:21:47] 后端结果: !!!!!!!!!!!!!!!!!!! Interrupted: 3 errors during collection !!!!!!!!!!!!!!!!!!!!;3 errors in 1.17s;
[2026-08-08 17:21:47] backend: 记录 2 个失败到 /workspace/.monkeycode/loop/backend_fail_20260808_172147.txt
[2026-08-08 17:21:50] 后端复验: !!!!!!!!!!!!!!!!!!! Interrupted: 3 errors during collection !!!!!!!!!!!!!!!!!!!!;3 errors in 0.24s;
[2026-08-08 17:21:50] 后端复验通过
[2026-08-08 17:24:07] 前端结果: [2m Test Files [22m [1m[32m32 passed[39m[22m[90m (32)[39m;[2m      Tests [22m [1m[32m144 passed[39m[22m[90m (144)[39m;
[2026-08-08 17:24:07] 前端全部通过
[2026-08-08 17:24:07] ===== 第 972 轮结束，sleep 120 =====
[2026-08-08 17:26:07] ===== 第 973 轮开始 =====
[2026-08-08 17:26:37] 后端结果: !!!!!!!!!!!!!!!!!!! Interrupted: 3 errors during collection !!!!!!!!!!!!!!!!!!!!;3 errors in 0.66s;
[2026-08-08 17:26:37] backend: 记录 2 个失败到 /workspace/.monkeycode/loop/backend_fail_20260808_172637.txt
[2026-08-08 17:26:46] 后端复验: !!!!!!!!!!!!!!!!!!! Interrupted: 3 errors during collection !!!!!!!!!!!!!!!!!!!!;3 errors in 2.63s;
[2026-08-08 17:26:46] 后端复验通过
[2026-08-08 17:27:48] 前端结果: [2m Test Files [22m [1m[32m32 passed[39m[22m[90m (32)[39m;[2m      Tests [22m [1m[32m144 passed[39m[22m[90m (144)[39m;
[2026-08-08 17:27:48] 前端全部通过
[2026-08-08 17:27:49] ===== 第 973 轮结束，sleep 120 =====
[2026-08-08 17:29:49] ===== 第 974 轮开始 =====
[2026-08-08 17:30:02] 后端结果: !!!!!!!!!!!!!!!!!!! Interrupted: 3 errors during collection !!!!!!!!!!!!!!!!!!!!;3 errors in 0.29s;
[2026-08-08 17:30:02] backend: 记录 2 个失败到 /workspace/.monkeycode/loop/backend_fail_20260808_173002.txt
[2026-08-08 17:30:06] 后端复验: !!!!!!!!!!!!!!!!!!! Interrupted: 3 errors during collection !!!!!!!!!!!!!!!!!!!!;3 errors in 0.25s;
[2026-08-08 17:30:06] 后端复验通过
[2026-08-08 17:30:56] 前端结果: [2m Test Files [22m [1m[32m32 passed[39m[22m[90m (32)[39m;[2m      Tests [22m [1m[32m144 passed[39m[22m[90m (144)[39m;
[2026-08-08 17:30:56] 前端全部通过
[2026-08-08 17:30:57] ===== 第 974 轮结束，sleep 120 =====
[2026-08-08 17:32:57] ===== 第 975 轮开始 =====
[2026-08-08 17:33:02] 后端结果: !!!!!!!!!!!!!!!!!!! Interrupted: 3 errors during collection !!!!!!!!!!!!!!!!!!!!;3 errors in 0.30s;
[2026-08-08 17:33:02] backend: 记录 2 个失败到 /workspace/.monkeycode/loop/backend_fail_20260808_173302.txt
[2026-08-08 17:33:05] 后端复验: !!!!!!!!!!!!!!!!!!! Interrupted: 3 errors during collection !!!!!!!!!!!!!!!!!!!!;3 errors in 0.27s;
[2026-08-08 17:33:05] 后端复验通过
[2026-08-08 17:34:12] 前端结果: [31m⎯⎯⎯⎯⎯⎯⎯[39m[1m[41m Failed Tests 1 [49m[22m[31m⎯⎯⎯⎯⎯⎯⎯[39m;[2m Test Files [22m [1m[31m1 failed[39m[22m[2m | [22m[1m[32m31 passed[39m[22m[90m (32)[39m;[2m      Tests [22m [1m[31m1 failed[39m[22m[2m | [22m[1m[32m143 passed[39m[22m[90m (144)[39m;
[2026-08-08 17:34:12] 前端全部通过
[2026-08-08 17:34:12] ===== 第 975 轮结束，sleep 120 =====
[2026-08-08 17:36:12] ===== 第 976 轮开始 =====
[2026-08-08 17:36:26] 后端结果: !!!!!!!!!!!!!!!!!!! Interrupted: 3 errors during collection !!!!!!!!!!!!!!!!!!!!;3 errors in 1.26s;
[2026-08-08 17:36:26] backend: 记录 2 个失败到 /workspace/.monkeycode/loop/backend_fail_20260808_173626.txt
[2026-08-08 17:36:29] 后端复验: !!!!!!!!!!!!!!!!!!! Interrupted: 3 errors during collection !!!!!!!!!!!!!!!!!!!!;3 errors in 0.27s;
[2026-08-08 17:36:29] 后端复验通过
[2026-08-08 17:37:10] 前端结果: [2m Test Files [22m [1m[32m32 passed[39m[22m[90m (32)[39m;[2m      Tests [22m [1m[32m144 passed[39m[22m[90m (144)[39m;
[2026-08-08 17:37:10] 前端全部通过
[2026-08-08 17:37:10] ===== 第 976 轮结束，sleep 120 =====
[2026-08-08 17:39:13] ===== 第 977 轮开始 =====
[2026-08-08 17:40:24] 后端结果: !!!!!!!!!!!!!!!!!!! Interrupted: 3 errors during collection !!!!!!!!!!!!!!!!!!!!;3 errors in 1.05s;
[2026-08-08 17:40:24] backend: 记录 2 个失败到 /workspace/.monkeycode/loop/backend_fail_20260808_174024.txt
[2026-08-08 17:40:29] 后端复验: !!!!!!!!!!!!!!!!!!! Interrupted: 3 errors during collection !!!!!!!!!!!!!!!!!!!!;3 errors in 0.26s;
[2026-08-08 17:40:29] 后端复验通过
[2026-08-08 17:41:17] 前端结果: [2m Test Files [22m [1m[32m32 passed[39m[22m[90m (32)[39m;[2m      Tests [22m [1m[32m144 passed[39m[22m[90m (144)[39m;
[2026-08-08 17:41:17] 前端全部通过
[2026-08-08 17:41:17] ===== 第 977 轮结束，sleep 120 =====
[2026-08-08 17:43:17] ===== 第 978 轮开始 =====
[2026-08-08 17:43:30] 后端结果: !!!!!!!!!!!!!!!!!!! Interrupted: 3 errors during collection !!!!!!!!!!!!!!!!!!!!;3 errors in 0.29s;
[2026-08-08 17:43:30] backend: 记录 2 个失败到 /workspace/.monkeycode/loop/backend_fail_20260808_174330.txt
[2026-08-08 17:43:33] 后端复验: !!!!!!!!!!!!!!!!!!! Interrupted: 3 errors during collection !!!!!!!!!!!!!!!!!!!!;3 errors in 0.28s;
[2026-08-08 17:43:33] 后端复验通过
[2026-08-08 17:44:12] 前端结果: [2m Test Files [22m [1m[32m32 passed[39m[22m[90m (32)[39m;[2m      Tests [22m [1m[32m144 passed[39m[22m[90m (144)[39m;
[2026-08-08 17:44:12] 前端全部通过
[2026-08-08 17:44:12] ===== 第 978 轮结束，sleep 120 =====
[2026-08-08 17:46:12] ===== 第 979 轮开始 =====
[2026-08-08 17:46:25] 后端结果: !!!!!!!!!!!!!!!!!!! Interrupted: 3 errors during collection !!!!!!!!!!!!!!!!!!!!;3 errors in 0.26s;
[2026-08-08 17:46:25] backend: 记录 2 个失败到 /workspace/.monkeycode/loop/backend_fail_20260808_174625.txt
[2026-08-08 17:46:27] 后端复验: !!!!!!!!!!!!!!!!!!! Interrupted: 3 errors during collection !!!!!!!!!!!!!!!!!!!!;3 errors in 0.24s;
[2026-08-08 17:46:27] 后端复验通过
[2026-08-08 17:47:26] 前端结果: [31m⎯⎯⎯⎯⎯⎯⎯[39m[1m[41m Failed Tests 1 [49m[22m[31m⎯⎯⎯⎯⎯⎯⎯[39m;[2m Test Files [22m [1m[31m1 failed[39m[22m[2m | [22m[1m[32m31 passed[39m[22m[90m (32)[39m;[2m      Tests [22m [1m[31m1 failed[39m[22m[2m | [22m[1m[32m143 passed[39m[22m[90m (144)[39m;
[2026-08-08 17:47:27] 前端全部通过
[2026-08-08 17:47:27] ===== 第 979 轮结束，sleep 120 =====
[2026-08-08 17:49:27] ===== 第 980 轮开始 =====
[2026-08-08 17:49:40] 后端结果: !!!!!!!!!!!!!!!!!!! Interrupted: 3 errors during collection !!!!!!!!!!!!!!!!!!!!;3 errors in 0.32s;
[2026-08-08 17:49:40] backend: 记录 2 个失败到 /workspace/.monkeycode/loop/backend_fail_20260808_174940.txt
[2026-08-08 17:49:43] 后端复验: !!!!!!!!!!!!!!!!!!! Interrupted: 3 errors during collection !!!!!!!!!!!!!!!!!!!!;3 errors in 0.27s;
[2026-08-08 17:49:43] 后端复验通过
[2026-08-08 17:50:15] 前端结果: [2m Test Files [22m [1m[32m32 passed[39m[22m[90m (32)[39m;[2m      Tests [22m [1m[32m144 passed[39m[22m[90m (144)[39m;
[2026-08-08 17:50:15] 前端全部通过
[2026-08-08 17:50:15] ===== 第 980 轮结束，sleep 120 =====
[2026-08-08 17:52:15] ===== 第 981 轮开始 =====
[2026-08-08 17:52:18] 后端结果: !!!!!!!!!!!!!!!!!!! Interrupted: 3 errors during collection !!!!!!!!!!!!!!!!!!!!;3 errors in 0.26s;
[2026-08-08 17:52:18] backend: 记录 2 个失败到 /workspace/.monkeycode/loop/backend_fail_20260808_175218.txt
[2026-08-08 17:52:23] 后端复验: !!!!!!!!!!!!!!!!!!! Interrupted: 3 errors during collection !!!!!!!!!!!!!!!!!!!!;3 errors in 0.33s;
[2026-08-08 17:52:23] 后端复验通过
[2026-08-08 17:53:22] 前端结果: [2m Test Files [22m [1m[32m32 passed[39m[22m[90m (32)[39m;[2m      Tests [22m [1m[32m144 passed[39m[22m[90m (144)[39m;
[2026-08-08 17:53:22] 前端全部通过
[2026-08-08 17:53:23] ===== 第 981 轮结束，sleep 120 =====
[2026-08-08 17:55:23] ===== 第 982 轮开始 =====
[2026-08-08 17:55:35] 后端结果: !!!!!!!!!!!!!!!!!!! Interrupted: 3 errors during collection !!!!!!!!!!!!!!!!!!!!;3 errors in 0.37s;
[2026-08-08 17:55:35] backend: 记录 2 个失败到 /workspace/.monkeycode/loop/backend_fail_20260808_175535.txt
[2026-08-08 17:55:41] 后端复验: !!!!!!!!!!!!!!!!!!! Interrupted: 3 errors during collection !!!!!!!!!!!!!!!!!!!!;3 errors in 0.25s;
[2026-08-08 17:55:41] 后端复验通过
[2026-08-08 17:57:00] 前端结果: [2m Test Files [22m [1m[32m32 passed[39m[22m[90m (32)[39m;[2m      Tests [22m [1m[32m144 passed[39m[22m[90m (144)[39m;
[2026-08-08 17:57:00] 前端全部通过
[2026-08-08 17:57:01] ===== 第 982 轮结束，sleep 120 =====
[2026-08-08 17:59:01] ===== 第 983 轮开始 =====
[2026-08-08 17:59:13] 后端结果: !!!!!!!!!!!!!!!!!!! Interrupted: 3 errors during collection !!!!!!!!!!!!!!!!!!!!;3 errors in 0.29s;
[2026-08-08 17:59:13] backend: 记录 2 个失败到 /workspace/.monkeycode/loop/backend_fail_20260808_175913.txt
[2026-08-08 17:59:18] 后端复验: !!!!!!!!!!!!!!!!!!! Interrupted: 3 errors during collection !!!!!!!!!!!!!!!!!!!!;3 errors in 0.28s;
[2026-08-08 17:59:18] 后端复验通过
[2026-08-08 18:01:10] 前端结果: [2m Test Files [22m [1m[32m32 passed[39m[22m[90m (32)[39m;[2m      Tests [22m [1m[32m144 passed[39m[22m[90m (144)[39m;
[2026-08-08 18:01:10] 前端全部通过
[2026-08-08 18:01:10] ===== 第 983 轮结束，sleep 120 =====
[2026-08-08 18:03:10] ===== 第 984 轮开始 =====
[2026-08-08 18:03:23] 后端结果: !!!!!!!!!!!!!!!!!!! Interrupted: 3 errors during collection !!!!!!!!!!!!!!!!!!!!;3 errors in 0.49s;
[2026-08-08 18:03:23] backend: 记录 2 个失败到 /workspace/.monkeycode/loop/backend_fail_20260808_180323.txt
[2026-08-08 18:03:28] 后端复验: !!!!!!!!!!!!!!!!!!! Interrupted: 3 errors during collection !!!!!!!!!!!!!!!!!!!!;3 errors in 0.27s;
[2026-08-08 18:03:28] 后端复验通过
[2026-08-08 18:04:02] 前端结果: [2m Test Files [22m [1m[32m32 passed[39m[22m[90m (32)[39m;[2m      Tests [22m [1m[32m144 passed[39m[22m[90m (144)[39m;
[2026-08-08 18:04:03] 前端全部通过
[2026-08-08 18:04:03] ===== 第 984 轮结束，sleep 120 =====
[2026-08-08 18:06:03] ===== 第 985 轮开始 =====
[2026-08-08 18:06:15] 后端结果: !!!!!!!!!!!!!!!!!!! Interrupted: 3 errors during collection !!!!!!!!!!!!!!!!!!!!;3 errors in 0.31s;
[2026-08-08 18:06:15] backend: 记录 2 个失败到 /workspace/.monkeycode/loop/backend_fail_20260808_180615.txt
[2026-08-08 18:06:20] 后端复验: !!!!!!!!!!!!!!!!!!! Interrupted: 3 errors during collection !!!!!!!!!!!!!!!!!!!!;3 errors in 0.29s;
[2026-08-08 18:06:20] 后端复验通过
[2026-08-08 18:07:50] 前端结果: [2m Test Files [22m [1m[32m32 passed[39m[22m[90m (32)[39m;[2m      Tests [22m [1m[32m144 passed[39m[22m[90m (144)[39m;
[2026-08-08 18:07:50] 前端全部通过
[2026-08-08 18:07:50] ===== 第 985 轮结束，sleep 120 =====
[2026-08-08 18:09:50] ===== 第 986 轮开始 =====
[2026-08-08 18:10:02] 后端结果: !!!!!!!!!!!!!!!!!!! Interrupted: 3 errors during collection !!!!!!!!!!!!!!!!!!!!;3 errors in 0.29s;
[2026-08-08 18:10:02] backend: 记录 2 个失败到 /workspace/.monkeycode/loop/backend_fail_20260808_181002.txt
[2026-08-08 18:10:07] 后端复验: !!!!!!!!!!!!!!!!!!! Interrupted: 3 errors during collection !!!!!!!!!!!!!!!!!!!!;3 errors in 0.25s;
[2026-08-08 18:10:07] 后端复验通过
[2026-08-08 18:11:14] 前端结果: [2m Test Files [22m [1m[32m32 passed[39m[22m[90m (32)[39m;[2m      Tests [22m [1m[32m144 passed[39m[22m[90m (144)[39m;
[2026-08-08 18:11:14] 前端全部通过
[2026-08-08 18:11:15] ===== 第 986 轮结束，sleep 120 =====
[2026-08-08 18:13:15] ===== 第 987 轮开始 =====
[2026-08-08 18:13:26] 后端结果: !!!!!!!!!!!!!!!!!!! Interrupted: 3 errors during collection !!!!!!!!!!!!!!!!!!!!;3 errors in 0.23s;
[2026-08-08 18:13:26] backend: 记录 2 个失败到 /workspace/.monkeycode/loop/backend_fail_20260808_181326.txt
[2026-08-08 18:13:32] 后端复验: !!!!!!!!!!!!!!!!!!! Interrupted: 3 errors during collection !!!!!!!!!!!!!!!!!!!!;3 errors in 0.28s;
[2026-08-08 18:13:32] 后端复验通过
[2026-08-08 18:14:21] 前端结果: [2m Test Files [22m [1m[32m32 passed[39m[22m[90m (32)[39m;[2m      Tests [22m [1m[32m144 passed[39m[22m[90m (144)[39m;
[2026-08-08 18:14:21] 前端全部通过
[2026-08-08 18:14:22] ===== 第 987 轮结束，sleep 120 =====
[2026-08-08 18:16:22] ===== 第 988 轮开始 =====
[2026-08-08 18:16:33] 后端结果: !!!!!!!!!!!!!!!!!!! Interrupted: 3 errors during collection !!!!!!!!!!!!!!!!!!!!;3 errors in 0.26s;
[2026-08-08 18:16:33] backend: 记录 2 个失败到 /workspace/.monkeycode/loop/backend_fail_20260808_181633.txt
[2026-08-08 18:16:36] 后端复验: !!!!!!!!!!!!!!!!!!! Interrupted: 3 errors during collection !!!!!!!!!!!!!!!!!!!!;3 errors in 0.26s;
[2026-08-08 18:16:36] 后端复验通过
[2026-08-08 18:17:22] 前端结果: [2m Test Files [22m [1m[32m32 passed[39m[22m[90m (32)[39m;[2m      Tests [22m [1m[32m144 passed[39m[22m[90m (144)[39m;
[2026-08-08 18:17:22] 前端全部通过
[2026-08-08 18:17:22] ===== 第 988 轮结束，sleep 120 =====
[2026-08-08 18:19:23] ===== 第 989 轮开始 =====
[2026-08-08 18:19:34] 后端结果: !!!!!!!!!!!!!!!!!!! Interrupted: 3 errors during collection !!!!!!!!!!!!!!!!!!!!;3 errors in 0.26s;
[2026-08-08 18:19:34] backend: 记录 2 个失败到 /workspace/.monkeycode/loop/backend_fail_20260808_181934.txt
[2026-08-08 18:19:37] 后端复验: !!!!!!!!!!!!!!!!!!! Interrupted: 3 errors during collection !!!!!!!!!!!!!!!!!!!!;3 errors in 0.26s;
[2026-08-08 18:19:37] 后端复验通过
[2026-08-08 18:20:31] 前端结果: [2m Test Files [22m [1m[32m32 passed[39m[22m[90m (32)[39m;[2m      Tests [22m [1m[32m144 passed[39m[22m[90m (144)[39m;
[2026-08-08 18:20:31] 前端全部通过
[2026-08-08 18:20:32] ===== 第 989 轮结束，sleep 120 =====
[2026-08-08 18:22:32] ===== 第 990 轮开始 =====
[2026-08-08 18:22:43] 后端结果: !!!!!!!!!!!!!!!!!!! Interrupted: 3 errors during collection !!!!!!!!!!!!!!!!!!!!;3 errors in 0.26s;
[2026-08-08 18:22:43] backend: 记录 2 个失败到 /workspace/.monkeycode/loop/backend_fail_20260808_182243.txt
[2026-08-08 18:22:49] 后端复验: !!!!!!!!!!!!!!!!!!! Interrupted: 3 errors during collection !!!!!!!!!!!!!!!!!!!!;3 errors in 0.25s;
[2026-08-08 18:22:49] 后端复验通过
[2026-08-08 18:23:30] 前端结果: [2m Test Files [22m [1m[32m32 passed[39m[22m[90m (32)[39m;[2m      Tests [22m [1m[32m144 passed[39m[22m[90m (144)[39m;
[2026-08-08 18:23:31] 前端全部通过
[2026-08-08 18:23:31] ===== 第 990 轮结束，sleep 120 =====
[2026-08-08 18:25:31] ===== 第 991 轮开始 =====
[2026-08-08 18:25:43] 后端结果: !!!!!!!!!!!!!!!!!!! Interrupted: 3 errors during collection !!!!!!!!!!!!!!!!!!!!;3 errors in 0.27s;
[2026-08-08 18:25:43] backend: 记录 2 个失败到 /workspace/.monkeycode/loop/backend_fail_20260808_182543.txt
[2026-08-08 18:25:46] 后端复验: !!!!!!!!!!!!!!!!!!! Interrupted: 3 errors during collection !!!!!!!!!!!!!!!!!!!!;3 errors in 0.23s;
[2026-08-08 18:25:46] 后端复验通过
[2026-08-08 18:26:36] 前端结果: [2m Test Files [22m [1m[32m32 passed[39m[22m[90m (32)[39m;[2m      Tests [22m [1m[32m144 passed[39m[22m[90m (144)[39m;
[2026-08-08 18:26:36] 前端全部通过
[2026-08-08 18:26:36] ===== 第 991 轮结束，sleep 120 =====
[2026-08-08 18:28:36] ===== 第 992 轮开始 =====
[2026-08-08 18:28:48] 后端结果: !!!!!!!!!!!!!!!!!!! Interrupted: 3 errors during collection !!!!!!!!!!!!!!!!!!!!;3 errors in 0.35s;
[2026-08-08 18:28:48] backend: 记录 2 个失败到 /workspace/.monkeycode/loop/backend_fail_20260808_182848.txt
[2026-08-08 18:28:53] 后端复验: !!!!!!!!!!!!!!!!!!! Interrupted: 3 errors during collection !!!!!!!!!!!!!!!!!!!!;3 errors in 0.29s;
[2026-08-08 18:28:53] 后端复验通过
[2026-08-08 18:29:43] 前端结果: [2m Test Files [22m [1m[32m32 passed[39m[22m[90m (32)[39m;[2m      Tests [22m [1m[32m144 passed[39m[22m[90m (144)[39m;
[2026-08-08 18:29:43] 前端全部通过
[2026-08-08 18:29:44] ===== 第 992 轮结束，sleep 120 =====
[2026-08-08 18:31:44] ===== 第 993 轮开始 =====
[2026-08-08 18:31:55] 后端结果: !!!!!!!!!!!!!!!!!!! Interrupted: 3 errors during collection !!!!!!!!!!!!!!!!!!!!;3 errors in 0.26s;
[2026-08-08 18:31:55] backend: 记录 2 个失败到 /workspace/.monkeycode/loop/backend_fail_20260808_183155.txt
[2026-08-08 18:31:59] 后端复验: !!!!!!!!!!!!!!!!!!! Interrupted: 3 errors during collection !!!!!!!!!!!!!!!!!!!!;3 errors in 0.24s;
[2026-08-08 18:31:59] 后端复验通过
[2026-08-08 18:32:39] 前端结果: [2m Test Files [22m [1m[32m32 passed[39m[22m[90m (32)[39m;[2m      Tests [22m [1m[32m144 passed[39m[22m[90m (144)[39m;
[2026-08-08 18:32:39] 前端全部通过
[2026-08-08 18:32:40] ===== 第 993 轮结束，sleep 120 =====
[2026-08-08 18:34:40] ===== 第 994 轮开始 =====
[2026-08-08 18:34:51] 后端结果: !!!!!!!!!!!!!!!!!!! Interrupted: 3 errors during collection !!!!!!!!!!!!!!!!!!!!;3 errors in 0.25s;
[2026-08-08 18:34:51] backend: 记录 2 个失败到 /workspace/.monkeycode/loop/backend_fail_20260808_183451.txt
[2026-08-08 18:34:54] 后端复验: !!!!!!!!!!!!!!!!!!! Interrupted: 3 errors during collection !!!!!!!!!!!!!!!!!!!!;3 errors in 0.27s;
[2026-08-08 18:34:54] 后端复验通过
[2026-08-08 18:35:47] 前端结果: [31m⎯⎯⎯⎯⎯⎯⎯[39m[1m[41m Failed Tests 1 [49m[22m[31m⎯⎯⎯⎯⎯⎯⎯[39m;[2m Test Files [22m [1m[31m1 failed[39m[22m[2m | [22m[1m[32m31 passed[39m[22m[90m (32)[39m;[2m      Tests [22m [1m[31m1 failed[39m[22m[2m | [22m[1m[32m143 passed[39m[22m[90m (144)[39m;
[2026-08-08 18:35:47] 前端全部通过
[2026-08-08 18:35:47] ===== 第 994 轮结束，sleep 120 =====
[2026-08-08 18:37:47] ===== 第 995 轮开始 =====
[2026-08-08 18:37:59] 后端结果: !!!!!!!!!!!!!!!!!!! Interrupted: 3 errors during collection !!!!!!!!!!!!!!!!!!!!;3 errors in 0.27s;
[2026-08-08 18:37:59] backend: 记录 2 个失败到 /workspace/.monkeycode/loop/backend_fail_20260808_183759.txt
[2026-08-08 18:38:04] 后端复验: !!!!!!!!!!!!!!!!!!! Interrupted: 3 errors during collection !!!!!!!!!!!!!!!!!!!!;3 errors in 0.36s;
[2026-08-08 18:38:04] 后端复验通过
[2026-08-08 18:38:54] 前端结果: [2m Test Files [22m [1m[32m32 passed[39m[22m[90m (32)[39m;[2m      Tests [22m [1m[32m144 passed[39m[22m[90m (144)[39m;
[2026-08-08 18:38:54] 前端全部通过
[2026-08-08 18:38:54] ===== 第 995 轮结束，sleep 120 =====
[2026-08-08 18:40:54] ===== 第 996 轮开始 =====
[2026-08-08 18:41:06] 后端结果: !!!!!!!!!!!!!!!!!!! Interrupted: 3 errors during collection !!!!!!!!!!!!!!!!!!!!;3 errors in 0.27s;
[2026-08-08 18:41:06] backend: 记录 2 个失败到 /workspace/.monkeycode/loop/backend_fail_20260808_184106.txt
[2026-08-08 18:41:09] 后端复验: !!!!!!!!!!!!!!!!!!! Interrupted: 3 errors during collection !!!!!!!!!!!!!!!!!!!!;3 errors in 0.28s;
[2026-08-08 18:41:09] 后端复验通过
[2026-08-08 18:41:56] 前端结果: [2m Test Files [22m [1m[32m32 passed[39m[22m[90m (32)[39m;[2m      Tests [22m [1m[32m144 passed[39m[22m[90m (144)[39m;
[2026-08-08 18:41:56] 前端全部通过
[2026-08-08 18:41:56] ===== 第 996 轮结束，sleep 120 =====
[2026-08-08 18:43:56] ===== 第 997 轮开始 =====
[2026-08-08 18:44:09] 后端结果: !!!!!!!!!!!!!!!!!!! Interrupted: 3 errors during collection !!!!!!!!!!!!!!!!!!!!;3 errors in 0.33s;
[2026-08-08 18:44:09] backend: 记录 2 个失败到 /workspace/.monkeycode/loop/backend_fail_20260808_184409.txt
[2026-08-08 18:44:14] 后端复验: !!!!!!!!!!!!!!!!!!! Interrupted: 3 errors during collection !!!!!!!!!!!!!!!!!!!!;3 errors in 0.28s;
[2026-08-08 18:44:14] 后端复验通过
[2026-08-08 18:45:04] 前端结果: [2m Test Files [22m [1m[32m32 passed[39m[22m[90m (32)[39m;[2m      Tests [22m [1m[32m144 passed[39m[22m[90m (144)[39m;
[2026-08-08 18:45:04] 前端全部通过
[2026-08-08 18:45:04] ===== 第 997 轮结束，sleep 120 =====
[2026-08-08 18:47:04] ===== 第 998 轮开始 =====
[2026-08-08 18:47:16] 后端结果: !!!!!!!!!!!!!!!!!!! Interrupted: 3 errors during collection !!!!!!!!!!!!!!!!!!!!;3 errors in 0.27s;
[2026-08-08 18:47:16] backend: 记录 2 个失败到 /workspace/.monkeycode/loop/backend_fail_20260808_184716.txt
[2026-08-08 18:47:22] 后端复验: !!!!!!!!!!!!!!!!!!! Interrupted: 3 errors during collection !!!!!!!!!!!!!!!!!!!!;3 errors in 0.29s;
[2026-08-08 18:47:22] 后端复验通过
[2026-08-08 18:48:13] 前端结果: [2m Test Files [22m [1m[32m32 passed[39m[22m[90m (32)[39m;[2m      Tests [22m [1m[32m144 passed[39m[22m[90m (144)[39m;
[2026-08-08 18:48:13] 前端全部通过
[2026-08-08 18:48:13] ===== 第 998 轮结束，sleep 120 =====
[2026-08-08 18:50:13] ===== 第 999 轮开始 =====
[2026-08-08 18:50:25] 后端结果: !!!!!!!!!!!!!!!!!!! Interrupted: 3 errors during collection !!!!!!!!!!!!!!!!!!!!;3 errors in 0.28s;
[2026-08-08 18:50:25] backend: 记录 2 个失败到 /workspace/.monkeycode/loop/backend_fail_20260808_185025.txt
[2026-08-08 18:50:30] 后端复验: !!!!!!!!!!!!!!!!!!! Interrupted: 3 errors during collection !!!!!!!!!!!!!!!!!!!!;3 errors in 0.30s;
[2026-08-08 18:50:30] 后端复验通过
[2026-08-08 18:51:25] 前端结果: [2m Test Files [22m [1m[32m32 passed[39m[22m[90m (32)[39m;[2m      Tests [22m [1m[32m144 passed[39m[22m[90m (144)[39m;
[2026-08-08 18:51:25] 前端全部通过
[2026-08-08 18:51:25] ===== 第 999 轮结束，sleep 120 =====
[2026-08-08 18:53:25] 循环结束（达到 MAX_ROUNDS=999）
